Date,RMD_Anorexia Nervosa_NoM,RMD_Antisocial Personality Disorder_NoM,RMD_Autosarcophagy_NoM,RMD_Avoidant Personality Disorder_NoM,RMD_Boanthropy_NoM,RMD_Body Integrity Dysphoria_NoM,RMD_Brief Psychotic Disorder_NoM,RMD_Capgras Syndrome_NoM,RMD_Childhood Disintegrative Disorder_NoM,RMD_Chronic Traumatic Encephalopathy_NoM,RMD_Circadian Rhythm Sleep Wake Disorder_NoM,RMD_Cotard Syndrome_NoM,RMD_Cyclothymic Disorder_NoM,RMD_Delusional Disorder_NoM,RMD_Diogenes Syndrome_NoM,RMD_Disinhibited Social Engagement Disorder_NoM,RMD_Dissociative Amnesia_NoM,RMD_Dissociative Fugue_NoM,RMD_Ekbom Syndrome_NoM,RMD_Erotomania_NoM,RMD_Factitious Disorder_NoM,RMD_Fregoli Delusion_NoM,RMD_Ganser Syndrome_NoM,RMD_Hallucinogen Persisting Perception Disorder_NoM,RMD_Histrionic Personality Disorder_NoM,RMD_Hypergraphia_NoM,RMD_Hyperthymesia_NoM,RMD_Impulse Control Disorders_NoM,RMD_Intermetamorphosis Syndrome_NoM,RMD_Kleine Levin Syndrome_NoM,RMD_Kleptomania_NoM,RMD_Koro_NoM,RMD_Landau Kleffner Syndrome_NoM,RMD_Narcissistic Personality Disorder_NoM,RMD_Olfactory Reference Syndrome_NoM,RMD_Othello Syndrome_NoM,RMD_Palilalia_NoM,RMD_Postpartum Psychosis_NoM,RMD_Pyromania_NoM,RMD_Reactive Attachment Disorder_NoM,RMD_Reduplicative Paramnesia_NoM,RMD_Rumination Disorder_NoM,RMD_Savant Syndrome_NoM,RMD_Schizoaffective Disorder_NoM,RMD_Schizotypal Personality Disorder_NoM,RMD_Selective Mutism_NoM,RMD_Stendhal Syndrome_NoM,RMD_Wendigo Psychosis_NoM
2026-01-01,203.81085,828.6067,0.0,0.0,0.0,119.489944,0.0,0.0,147.42223,546.64954,0.0,0.0,347.7423,0.0,0.0,0.0,0.0,0.0,0.0,36.828598,205.61224,0.0,0.0,114.19756,0.0,0.0,144.69955,156.80133,0.0,0.0,0.0,0.0,0.0,520.3457,75.25448,25.625963,0.0,43.220276,85.789734,555.83057,0.0,130.03781,13.572138,47.078808,260.71335,37.4083,0.0,0.0
2026-02-01,198.48851,820.33057,0.0,0.0,0.760952,115.67664,0.0,0.0,127.31573,557.1744,0.0,0.0,321.35388,0.0,0.0,0.0,0.0,0.0,0.0,32.052734,180.89653,0.0,0.0,104.880936,0.0,0.0,118.4531,151.73764,0.0,0.0,0.0,0.0,0.0,500.70923,68.49873,21.59887,0.0,38.630276,70.2262,545.3084,0.0,122.78007,12.203785,43.504356,237.86443,37.4122,0.0,0.0
2026-03-01,199.82437,820.03595,0.0,0.0,1.6873837,114.94768,0.0,0.0,119.182144,561.3107,0.0,0.0,308.4737,0.0,0.0,0.0,0.0,0.0,0.0,30.070976,171.2635,0.0,0.0,101.509735,0.0,0.0,108.481186,150.1855,0.0,0.0,0.0,0.0,0.0,492.30276,65.995705,19.943012,0.0,36.678566,62.330254,543.09094,0.0,120.98339,11.122898,43.236282,229.3111,37.359314,0.0,0.0
2026-04-01,202.73795,821.7284,0.0,0.0,2.868719,115.04321,0.0,0.0,111.95447,565.4042,0.0,0.0,294.15143,0.0,0.0,0.0,0.0,0.0,1.9331493,27.955711,161.62753,0.0,0.0,98.828964,0.0,0.0,98.96292,148.44891,0.0,1.7886906,0.0,0.0,0.0,484.3761,63.275467,18.417664,0.0,35.104652,54.263077,541.6373,0.0,120.08675,9.91127,43.288292,221.36761,37.459164,0.0,0.0
2026-05-01,207.20694,828.2803,0.0,0.0,4.4001923,116.31622,0.0,0.0,105.13591,572.6266,0.0,0.0,278.5442,2.5796928,0.0,0.0,0.22496986,0.0,6.086952,25.605503,151.62749,0.0,0.0,96.4909,0.0,0.0,89.04858,146.63248,0.0,4.8595715,0.0,0.0,0.0,478.28888,60.2285,16.917887,0.0,33.94619,46.197643,541.9961,0.0,120.342285,8.58264,43.428844,213.5712,37.827053,0.0,0.0
2026-06-01,212.18454,837.57654,0.0,0.0,5.9914856,118.4179,0.0,0.0,99.79696,582.2358,0.0,0.0,265.15414,7.7148247,0.0,0.0,2.5786514,0.0,10.411921,23.577267,143.25354,0.0,0.0,94.75203,0.0,0.0,80.33923,145.18326,0.0,8.118513,0.0,0.0,2.0701885,474.70276,57.563187,15.630466,0.0,33.371807,39.81263,544.7526,0.0,121.153366,7.337677,43.47647,206.95518,38.377625,0.0,0.0
2026-07-01,216.40942,843.932,0.0,0.0,7.662199,121.561356,0.0,0.0,95.48476,591.03546,0.0,0.0,251.75894,13.731319,0.0,0.0,5.175974,0.0,14.811138,21.625282,135.16377,0.0,0.0,92.87244,0.0,0.0,72.206825,143.81618,0.0,11.743425,0.0,0.0,5.844078,470.69205,54.97559,14.412806,0.0,33.43387,34.440384,546.47314,0.0,122.051414,6.1117077,43.240913,200.1951,38.95547,0.0,0.0
2026-08-01,220.06537,847.1376,0.0,0.0,9.369598,125.33399,0.0,0.0,92.10907,598.2156,0.0,0.0,238.76303,20.587513,0.0,0.0,7.9436035,0.0,19.09418,19.775908,127.56763,0.0,0.0,90.927536,0.0,0.0,64.85864,142.5665,0.0,15.640865,0.0,0.0,9.708088,465.83447,52.591053,13.291431,0.0,33.972485,30.078287,546.93884,0.0,122.862816,4.909313,42.823746,193.53311,39.467644,0.0,0.0
2026-09-01,223.57529,848.4428,0.0,0.0,11.020954,128.79317,0.0,0.0,89.233826,603.0117,0.0,0.0,226.0484,28.462906,0.0,0.0,10.89806,0.0,23.343046,17.921638,120.27137,0.0,0.0,88.649,0.0,0.0,58.02986,141.50026,0.0,19.945358,0.55974007,0.0,13.668278,459.96765,50.204285,12.2491455,0.0,34.54625,26.22556,546.6328,0.0,123.314545,3.771347,42.23127,186.76338,39.647114,0.0,0.0
2026-10-01,226.56012,845.2788,0.0,0.0,12.694359,131.47177,0.0,0.0,86.1765,605.2719,0.0,0.0,213.2153,37.42937,1.412178,0.0,14.066639,0.0,27.985855,16.023987,112.85089,0.0,0.0,86.20862,0.0,0.0,51.603832,139.92213,0.0,24.56361,1.560524,0.0,17.88397,452.07172,47.728638,11.178516,0.0,34.809555,22.272177,544.0469,0.0,123.05003,2.6704865,41.508583,179.45111,39.528576,0.0,0.0
2026-11-01,229.15369,838.3055,0.0,0.0,14.278456,132.47777,0.0,0.0,82.73751,605.0856,0.0,0.0,201.70163,47.024555,3.4214668,0.0,17.150412,0.0,33.173843,14.234074,105.83287,0.0,0.0,83.93109,0.0,0.0,46.062077,137.9059,0.0,29.11367,2.4363022,0.0,22.22995,442.8878,45.217644,10.076641,0.0,34.41564,18.306816,538.90454,0.0,121.89307,1.6406193,40.76239,172.17538,39.173203,0.0,0.0
2026-12-01,230.90698,827.14307,0.0,0.0,15.682964,131.63371,0.0,0.0,78.46246,602.193,0.0,0.0,190.52565,57.493507,5.582823,0.0,20.107067,0.0,39.269882,12.417297,98.87514,0.0,0.0,81.521164,0.0,0.0,40.987907,135.12099,0.0,33.64111,3.2075024,0.0,27.001913,431.74982,42.58615,8.84963,0.0,33.266945,14.267349,531.11285,0.0,119.86058,0.6385002,39.97083,164.6565,38.635357,0.0,0.0
2027-01-01,232.987,811.2683,0.0,0.0,17.015242,128.82149,0.0,0.0,72.552826,595.6786,0.0,0.0,178.02913,70.56831,8.26585,0.0,23.464754,0.0,48.115883,10.467567,91.66909,0.0,0.0,79.103424,0.42284966,0.0,35.81186,131.84602,0.0,38.731667,4.042864,0.0,33.287895,417.4226,39.976654,7.278303,0.0,31.079607,9.848885,519.1019,0.0,116.99268,0.0,39.324013,156.5228,37.90133,0.0,0.0
2027-02-01,235.74213,795.33636,0.0,0.0,18.386524,126.01125,0.0,0.0,66.92114,589.10315,0.0,0.0,166.44186,85.53296,11.145702,0.0,27.006481,0.0,58.325,8.665348,85.14051,0.0,0.0,77.002426,1.0506668,0.0,31.197594,128.88467,0.0,44.066322,4.9020004,0.0,40.42578,403.74335,37.6009,5.7623177,0.0,28.89097,5.8801785,506.98315,0.0,114.49068,0.0,38.794792,149.25752,37.216618,0.0,0.0
2027-03-01,239.0103,783.69275,0.0,0.0,19.621897,123.49005,0.0,0.0,62.28305,584.46326,0.0,0.0,157.0637,100.893135,13.962486,0.0,30.34712,0.0,68.81348,7.1632366,79.715645,0.0,0.0,75.4892,1.6500797,0.0,27.485943,126.48043,0.0,49.02392,5.7270107,0.0,47.591522,392.854,35.60353,4.490631,0.0,26.985405,2.7459621,497.40485,0.0,112.62973,0.0,38.43215,143.53897,36.663044,0.0,0.0
2027-04-01,242.58865,773.8578,0.0,0.0,20.860775,121.75029,0.0,0.0,58.432533,580.80475,0.0,0.0,148.66025,117.47014,16.810947,0.0,33.65658,0.0,79.633736,5.789961,74.93242,0.0,0.0,74.14753,2.2986717,0.0,24.227722,124.488014,0.0,53.950363,6.5887527,0.0,55.101147,383.45325,33.84142,3.3494377,0.0,25.486738,0.11785126,489.2397,0.0,111.51243,0.0,38.156334,138.75723,36.25362,0.0,0.0
2027-05-01,247.1623,768.28064,0.0,0.0,22.238985,121.1346,0.0,0.0,55.221592,580.3242,0.0,0.0,141.08073,136.18011,19.775547,0.0,37.146942,0.0,91.120834,4.549141,70.78868,0.0,0.0,73.07689,3.0732765,0.0,21.302555,123.0626,0.0,59.13102,7.5394764,0.0,63.403347,376.04498,32.281723,2.3414364,0.0,24.428474,0.0,483.17252,0.0,111.460045,0.0,37.981052,134.94183,36.092766,0.0,0.0
2027-06-01,251.89764,766.35376,0.0,0.0,23.65593,121.51205,0.0,0.0,52.734665,582.4309,0.0,0.0,134.67566,155.55515,22.584587,0.0,40.64173,0.0,102.17317,3.4789104,67.32072,0.0,0.0,72.25728,3.8428898,0.0,18.80878,122.097275,0.0,64.19386,8.475182,0.0,71.75429,370.72888,30.944328,1.460125,0.0,23.798569,0.0,479.8241,0.0,112.1428,0.0,37.83348,132.03198,36.159424,0.0,0.0
2027-07-01,256.69714,765.3075,0.0,0.0,25.048008,122.82323,0.0,0.15992737,51.05116,584.0835,0.0,0.0,129.04112,175.23282,25.217823,0.0,44.11647,0.0,112.466965,2.5477715,64.48942,0.0,0.0,71.57696,4.6741047,0.0,16.740585,121.73127,0.0,69.15547,9.463058,0.0,79.60857,366.46167,29.914764,0.7537155,0.0,23.581284,0.0,477.48203,0.0,113.26137,0.0,37.87473,129.80928,36.253548,0.0,0.0
2027-08-01,261.8033,765.84094,0.0,0.0,26.491055,124.91662,0.0,0.93257713,49.923996,586.27185,0.0,0.0,123.83358,195.7728,27.794827,0.0,47.682487,0.0,122.14769,1.7028446,62.017887,0.0,0.0,70.97685,5.5864887,0.0,14.933777,121.84497,0.0,74.228165,10.538916,0.0,87.206116,363.0056,29.094486,0.15910721,0.0,23.695038,0.0,476.50693,0.0,114.827614,0.0,38.035774,128.03348,36.387726,0.0,0.0
2027-09-01,266.81497,768.57697,0.0,0.0,27.711668,127.38109,0.0,1.5100555,49.514492,588.2766,0.0,0.0,119.40762,214.10849,30.090866,0.0,50.904144,0.0,130.02478,0.9618931,60.05459,0.0,0.0,70.39866,6.526781,0.0,13.453941,122.5479,0.0,78.92335,11.567266,0.0,93.45439,360.6443,28.494904,0.0,0.0,24.031906,0.0,477.11182,0.0,116.70184,0.0,38.263817,126.875916,36.411076,0.0,0.0
2027-10-01,271.1916,770.09503,0.0,0.0,28.811304,129.84538,0.0,1.9806461,49.41573,588.5268,0.0,0.0,115.35975,230.31277,32.1819,0.0,53.827927,0.0,136.85536,0.28394127,58.283005,0.0,0.0,69.81658,7.4075203,0.0,12.18988,123.26269,0.0,83.147835,12.5109825,0.0,98.668106,358.14954,27.962002,0.0,0.0,24.383917,0.0,477.3133,0.0,118.471695,0.0,38.535496,125.80034,36.26733,0.0,0.0
2027-11-01,275.33942,769.7512,0.0,0.0,29.813698,131.76202,0.0,2.4256363,49.34031,586.7766,0.0,0.0,111.83072,245.13159,34.184006,0.0,56.408905,0.0,143.71266,0.0,56.66531,0.0,0.0,69.23503,8.185272,0.0,11.148632,123.98318,0.0,87.02906,13.349985,0.0,103.29338,355.39273,27.450119,0.0,0.0,24.52467,0.0,476.47192,0.0,119.87776,0.0,38.84401,124.78105,35.988434,0.0,0.0
2027-12-01,278.23727,766.0633,0.0,0.0,30.554949,132.62424,0.0,2.8212166,49.025642,582.20306,0.0,0.0,108.47548,257.8532,36.050014,0.0,58.423355,0.0,150.44196,0.0,54.917477,0.0,0.0,68.57135,8.790541,0.0,10.230225,124.197815,0.0,90.22563,14.001835,0.0,107.37775,351.74112,26.816277,0.0,0.0,24.35524,0.0,473.51654,0.0,120.64713,0.0,38.998795,123.4507,35.55471,0.0,0.0
2028-01-01,282.0077,759.4062,0.0,0.0,31.300362,132.1772,0.0,3.5635757,47.756832,574.9631,0.0,0.0,104.451096,273.89157,38.601646,0.0,60.815094,0.0,161.94008,0.0,52.713543,0.0,0.0,68.00433,9.353252,0.0,9.182228,124.06229,0.0,93.86118,14.689583,0.0,113.67909,346.48425,26.083893,0.0,0.0,23.482182,0.0,468.27997,0.0,120.99712,0.0,39.209236,121.66174,34.959465,0.0,0.0
2028-02-01,286.32043,751.9825,0.0,0.0,32.037834,130.93956,0.0,4.462158,46.10987,567.406,0.0,0.0,100.71997,291.29797,41.444515,0.0,63.269333,0.0,176.02579,0.0,50.540024,0.0,0.0,67.64127,9.849037,0.0,8.198776,123.74312,0.0,97.50757,15.35252,0.0,121.093834,341.11578,25.333656,0.0,0.0,22.277029,0.0,462.75397,0.0,121.08676,0.0,39.467102,119.95152,34.310246,0.0,0.0
2028-03-01,290.8953,746.2407,0.0,0.0,32.720406,129.604,0.0,5.381996,44.561928,561.3229,0.0,0.0,97.609146,307.97186,44.21375,0.0,65.601776,0.0,190.53133,0.0,48.621765,0.0,0.0,67.491806,10.305439,0.0,7.3555183,123.611465,0.0,100.82073,15.997559,0.0,128.35701,336.57806,24.692429,0.0,0.0,21.105251,0.0,458.40604,0.0,121.197556,0.0,39.762863,118.64296,33.72266,0.0,0.0
2028-04-01,294.99023,741.7057,0.0,0.0,33.413006,128.92838,0.0,6.2079124,43.311203,556.7268,0.0,0.0,94.69841,324.60553,46.81301,0.0,67.87462,0.0,204.09517,0.0,46.85578,0.0,0.0,67.32042,10.794933,0.0,6.5748596,123.46741,0.0,104.11384,16.642399,0.0,135.36703,332.7674,24.109406,0.0,0.0,20.257519,0.0,454.78186,0.0,121.705215,0.0,39.96576,117.60214,33.28563,0.0,0.0
2028-05-01,298.93338,739.4348,0.0,0.0,34.18543,128.99207,0.0,7.0079384,42.22669,554.059,0.0,0.0,91.84254,342.64832,49.439613,0.0,70.26188,0.0,217.65038,0.0,45.21118,0.0,0.0,67.15562,11.408962,0.0,5.80529,123.317055,0.0,107.72898,17.343647,0.0,142.74757,329.5871,23.535614,0.0,0.0,19.66551,0.0,451.8208,0.0,122.683685,0.0,40.13482,116.66667,33.003067,0.0,0.0
2028-06-01,301.79913,739.14014,0.0,0.0,34.81184,129.93411,0.0,7.6049156,41.65579,552.9591,0.0,0.0,89.758156,356.98376,51.37741,0.0,72.24292,0.0,227.63724,0.0,44.01546,0.0,0.0,67.05792,12.006474,0.0,5.214096,123.49696,0.0,110.613754,18.00497,0.0,148.48119,327.78397,23.122986,0.0,0.0,19.48907,0.0,450.6438,0.0,124.05963,0.0,40.263954,116.20523,32.93084,0.0,0.0
2028-07-01,303.62683,739.8193,0.0,0.0,35.369736,131.86891,0.0,7.995846,41.656868,552.3675,0.0,0.0,88.139114,368.73788,52.76583,0.0,73.99754,0.0,234.16284,0.0,43.118744,0.0,0.0,67.05114,12.58857,0.0,4.782341,123.83284,0.0,113.032715,18.649872,0.0,152.64606,327.02045,22.83537,0.0,0.0,19.7632,0.0,450.2624,0.0,125.72939,0.0,40.39179,115.9895,32.993397,0.0,0.0
2028-08-01,304.9556,740.9745,0.0,0.0,35.865807,134.45709,0.0,8.224121,42.03073,551.7803,0.0,0.0,86.65427,378.69153,53.8188,0.0,75.58627,0.0,238.12619,0.0,42.390053,0.0,0.0,67.02632,13.186497,0.0,4.43993,124.38513,0.0,115.20307,19.311413,0.0,155.63263,326.59647,22.652039,0.0,0.0,20.328962,0.0,450.43048,0.0,127.68133,0.0,40.546135,115.90787,33.07583,0.0,0.0
2028-09-01,306.37222,742.9646,0.0,0.0,36.309402,137.58963,0.0,8.29475,42.757046,551.10114,0.0,0.0,85.24993,386.52078,54.69332,0.0,77.13878,0.0,240.30391,0.0,41.774666,0.0,0.0,66.91763,13.800835,0.0,4.1145706,125.444305,0.0,117.39828,19.967838,0.0,157.58018,326.3512,22.548302,0.0,0.0,21.09283,0.0,451.46436,0.0,129.94287,0.0,40.735886,115.93342,33.091026,0.0,0.0
2028-10-01,307.38983,746.1775,0.0,0.0,36.729965,141.16183,0.0,8.201157,43.845245,551.07263,0.0,0.0,84.21415,391.0606,55.289017,0.0,78.55053,0.0,240.37135,0.0,41.26695,0.0,0.0,66.87296,14.305672,0.0,3.8896332,126.75653,0.0,119.364044,20.526054,0.0,158.19362,326.70743,22.476685,0.0,0.0,22.046827,0.0,453.4453,0.0,132.27306,0.0,40.94123,116.09972,33.126545,0.0,0.0
2028-11-01,307.991,748.18823,0.0,0.0,36.941906,143.28539,0.0,8.043423,44.609627,550.3895,0.0,0.0,83.8227,392.21545,55.385746,0.0,79.26091,0.0,239.3239,0.0,41.010242,0.0,0.0,66.8995,14.564041,0.0,3.8265,127.781364,0.0,120.16759,20.850876,0.0,157.8185,327.04028,22.4645,0.0,0.0,22.61951,0.0,454.97238,0.0,133.48668,0.0,41.109276,116.17271,33.10054,0.0,0.0
2028-12-01,308.01346,748.33105,0.0,0.0,36.977592,143.45818,0.0,8.021408,44.676617,550.31866,0.0,0.0,83.80248,392.43896,55.392044,0.0,79.31017,0.0,239.14752,0.0,40.973503,0.0,0.0,66.90693,14.56464,0.0,3.8196526,127.77905,0.0,120.23883,20.85791,0.0,157.764,327.08875,22.445831,0.0,0.0,22.663385,0.0,455.22302,0.0,133.50566,0.0,41.109272,116.145294,33.10334,0.0,0.0
