Date,RMD_Anorexia Nervosa_NoP,RMD_Antisocial Personality Disorder_NoP,RMD_Autosarcophagy_NoP,RMD_Avoidant Personality Disorder_NoP,RMD_Boanthropy_NoP,RMD_Body Integrity Dysphoria_NoP,RMD_Brief Psychotic Disorder_NoP,RMD_Capgras Syndrome_NoP,RMD_Childhood Disintegrative Disorder_NoP,RMD_Chronic Traumatic Encephalopathy_NoP,RMD_Circadian Rhythm Sleep Wake Disorder_NoP,RMD_Cotard Syndrome_NoP,RMD_Cyclothymic Disorder_NoP,RMD_Delusional Disorder_NoP,RMD_Diogenes Syndrome_NoP,RMD_Disinhibited Social Engagement Disorder_NoP,RMD_Dissociative Amnesia_NoP,RMD_Dissociative Fugue_NoP,RMD_Ekbom Syndrome_NoP,RMD_Erotomania_NoP,RMD_Factitious Disorder_NoP,RMD_Fregoli Delusion_NoP,RMD_Ganser Syndrome_NoP,RMD_Hallucinogen Persisting Perception Disorder_NoP,RMD_Histrionic Personality Disorder_NoP,RMD_Hypergraphia_NoP,RMD_Hyperthymesia_NoP,RMD_Impulse Control Disorders_NoP,RMD_Intermetamorphosis Syndrome_NoP,RMD_Kleine Levin Syndrome_NoP,RMD_Kleptomania_NoP,RMD_Koro_NoP,RMD_Landau Kleffner Syndrome_NoP,RMD_Narcissistic Personality Disorder_NoP,RMD_Olfactory Reference Syndrome_NoP,RMD_Othello Syndrome_NoP,RMD_Palilalia_NoP,RMD_Postpartum Psychosis_NoP,RMD_Pyromania_NoP,RMD_Reactive Attachment Disorder_NoP,RMD_Reduplicative Paramnesia_NoP,RMD_Rumination Disorder_NoP,RMD_Savant Syndrome_NoP,RMD_Schizoaffective Disorder_NoP,RMD_Schizotypal Personality Disorder_NoP,RMD_Selective Mutism_NoP,RMD_Stendhal Syndrome_NoP,RMD_Wendigo Psychosis_NoP
2026-01-01,243.75468,917.07556,2.204327,7.515415,25.052069,150.89755,0.13872519,12.837359,183.16382,626.44855,3.5327468,1.4018774,406.1391,16.950502,13.030207,2.0236483,18.716831,20.375286,19.513714,64.485016,254.04349,2.0190828,9.65608,146.23155,16.444305,3.241103,178.27458,189.57793,0.050058085,20.302675,19.40161,0.37737423,15.113971,593.2592,109.793564,54.090034,2.282744,72.43497,115.46179,658.2682,3.1589813,163.57028,39.660637,77.85801,319.9572,64.931076,7.905551,1.0784954
2026-02-01,238.43356,904.5892,2.1971173,7.817061,26.685816,146.64217,0.18246137,13.049948,165.3367,636.54584,3.9176536,1.3945924,377.52228,19.13919,13.946722,1.9746355,20.31444,18.528986,22.465223,59.42589,228.88797,2.0346062,9.783249,136.17984,17.0462,3.2570121,151.50288,183.98569,0.062368937,22.920849,19.985426,0.53706867,16.82433,569.5231,102.539185,49.85558,2.42886,67.56497,99.07691,642.57263,3.075665,157.03757,38.3061,73.70525,298.03857,65.091934,8.0062275,1.1653221
2026-03-01,240.38907,903.9421,2.1849067,8.024011,27.68637,145.52618,0.2354609,13.481222,157.93855,642.64813,4.2160444,1.4070967,363.34262,21.360281,14.892389,1.9731276,21.600311,17.586966,24.97346,57.48009,218.81625,2.0430062,9.867816,132.8587,17.566755,3.263675,141.44783,183.13338,0.069326386,24.735853,20.59676,0.6761816,18.451832,559.7734,100.142456,48.080242,2.6189406,65.31958,90.60986,637.8599,3.01763,155.64067,37.23359,73.174866,289.75055,65.220436,8.036532,1.2248371
2026-04-01,244.47165,906.2619,2.1670995,8.311787,28.978266,145.25465,0.31587106,14.109431,151.5135,650.302,4.6260977,1.4243114,347.9626,24.74465,16.269054,1.9947736,23.375156,16.59341,28.437387,55.42568,208.54048,2.0579944,9.996712,130.4864,18.289928,3.2736487,132.07233,182.68164,0.078673884,27.173435,21.428362,0.8755376,20.811039,551.32623,97.78756,46.439053,2.9134154,63.4471,82.007675,634.23364,2.957915,155.20206,36.019737,72.979485,282.01483,65.59377,8.046055,1.301345
2026-05-01,250.96318,916.6986,2.141212,8.708998,30.688015,146.23898,0.4243435,14.951358,145.74179,663.3595,5.209982,1.4484165,332.10794,29.70639,18.162352,2.0340989,25.785862,15.508804,33.223217,53.180706,198.06361,2.0779357,10.174592,128.875,19.249226,3.2936394,122.55223,182.78897,0.09073934,30.518978,22.470339,1.155907,24.18314,545.62726,95.36982,44.914368,3.3092053,62.010784,73.514275,633.9307,2.9082181,156.03891,34.682148,72.97626,274.8261,66.37709,8.05119,1.3991368
2026-06-01,258.38165,932.2331,2.1148903,9.130595,32.487328,148.11366,0.5396312,15.797678,141.5371,679.65643,5.878623,1.4702475,319.07278,35.60093,20.163387,2.081116,28.40476,14.564569,38.314037,51.284172,189.40198,2.1005769,10.378801,128.11229,20.275696,3.3167965,114.3032,183.39511,0.10371641,34.144203,23.575556,1.4720048,27.956385,543.38556,93.45873,43.683907,3.7140586,61.236473,66.88293,636.89856,2.8795621,157.41228,33.461365,73.06996,268.9207,67.40022,8.060093,1.5001512
2026-07-01,265.11392,946.5257,2.0931742,9.557417,34.402046,151.1361,0.6570956,16.565525,138.3449,695.61523,6.6492662,1.4849346,305.88855,42.606102,22.253817,2.1265574,31.316156,13.687535,43.601128,49.500683,181.06935,2.1245723,10.593673,127.206665,21.347021,3.3382473,106.53595,184.09389,0.117548086,38.237698,24.735714,1.8228861,32.05149,541.26416,91.67871,42.61315,4.1117234,61.153107,61.400402,639.6608,2.8759246,158.7902,32.276615,73.03694,262.9451,68.46322,8.074471,1.6059418
2026-08-01,271.22894,958.4105,2.077895,9.990425,36.379173,154.87898,0.77436095,17.223911,136.06,709.83044,7.490258,1.4913261,292.83105,50.68927,24.374613,2.167771,34.433453,12.898607,48.84362,47.835247,173.28113,2.1506906,10.826033,126.16544,22.46481,3.3560004,99.41941,184.89603,0.13209066,42.676987,25.952148,2.1973155,36.31591,538.8177,90.07533,41.69748,4.49339,61.60562,57.008324,641.6876,2.891527,159.93985,31.138433,72.9323,256.9721,69.44788,8.095564,1.7153813
2026-09-01,277.01617,968.7767,2.0687656,10.468305,38.318306,158.39755,0.89682436,17.774046,134.08174,720.44525,8.456785,1.4936612,280.1596,60.12748,26.601395,2.2020898,37.77688,12.175071,54.151604,46.179466,165.91074,2.1780937,11.076048,124.76768,23.693584,3.3723488,92.68274,185.66856,0.147152,47.632244,27.20394,2.6177084,40.78821,535.19775,88.45559,40.87034,4.8576417,62.08858,53.138023,642.67615,2.9126425,160.65564,30.072697,72.70501,250.66959,70.05138,8.133851,1.8363415
2026-10-01,282.04614,974.9694,2.0599954,10.938177,40.295673,161.2301,1.0354102,18.327702,131.8783,727.8945,9.503913,1.4977801,267.22388,71.05345,29.01918,2.246135,41.41802,11.465189,60.025948,44.473827,158.31743,2.204625,11.273459,123.19508,24.909445,3.388514,86.24783,185.9095,0.16246817,53.044178,28.440756,3.0917456,45.641422,529.7093,86.71321,39.991634,5.253803,62.27773,49.167046,641.53357,2.9186616,160.65805,29.034481,72.39736,243.6055,70.36729,8.172264,1.9610443
2026-11-01,286.19562,976.741,2.0458393,11.348331,42.176174,162.5115,1.191855,18.930868,129.27652,732.3277,10.511434,1.5070852,255.47388,82.88658,31.528973,2.3104565,45.05666,10.8141985,66.61246,42.834167,151.05357,2.2291358,11.366649,121.74821,25.982845,3.4023507,80.654434,185.64708,0.1767978,58.462883,29.568264,3.6016355,50.70015,523.2131,84.82062,39.036987,5.7143946,61.84928,45.172207,638.7086,2.8917854,159.82413,28.05241,72.08003,236.54439,70.484886,8.189703,2.0786595
2026-12-01,289.2327,974.0633,2.0195642,11.736185,43.863026,162.0112,1.3835275,19.642569,125.73381,733.68976,11.473376,1.5273781,244.07063,95.88939,34.236687,2.406113,48.69809,10.200156,74.37114,41.107605,143.74326,2.2517185,11.369491,120.13529,26.945263,3.4219832,75.51671,184.51761,0.19048625,63.927288,30.616314,4.181337,56.290516,514.66705,82.65779,37.90099,6.299549,60.69639,41.06983,633.67596,2.830035,158.13005,27.07955,71.72926,229.09953,70.468094,8.181673,2.194984
2027-01-01,292.92615,968.4525,1.969593,12.165955,45.499203,159.47064,1.6545929,20.752502,120.31826,733.81274,12.460791,1.5730294,231.24773,112.124344,37.61683,2.560711,52.96942,9.587839,85.64751,39.210506,135.95445,2.269032,11.27408,118.60289,27.927317,3.4586112,70.295074,183.10898,0.20423517,70.17148,31.800137,4.9551816,63.687916,502.9992,80.49992,36.39179,7.1568437,58.57503,36.529446,625.9079,2.7370741,155.57553,25.866903,71.697426,220.8759,70.32179,8.143299,2.327273
2027-02-01,297.46887,963.1344,1.9164822,12.595969,47.18658,156.93155,1.9613796,22.014858,115.10109,734.7943,13.473413,1.6237568,219.17993,130.80171,41.284023,2.7330017,57.535004,9.023142,98.81008,37.459633,128.868,2.2853649,11.172521,117.41791,28.911076,3.4967415,65.650444,182.17664,0.21753356,76.7856,33.058304,5.8487196,72.14234,492.03412,78.57961,34.93595,8.156567,56.481712,32.447166,618.5746,2.644177,153.36838,24.690578,71.87608,213.5166,70.23179,8.095714,2.4618223
2027-03-01,302.65585,961.5877,1.8653352,13.027353,48.71032,154.64555,2.2813134,23.303562,110.77501,737.36664,14.41069,1.6763935,209.47705,150.05765,44.88218,2.9147735,61.894733,8.538198,112.46999,36.01127,123.12113,2.3034856,11.077686,116.79588,29.860447,3.5371482,61.94455,181.70627,0.22965023,82.99437,34.29036,6.7887254,80.69489,483.6049,76.99931,33.731453,9.208637,54.684105,29.224857,613.6136,2.5622628,151.72444,23.58987,72.26466,207.80074,70.20162,8.052475,2.5932164
2027-04-01,308.3678,961.9865,1.8189013,13.484495,50.23772,153.15952,2.6103616,24.610498,107.24628,740.79736,15.33404,1.7258145,200.78105,170.82889,48.536564,3.0948486,66.24843,8.094063,126.683365,34.68545,118.08855,2.325158,11.030733,116.31942,30.86875,3.576753,58.69463,181.65375,0.2412848,89.17005,35.582874,7.7834053,89.689316,476.7523,75.647865,32.67557,10.318369,53.30071,26.526123,610.05884,2.4930644,150.78624,22.561392,72.77962,203.00139,70.27997,8.018146,2.7231908
2027-05-01,315.7941,968.30896,1.774836,14.012166,51.9376,152.79561,2.955021,25.99738,104.423416,748.0267,16.338223,1.7741048,193.05383,194.3927,52.366383,3.2697308,70.83194,7.677886,141.90436,33.503323,113.81439,2.3504405,11.053868,116.203026,32.02907,3.6184075,55.80002,182.32039,0.25308794,95.66225,37.0048,8.888163,99.63878,472.37076,74.53513,31.786758,11.504146,52.37105,24.29591,609.17694,2.4415655,150.88493,21.59676,73.447876,199.40678,70.60807,7.993933,2.861171
2027-06-01,323.53384,978.6794,1.7374566,14.539129,53.677086,153.43405,3.287478,27.319376,102.361435,758.03503,17.34246,1.8168361,186.46542,218.84932,56.024956,3.4332867,75.39469,7.3080215,156.71458,32.498405,110.233604,2.378321,11.114774,116.3327,33.181717,3.655772,53.3242,183.34808,0.26460916,102.01113,38.40676,10.008451,109.699295,470.22476,73.63896,31.038074,12.656784,51.875317,22.4464,610.9179,2.4026883,151.72813,20.72867,74.11961,196.7848,71.13616,7.9789133,2.9938197
2027-07-01,331.1411,988.6094,1.708822,15.073758,55.385033,155.0262,3.5912623,28.526337,101.08769,767.0326,18.346575,1.8531878,180.47586,243.7574,59.4494,3.5772545,79.822495,6.9838743,170.56525,31.636028,107.28491,2.4072518,11.205931,116.47502,34.390053,3.6897824,51.240063,184.89075,0.27540246,108.19771,39.856983,11.102285,119.24672,468.8583,73.08522,30.474213,13.714496,51.809986,20.928944,613.2807,2.3808246,152.9446,19.939562,74.93721,194.703,71.57948,7.983613,3.1216006
2027-08-01,339.10147,999.7394,1.689455,15.642085,57.14922,157.4423,3.8813987,29.655643,100.38591,776.06805,19.36088,1.8850548,174.79483,269.73676,62.787518,3.7053993,84.298035,6.690604,183.67911,30.861694,104.71001,2.439839,11.343462,116.61951,35.696617,3.7225769,49.399605,186.88141,0.28658655,114.4588,41.401627,12.198254,128.5877,468.16187,72.75165,30.026402,14.736056,52.097023,19.63625,616.647,2.3707228,154.54773,19.235626,75.876526,193.04288,72.00461,8.010752,3.254348
2027-09-01,346.5128,1011.41016,1.6784195,16.2373,58.644875,160.17508,4.1343765,30.533474,100.29658,782.31354,20.322987,1.9112108,169.99316,293.0835,65.69079,3.8133368,88.27428,6.4438043,194.3455,30.187094,102.68396,2.4740615,11.504704,116.61372,37.024765,3.7561316,47.86844,189.0629,0.29711592,120.23555,42.83261,13.187784,136.42561,467.90616,72.5753,29.767185,15.555522,52.605568,18.64061,620.31384,2.3716223,156.35321,18.611502,76.813705,191.79297,72.17694,8.066895,3.3866355
2027-10-01,352.65558,1019.66925,1.6735678,16.803577,59.98014,162.8903,4.3635163,31.271122,100.47465,784.8932,21.185583,1.9331394,165.44005,313.81357,68.27503,3.9109108,91.85556,6.2178855,203.55342,29.554874,100.80055,2.5090055,11.658012,116.423195,38.271835,3.7862458,46.538322,191.00089,0.3072061,125.44369,44.13006,14.079129,143.061,466.8921,72.40379,29.59143,16.265305,53.135742,17.754116,622.4058,2.3736947,158.01222,18.042349,77.720024,190.41353,72.09765,8.138158,3.511193
2027-11-01,357.74786,1023.5177,1.670866,17.303934,61.18584,165.05344,4.583861,31.961975,100.65215,784.11505,21.943424,1.9534088,161.40863,332.79755,70.71819,4.009043,95.041794,6.015607,212.69133,28.983475,99.0463,2.5423262,11.766603,116.11333,39.381733,3.8109665,45.431496,192.83525,0.3163444,130.25218,45.27593,14.909447,148.939,465.18073,72.19412,29.45248,16.95956,53.44057,16.91332,622.954,2.3685956,159.37859,17.52879,78.591255,188.98077,71.84851,8.207579,3.6232781
2027-12-01,360.85187,1021.7179,1.6642818,17.734303,62.077656,166.0835,4.808713,32.589363,100.512474,779.1706,22.518606,1.9741135,157.595,348.93658,72.965805,4.123198,97.593155,5.8227386,221.55368,28.4017,97.13365,2.5741782,11.799324,115.570946,40.278557,3.8323026,44.463737,193.92079,0.32483888,134.2192,46.19013,15.665962,154.07137,461.9112,71.73769,29.290106,17.676884,53.408794,16.095154,620.8306,2.3514576,160.12737,17.029743,79.241264,187.17108,71.41186,8.258894,3.7207623
2028-01-01,365.06708,1017.7767,1.6457164,18.19476,62.98709,165.62914,5.136914,33.67928,99.2564,773.3037,23.049809,2.0131676,153.01738,368.86514,76.10647,4.2913966,100.74264,5.6070423,236.83133,27.725718,94.723434,2.6046238,11.754107,115.22316,41.15707,3.86259,43.4042,194.97906,0.33404613,138.8497,47.198784,16.707666,161.81895,456.80792,71.190346,28.941956,18.794567,52.66059,15.024271,617.2951,2.312376,160.57553,16.441263,80.12592,184.95369,70.83446,8.286237,3.8312542
2028-02-01,369.86783,1013.32684,1.6248465,18.641315,63.88445,164.33311,5.5114884,34.982327,97.561424,767.9959,23.525309,2.0589504,148.6838,390.3105,79.647224,4.4755583,104.04055,5.396413,255.69768,27.07142,92.3538,2.6328874,11.677958,115.16882,41.971596,3.8940406,42.438904,196.03941,0.34329334,143.54912,48.214016,17.88827,170.85526,451.52472,70.63194,28.533981,20.128773,51.54843,13.89854,613.7798,2.259753,160.85703,15.876471,81.100365,182.89624,70.23488,8.299999,3.942428
2028-03-01,375.0313,1010.75995,1.605471,19.080952,64.70493,162.9219,5.892718,36.310688,95.94788,764.4938,23.904558,2.1057475,145.0393,410.65787,83.09896,4.663516,107.16738,5.208069,275.2283,26.52692,90.31474,2.6614022,11.603849,115.37837,42.73832,3.9268157,41.634834,197.24277,0.35226926,147.82336,49.19892,19.080147,179.72421,447.191,70.19227,28.157948,21.509192,50.45275,12.892067,611.46326,2.207809,161.16075,15.353773,82.12203,181.3536,69.70433,8.313434,4.053062
2028-04-01,379.9533,1009.93976,1.588887,19.5397,65.5446,162.18733,6.2460175,37.521618,94.68561,762.66187,24.302273,2.1463883,141.71477,430.82812,86.35127,4.8358035,110.16713,5.0329328,293.52594,26.032429,88.45204,2.69071,11.569019,115.53867,43.538506,3.9596837,40.8997,198.32826,0.36144283,151.9886,50.17871,20.229828,188.28638,443.86636,69.79252,27.84401,22.815983,49.69383,12.066632,610.0124,2.1686277,161.82698,14.880811,82.98851,180.22664,69.330574,8.328457,4.1609964
2028-05-01,385.1136,1012.4764,1.5744395,20.081049,66.496506,162.17917,6.5939393,38.720985,93.62723,762.97614,24.786018,2.1863546,138.56693,452.75897,89.6479,4.9988623,113.27805,4.861658,311.80463,25.560284,86.727684,2.7230115,11.59042,115.66884,44.496384,3.9964893,40.18802,199.3856,0.37137797,156.49979,51.239086,21.438633,197.27052,441.38315,69.4057,27.607666,24.147936,49.211853,11.399411,609.3781,2.1433635,162.94254,14.435104,83.808655,179.42102,69.12404,8.353891,4.280436
2028-06-01,388.9065,1016.14795,1.5647982,20.591778,67.25863,163.0475,6.8633857,39.629276,93.13931,764.463,25.207724,2.2159352,136.26501,469.78506,92.06017,5.1373267,115.72078,4.7248144,325.19656,25.205013,85.44432,2.756397,11.654779,115.77146,45.401073,4.02963,39.641228,200.44424,0.38131016,159.97229,52.192158,22.397074,204.19447,440.29843,69.15802,27.492086,25.167706,49.147163,10.979268,610.0365,2.1368768,164.39986,14.053584,84.46596,179.08676,69.100136,8.389936,4.385184
2028-07-01,391.44067,1019.8283,1.5606339,21.049671,67.930466,164.94548,7.0460367,40.24557,93.296555,766.26855,25.623468,2.2335393,134.40173,483.55414,93.76442,5.2427983,117.696655,4.6117496,333.83362,24.935078,84.45596,2.788121,11.73838,115.86034,46.241356,4.0556974,39.238403,201.48615,0.39066592,162.72823,53.074505,23.110987,209.14778,440.2186,69.025734,27.499695,25.846462,49.561424,10.741877,611.26355,2.1484988,166.07352,13.715566,84.990654,179.02032,69.1744,8.430113,4.4737654
2028-08-01,393.3927,1023.34375,1.5619371,21.4958,68.52518,167.51576,7.170326,40.644524,93.85462,767.4283,26.035196,2.2432513,132.62679,495.04117,95.01475,5.3194056,119.36174,4.5148315,338.9264,24.702877,83.63484,2.820496,11.848574,115.82461,47.083702,4.0774536,38.913,202.65045,0.3998708,165.07602,53.948334,23.65907,212.69312,440.421,68.98997,27.583782,26.296606,50.293674,10.61524,612.7081,2.1721034,167.9465,13.417913,85.4893,179.08478,69.22558,8.478579,4.5562234
2028-09-01,395.1587,1027.2175,1.5687869,21.944427,69.05452,170.63889,7.2434936,40.828987,94.75114,767.3837,26.483349,2.2467737,130.92024,504.0103,95.979935,5.3691406,120.8798,4.4298987,341.46738,24.485384,82.91789,2.8532119,11.972128,115.640724,47.94425,4.09493,38.579567,204.20724,0.4088993,167.39983,54.773235,24.066769,215.03047,440.7915,69.04619,27.746454,26.490185,51.238594,10.543712,614.5324,2.205,170.07764,13.152864,85.997665,179.15579,69.15513,8.543408,4.6365557
2028-10-01,396.03815,1031.0928,1.5807449,22.30757,69.543396,174.24043,7.255918,40.77928,96.04644,767.0013,26.88473,2.2426085,129.58943,508.96225,96.563,5.392177,122.17128,4.359388,341.06836,24.329628,82.3387,2.8839104,12.082542,115.419205,48.65577,4.104217,38.342,205.86967,0.4171702,169.3878,55.44228,24.260513,215.7822,441.66855,69.1195,28.007755,26.42893,52.388733,10.557373,616.7428,2.2448072,172.27261,12.931499,86.44544,179.32747,69.08229,8.615238,4.7031627
2028-11-01,395.85538,1031.5067,1.5914977,22.454954,69.769936,176.39276,7.2347984,40.612003,96.94008,765.49805,27.066906,2.2364106,128.93193,509.94278,96.603516,5.396691,122.77932,4.324787,339.48822,24.279554,82.02774,2.9021373,12.132666,115.258484,49.006943,4.103797,38.257168,207.12057,0.42225903,170.10927,55.801414,24.2745,215.32803,442.19873,69.18314,28.175974,26.266474,53.071117,10.571844,617.99786,2.2665951,173.44101,12.826988,86.69107,179.29839,68.97755,8.66313,4.731601
2028-12-01,395.711,1031.392,1.5922568,22.451504,69.80724,176.5853,7.231529,40.586586,97.024574,765.28656,27.087006,2.2352958,128.89311,510.24942,96.60431,5.3963647,122.827515,4.321085,339.26297,24.269413,81.9793,2.902596,12.128969,115.245155,49.010307,4.1021996,38.2479,207.12735,0.42238885,170.20706,55.8124,24.271332,215.27547,442.22787,69.166885,28.192724,26.251184,53.12676,10.568193,618.11487,2.2672522,173.48038,12.820491,86.68928,179.22194,68.97379,8.664792,4.7319083
