Rank,RMD,PT,BRGI_Score,Mean_Gap,Max_Gap,Positive_Gap_Months,RMD_Burden,PT_Readiness
1,RMD_Hallucinogen Persisting Perception Disorder,PT_Memory Retrieval Techniques,0.6770496230635773,0.6770496230635773,0.6806682451873496,36,0.6878894775854928,0.010839854521915463
2,RMD_Antisocial Personality Disorder,PT_Memory Retrieval Techniques,0.6761798347760192,0.6761798347760192,0.6802591802988108,36,0.6870196892979348,0.010839854521915463
3,RMD_Postpartum Psychosis,PT_Digital Imaging Technologies For Brain Scanning,0.6626013446671855,0.6626013446671855,0.7154072627730863,36,0.7183669958120321,0.0557656511448467
4,RMD_Antisocial Personality Disorder,PT_Lithium Therapy,0.6574763334516252,0.6574763334516252,0.6632502815920446,36,0.6870196892979348,0.029543355846309533
5,RMD_Factitious Disorder,PT_Cognitive Enhancement Programs,0.6391966933009172,0.6391966933009172,0.6454109625435129,36,0.6809903165995808,0.04179362329866352
6,RMD_Factitious Disorder,PT_Blockchain For Data Protection,0.6304394742498491,0.6304394742498491,0.637059876502374,36,0.6809903165995808,0.05055084234973161
7,RMD_Chronic Traumatic Encephalopathy,PT_Blockchain For Data Protection,0.6281681822578149,0.6281681822578149,0.6317947058697861,36,0.6787190246075465,0.05055084234973161
8,RMD_Dissociative Fugue,PT_Vocal And Speech Biomarkers,0.6220279461092055,0.6220279461092055,0.6315964486218952,36,0.6295874056315989,0.00755945952239323
9,RMD_Antisocial Personality Disorder,PT_Dietary Interventions And Supplements,0.6063933418478231,0.6063933418478231,0.6248443805629974,36,0.6870196892979348,0.08062634745011153
10,RMD_Chronic Traumatic Encephalopathy,PT_Dietary Interventions And Supplements,0.5980926771574349,0.5980926771574349,0.612932213603237,36,0.6787190246075465,0.08062634745011153
11,RMD_Selective Mutism,PT_Deep Brain Stimulation,0.5865678472368315,0.5865678472368315,0.6133557210233326,36,0.8604658235848102,0.27389797634797874
12,RMD_Selective Mutism,PT_Transcranial Direct Current Stimulation,0.5841054993934819,0.5841054993934819,0.5908979381559171,36,0.8604658235848102,0.27636032419132833
13,RMD_Schizotypal Personality Disorder,PT_Cultural Psychiatry Interventions,0.5837583180504281,0.5837583180504281,0.5930397356907969,36,0.6605032043836859,0.07674488633325781
14,RMD_Narcissistic Personality Disorder,PT_Dietary Interventions And Supplements,0.5814391296616807,0.5814391296616807,0.5912575298540232,36,0.6620654771117923,0.08062634745011153
15,RMD_Selective Mutism,PT_Electroencephalography,0.5650023717249031,0.5650023717249031,0.5861118401275058,36,0.8604658235848102,0.2954634518599072
16,RMD_Hallucinogen Persisting Perception Disorder,PT_Neurofeedback Systems,0.5616302427557448,0.5616302427557448,0.563205813301128,36,0.6878894775854928,0.12625923482974802
17,RMD_Body Integrity Dysphoria,PT_Reality Testing Techniques,0.560256471746094,0.560256471746094,0.5687214091096428,36,0.5670019260395676,0.00674545429347344
18,RMD_Body Integrity Dysphoria,PT_Sleep Pattern Monitoring And Manipulation,0.5513151269527878,0.5513151269527878,0.5660164238785981,36,0.5670019260395676,0.015686799086779748
19,RMD_Kleptomania,PT_Speech Language Therapy,0.5498438777692886,0.5498438777692886,0.5871592778335513,36,0.7412501146256589,0.19140623685637032
20,RMD_Selective Mutism,PT_Brain Computer Interface,0.5485575500890758,0.5485575500890758,0.5667440856487203,36,0.8604658235848102,0.31190827349573447
21,RMD_Selective Mutism,PT_Immunotherapy For Neuropsychiatric Disorders,0.5430009089528511,0.5430009089528511,0.596426939353671,36,0.8604658235848102,0.3174649146319591
22,RMD_Hallucinogen Persisting Perception Disorder,PT_Anticonvulsant Therapy,0.5420440891369029,0.5420440891369029,0.5568904594778031,36,0.6878894775854928,0.14584538844858985
23,RMD_Childhood Disintegrative Disorder,PT_Cognitive Assistive Technologies,0.5409692699621133,0.5409692699621133,0.5420917813739589,36,0.5684444767393493,0.027475206777235917
24,RMD_Selective Mutism,PT_Cognitive Behavioral Therapy,0.5398042015107449,0.5398042015107449,0.5584779303726874,36,0.8604658235848102,0.32066162207406523
25,RMD_Factitious Disorder,PT_Art Therapy,0.539185616456763,0.539185616456763,0.5505538686122621,36,0.6809903165995808,0.14180470014281774
26,RMD_Capgras Syndrome,PT_Reality Testing Techniques,0.5361686587282307,0.5361686587282307,0.5577700333000226,36,0.5429141130217041,0.00674545429347344
27,RMD_Selective Mutism,PT_Transcranial Magnetic Stimulation,0.5357896341432969,0.5357896341432969,0.5543627781385161,36,0.8604658235848102,0.3246761894415133
28,RMD_Body Integrity Dysphoria,PT_Neuroplasticity Techniques,0.5349255502466945,0.5349255502466945,0.5489860131753558,36,0.5670019260395676,0.03207637579287303
29,RMD_Schizotypal Personality Disorder,PT_Neurofeedback Systems,0.5342439695539379,0.5342439695539379,0.5419426215579515,36,0.6605032043836859,0.12625923482974802
30,RMD_Landau Kleffner Syndrome,PT_Cognitive Assistive Technologies,0.5315957191999225,0.5315957191999225,0.5548725123714253,36,0.5590709259771585,0.027475206777235917
31,RMD_Hyperthymesia,PT_Augmentative Communication Devices,0.5277711330116324,0.5277711330116324,0.5339624337563122,36,0.6444958709212335,0.11672473790960115
32,RMD_Antisocial Personality Disorder,PT_Psychoeducation Programs,0.5152216585285166,0.5152216585285166,0.5325849798385657,36,0.6870196892979348,0.17179803076941802
33,RMD_Dissociative Amnesia,PT_Reality Testing Techniques,0.5142579860014942,0.5142579860014942,0.5159775535121767,36,0.5210034402949676,0.00674545429347344
34,RMD_Postpartum Psychosis,PT_Psilocybin Assisted Therapy,0.5142072282723525,0.5142072282723525,0.5208876553762893,36,0.7183669958120321,0.2041597675396795
35,RMD_Anorexia Nervosa,PT_Augmentative Communication Devices,0.5097923033637496,0.5097923033637496,0.5119866801109663,36,0.6265170412733507,0.11672473790960115
36,RMD_Chronic Traumatic Encephalopathy,PT_Psychoeducation Programs,0.5069209938381285,0.5069209938381285,0.5206728128788053,36,0.6787190246075465,0.17179803076941802
37,RMD_Ekbom Syndrome,PT_Vocal And Speech Biomarkers,0.5043903847813893,0.5043903847813893,0.5251285528678034,36,0.5119498443037827,0.00755945952239323
38,RMD_Narcissistic Personality Disorder,PT_Stem Cell Therapy For Neurological Disorders,0.501403415789439,0.501403415789439,0.512420368396573,36,0.6620654771117923,0.16066206132235314
39,RMD_Ekbom Syndrome,PT_Memory Retrieval Techniques,0.5011099897818672,0.5011099897818672,0.5124202843671415,36,0.5119498443037827,0.010839854521915463
40,RMD_Antisocial Personality Disorder,PT_Speech Language Therapy,0.49561345244156435,0.49561345244156435,0.4986922312697711,36,0.6870196892979348,0.19140623685637032
41,RMD_Ekbom Syndrome,PT_Secure Data Storage For Patient Records,0.49210350168558925,0.49210350168558925,0.5121200597158927,36,0.5119498443037827,0.019846342618193333
42,RMD_Narcissistic Personality Disorder,PT_Psychoeducation Programs,0.4902674463423742,0.4902674463423742,0.4975896536877623,36,0.6620654771117923,0.17179803076941802
43,RMD_Factitious Disorder,PT_Speech Language Therapy,0.48958407974321033,0.48958407974321033,0.4932644833753017,36,0.6809903165995808,0.19140623685637032
44,RMD_Ganser Syndrome,PT_Psilocybin Assisted Therapy,0.4880718353893547,0.4880718353893547,0.5463725882159922,36,0.6922316029290343,0.2041597675396795
45,RMD_Kleptomania,PT_Transcranial Direct Current Stimulation,0.46488979043433054,0.46488979043433054,0.4895447382393604,36,0.7412501146256589,0.27636032419132833
46,RMD_Othello Syndrome,PT_Sleep Pattern Monitoring And Manipulation,0.4629881168189255,0.4629881168189255,0.4657680089962432,36,0.47867491590570527,0.015686799086779748
47,RMD_Postpartum Psychosis,PT_Neuromodulation Techniques,0.453981189926174,0.453981189926174,0.4929985879760653,36,0.7183669958120321,0.2643858058858581
48,RMD_Boanthropy,PT_Cultural Psychiatry Interventions,0.45306797219397804,0.45306797219397804,0.4585258336833311,36,0.5298128585272359,0.07674488633325781
49,RMD_Hallucinogen Persisting Perception Disorder,PT_Emotion Regulation Training,0.44958698227702354,0.44958698227702354,0.4579115879487687,36,0.6878894775854928,0.23830249530846917
50,RMD_Rumination Disorder,PT_Meditation And Relaxation Techniques,0.44851752575063336,0.44851752575063336,0.484124954721372,36,0.5900312013904454,0.14151367563981196
51,RMD_Postpartum Psychosis,PT_Digital Health Tools,0.4471611907097964,0.4471611907097964,0.4853249031169366,36,0.7183669958120321,0.2712058051022357
52,RMD_Childhood Disintegrative Disorder,PT_Psychophysiological Metrics For Treatment Response,0.4443178236266451,0.4443178236266451,0.4630473150145481,36,0.5684444767393493,0.12412665311270404
53,RMD_Reactive Attachment Disorder,PT_Transcranial Direct Current Stimulation,0.4426747805827784,0.4426747805827784,0.4477861307934834,36,0.7190351047741068,0.27636032419132833
54,RMD_Narcissistic Personality Disorder,PT_Traditional And Alternative Medicine Approaches,0.4423016962249229,0.4423016962249229,0.4500517047305541,36,0.6620654771117923,0.21976378088686926
55,RMD_Chronic Traumatic Encephalopathy,PT_Emotion Regulation Training,0.44041652929907726,0.44041652929907726,0.4501551310040179,36,0.6787190246075465,0.23830249530846917
56,RMD_Postpartum Psychosis,PT_Metaverse,0.4333596407029381,0.4333596407029381,0.480488900271309,36,0.7183669958120321,0.285007355109094
57,RMD_Diogenes Syndrome,PT_Meditation And Relaxation Techniques,0.4314107124949268,0.4314107124949268,0.4462059792341104,36,0.5729243881347388,0.14151367563981196
58,RMD_Othello Syndrome,PT_Blockchain For Data Protection,0.4281240735559736,0.4281240735559736,0.4313550112325494,36,0.47867491590570527,0.05055084234973161
59,RMD_Diogenes Syndrome,PT_Anticonvulsant Therapy,0.42707899968614893,0.42707899968614893,0.4387793855151087,36,0.5729243881347388,0.14584538844858985
60,RMD_Kleptomania,PT_Immunotherapy For Neuropsychiatric Disorders,0.42378519999369973,0.42378519999369973,0.4267825144571163,36,0.7412501146256589,0.3174649146319591
61,RMD_Narcissistic Personality Disorder,PT_Emotion Regulation Training,0.423762981803323,0.423762981803323,0.4297896875023668,36,0.6620654771117923,0.23830249530846917
62,RMD_Impulse Control Disorders,PT_Blockchain For Data Protection,0.4234152085485898,0.4234152085485898,0.4301295174360195,36,0.4739660508983215,0.05055084234973161
63,RMD_Diogenes Syndrome,PT_Focused Ultrasound Therapy,0.42068147806504963,0.42068147806504963,0.4247813345436882,36,0.5729243881347388,0.15224291006968915
64,RMD_Ganser Syndrome,PT_Deep Brain Stimulation,0.41833362658105544,0.41833362658105544,0.473147311904706,36,0.6922316029290343,0.27389797634797874
65,RMD_Ganser Syndrome,PT_Transcranial Direct Current Stimulation,0.4158712787377059,0.4158712787377059,0.4904331926438597,36,0.6922316029290343,0.27636032419132833
66,RMD_Body Integrity Dysphoria,PT_Focused Ultrasound Therapy,0.4147590159698784,0.4147590159698784,0.4287595390624885,36,0.5670019260395676,0.15224291006968915
67,RMD_Landau Kleffner Syndrome,PT_Anticonvulsant Therapy,0.41322553752856855,0.41322553752856855,0.4532843045708178,36,0.5590709259771585,0.14584538844858985
68,RMD_Postpartum Psychosis,PT_Antipsychotic Medications,0.4130513804006715,0.4130513804006715,0.4457757828862202,36,0.7183669958120321,0.30531561541136054
69,RMD_Diogenes Syndrome,PT_Stem Cell Therapy For Neurological Disorders,0.4122623268123856,0.4122623268123856,0.4314077201285581,36,0.5729243881347388,0.16066206132235314
70,RMD_Kleine Levin Syndrome,PT_Neurobiological Assessments For Mental Disorders,0.41033970361358085,0.41033970361358085,0.4496205128102316,36,0.4845192931251607,0.07417958951157982
71,RMD_Histrionic Personality Disorder,PT_Lithium Therapy,0.4089983402725363,0.4089983402725363,0.4397189932985711,36,0.43854169611884586,0.029543355846309533
72,RMD_Kleine Levin Syndrome,PT_Dietary Interventions And Supplements,0.40389294567504913,0.40389294567504913,0.4088982616503847,36,0.4845192931251607,0.08062634745011153
73,RMD_Kleptomania,PT_Acceptance And Commitment Therapy,0.4012756251893177,0.4012756251893177,0.4255762789157421,36,0.7412501146256589,0.3399744894363412
74,RMD_Hallucinogen Persisting Perception Disorder,PT_Narrative Exposure Therapy,0.40000722598480265,0.40000722598480265,0.423620295687574,36,0.6878894775854928,0.2878822516006901
75,RMD_Impulse Control Disorders,PT_Neurobiological Assessments For Mental Disorders,0.3997864613867416,0.3997864613867416,0.4129831078135558,36,0.4739660508983215,0.07417958951157982
76,RMD_Kleptomania,PT_Light Therapy,0.39965901511183066,0.39965901511183066,0.4221138172923886,36,0.7412501146256589,0.3415910995138282
77,RMD_Antisocial Personality Disorder,PT_Narrative Exposure Therapy,0.3991374376972446,0.3991374376972446,0.401616902583055,36,0.6870196892979348,0.2878822516006901
78,RMD_Landau Kleffner Syndrome,PT_Privacy Preserving Ai In Digital Mental Health,0.3987712928380344,0.3987712928380344,0.4120394699164389,36,0.5590709259771585,0.160299633139124
79,RMD_Narcissistic Personality Disorder,PT_Neuromodulation Techniques,0.3976796712259341,0.3976796712259341,0.4035707189732519,36,0.6620654771117923,0.2643858058858581
80,RMD_Brief Psychotic Disorder,PT_Sleep Pattern Monitoring And Manipulation,0.39704960613082113,0.39704960613082113,0.408110699747784,36,0.4127364052176009,0.015686799086779748
81,RMD_Reactive Attachment Disorder,PT_Oxytocin Therapy,0.3956148654649596,0.3956148654649596,0.3993098668868305,36,0.7190351047741068,0.3234202393091471
82,RMD_Antisocial Personality Disorder,PT_Music Therapy,0.39314757562408464,0.39314757562408464,0.3959338550968282,36,0.6870196892979348,0.29387211367385
83,RMD_Kleptomania,PT_Social Skills Training,0.38961351255676674,0.38961351255676674,0.4198344175348187,36,0.7412501146256589,0.35163660206889213
84,RMD_Ekbom Syndrome,PT_Neurofeedback Systems,0.38569060947403455,0.38569060947403455,0.3912864572137286,36,0.5119498443037827,0.12625923482974802
85,RMD_Brief Psychotic Disorder,PT_Cognitive Assistive Technologies,0.38526119844036494,0.38526119844036494,0.3940715773814039,36,0.4127364052176009,0.027475206777235917
86,RMD_Postpartum Psychosis,PT_Mood Stabilizers,0.38170170891226113,0.38170170891226113,0.4129239855932766,36,0.7183669958120321,0.33666528689977093
87,RMD_Hallucinogen Persisting Perception Disorder,PT_Virtual Reality Exposure Therapy,0.3789406445596689,0.3789406445596689,0.382952375887039,36,0.6878894775854928,0.3089488330258239
88,RMD_Ganser Syndrome,PT_Immunotherapy For Neuropsychiatric Disorders,0.3747666882970751,0.3747666882970751,0.4218141952216597,36,0.6922316029290343,0.3174649146319591
89,RMD_Hallucinogen Persisting Perception Disorder,PT_Personalized Medicine,0.3721222963341633,0.3721222963341633,0.3738366124352276,36,0.6878894775854928,0.3157671812513294
90,RMD_Chronic Traumatic Encephalopathy,PT_Virtual Reality Exposure Therapy,0.36977019158172264,0.36977019158172264,0.3751959189422882,36,0.6787190246075465,0.3089488330258239
91,RMD_Diogenes Syndrome,PT_Psilocybin Assisted Therapy,0.3687646205950592,0.3687646205950592,0.4668495976545784,36,0.5729243881347388,0.2041597675396795
92,RMD_Dissociative Amnesia,PT_Focused Ultrasound Therapy,0.3687605302252785,0.3687605302252785,0.3733953142192825,36,0.5210034402949676,0.15224291006968915
93,RMD_Palilalia,PT_Memory Retrieval Techniques,0.3687590757093069,0.3687590757093069,0.3913560698151772,36,0.3795989302312224,0.010839854521915463
94,RMD_Disinhibited Social Engagement Disorder,PT_Memory Retrieval Techniques,0.3681832624515378,0.3681832624515378,0.388894592901708,36,0.37902311697345337,0.010839854521915463
95,RMD_Narcissistic Personality Disorder,PT_Electroencephalography,0.366602025251885,0.366602025251885,0.3718832560530105,36,0.6620654771117923,0.2954634518599072
96,RMD_Histrionic Personality Disorder,PT_Neurobiological Assessments For Mental Disorders,0.36436210660726603,0.36436210660726603,0.409748524182825,36,0.43854169611884586,0.07417958951157982
97,RMD_Body Integrity Dysphoria,PT_Psilocybin Assisted Therapy,0.36284215849988805,0.36284215849988805,0.425405104996148,36,0.5670019260395676,0.2041597675396795
98,RMD_Erotomania,PT_Transcranial Direct Current Stimulation,0.36216001162858324,0.36216001162858324,0.3889630079049829,36,0.6385203358199116,0.27636032419132833
99,RMD_Dissociative Amnesia,PT_Privacy Preserving Ai In Digital Mental Health,0.36070380715584366,0.36070380715584366,0.3891564142038674,36,0.5210034402949676,0.160299633139124
100,RMD_Kleine Levin Syndrome,PT_Neurofeedback Systems,0.3582600582954127,0.3582600582954127,0.4066021151250816,36,0.4845192931251607,0.12625923482974802
101,RMD_Anorexia Nervosa,PT_Neurocognitive Training,0.3576700254614704,0.3576700254614704,0.3672570999968138,36,0.6265170412733507,0.2688470158118803
102,RMD_Hyperthymesia,PT_Narrative Exposure Therapy,0.3566136193205434,0.3566136193205434,0.3606242413724399,36,0.6444958709212335,0.2878822516006901
103,RMD_Landau Kleffner Syndrome,PT_Behavioral Activation Therapy,0.35642623982743166,0.35642623982743166,0.359245980539657,36,0.5590709259771585,0.20264468614972675
104,RMD_Reactive Attachment Disorder,PT_Occupational Therapy,0.3554144486198829,0.3554144486198829,0.3616591317542177,36,0.7190351047741068,0.3636206561542238
105,RMD_Reactive Attachment Disorder,PT_Hypnotherapy,0.35468462330540934,0.35468462330540934,0.3593524341117842,36,0.7190351047741068,0.3643504814686974
106,RMD_Dissociative Fugue,PT_Transcranial Direct Current Stimulation,0.35322708144027043,0.35322708144027043,0.3614814838412005,36,0.6295874056315989,0.27636032419132833
107,RMD_Kleptomania,PT_Ketamine Therapy,0.3519867951512626,0.3519867951512626,0.3839677939935483,36,0.7412501146256589,0.3892633194743963
108,RMD_Body Integrity Dysphoria,PT_Trauma Focused Cbt,0.35177796000193806,0.35177796000193806,0.3711902158675206,36,0.5670019260395676,0.21522396603762947
109,RMD_Narcissistic Personality Disorder,PT_Brain Computer Interface,0.35015720361605773,0.35015720361605773,0.3575057649334136,36,0.6620654771117923,0.31190827349573447
110,RMD_Kleptomania,PT_Stimulant And Wake Promoting Agents,0.35008088071148824,0.35008088071148824,0.3756104152175661,36,0.7412501146256589,0.39116923391417063
111,RMD_Disinhibited Social Engagement Disorder,PT_Lithium Therapy,0.3494797611271438,0.3494797611271438,0.3616323966651835,36,0.37902311697345337,0.029543355846309533
112,RMD_Circadian Rhythm Sleep Wake Disorder,PT_Neurobiological Assessments For Mental Disorders,0.3491050409432855,0.3491050409432855,0.3555247787173085,36,0.42328463045486536,0.07417958951157982
113,RMD_Childhood Disintegrative Disorder,PT_Traditional And Alternative Medicine Approaches,0.3486806958524799,0.3486806958524799,0.36265186998117,36,0.5684444767393493,0.21976378088686926
114,RMD_Reduplicative Paramnesia,PT_Dietary Interventions And Supplements,0.34810372845557924,0.34810372845557924,0.3707596342889682,36,0.42873007590569084,0.08062634745011153
115,RMD_Hallucinogen Persisting Perception Disorder,PT_Acceptance And Commitment Therapy,0.34791498814915156,0.34791498814915156,0.3963908674068555,36,0.6878894775854928,0.3399744894363412
116,RMD_Palilalia,PT_Neuroplasticity Techniques,0.34752255443834934,0.34752255443834934,0.3569549925178187,36,0.3795989302312224,0.03207637579287303
117,RMD_Koro,PT_Prolonged Exposure Therapy,0.3465310911043183,0.3465310911043183,0.3675559638443939,36,0.36459245971057613,0.018061368606257774
118,RMD_Antisocial Personality Disorder,PT_Light Therapy,0.34542858978410645,0.34542858978410645,0.3943128960301887,36,0.6870196892979348,0.3415910995138282
119,RMD_Factitious Disorder,PT_Acceptance And Commitment Therapy,0.3410158271632395,0.3410158271632395,0.3556246045423052,36,0.6809903165995808,0.3399744894363412
120,RMD_Reactive Attachment Disorder,PT_Motivational Interviewing,0.3407189279226594,0.3407189279226594,0.3460041645351003,36,0.7190351047741068,0.37831617685144736
121,RMD_Ganser Syndrome,PT_Social Skills Training,0.34059500086014205,0.34059500086014205,0.420722871939318,36,0.6922316029290343,0.35163660206889213
122,RMD_Chronic Traumatic Encephalopathy,PT_Dialectical Behavior Therapy,0.3401710079164649,0.3401710079164649,0.3422979021180855,36,0.6787190246075465,0.3385480166910816
123,RMD_Chronic Traumatic Encephalopathy,PT_Neuroprotective Agents,0.33724918863183917,0.33724918863183917,0.3452007119012718,36,0.6787190246075465,0.34146983597570724
124,RMD_Koro,PT_Cognitive Assistive Technologies,0.33711725293334016,0.33711725293334016,0.339706195209747,36,0.36459245971057613,0.027475206777235917
125,RMD_Chronic Traumatic Encephalopathy,PT_Emdr Therapy,0.33517618263654286,0.33517618263654286,0.3419538458539196,36,0.6787190246075465,0.3435428419710036
126,RMD_Schizotypal Personality Disorder,PT_Mentalization Based Treatment,0.330394762211157,0.330394762211157,0.3317258969961816,36,0.6605032043836859,0.33010844217252894
127,RMD_Reactive Attachment Disorder,PT_Ketamine Therapy,0.32977178529971046,0.32977178529971046,0.3332721313526803,36,0.7190351047741068,0.3892633194743963
128,RMD_Reactive Attachment Disorder,PT_Stimulant And Wake Promoting Agents,0.32786587085993607,0.32786587085993607,0.3332892135022519,36,0.7190351047741068,0.39116923391417063
129,RMD_Kleine Levin Syndrome,PT_Stem Cell Therapy For Neurological Disorders,0.32385723180280757,0.32385723180280757,0.3259572360239043,36,0.4845192931251607,0.16066206132235314
130,RMD_Cyclothymic Disorder,PT_Selective Serotonin Reuptake Inhibitors,0.3215622379581433,0.3215622379581433,0.3259311605660656,36,0.6502728967536677,0.32871065879552436
131,RMD_Schizotypal Personality Disorder,PT_Neuroprotective Agents,0.3190333684079787,0.3190333684079787,0.3228841530221843,36,0.6605032043836859,0.34146983597570724
132,RMD_Dissociative Amnesia,PT_Psilocybin Assisted Therapy,0.31684367275528813,0.31684367275528813,0.4036978239731614,36,0.5210034402949676,0.2041597675396795
133,RMD_Rumination Disorder,PT_Resting State Fmri,0.315627927784051,0.315627927784051,0.3422908135570315,36,0.5900312013904454,0.2744032736063944
134,RMD_Cyclothymic Disorder,PT_Smart Wearable Mental Health Trackers,0.31287222072281073,0.31287222072281073,0.3371225871941385,36,0.6502728967536677,0.33740067603085694
135,RMD_Factitious Disorder,PT_Electroconvulsive Therapy,0.31014735203078814,0.31014735203078814,0.324378043689549,36,0.6809903165995808,0.37084296456879257
136,RMD_Impulse Control Disorders,PT_Psychoeducation Programs,0.3021680201289034,0.3021680201289034,0.3246712598238066,36,0.4739660508983215,0.17179803076941802
137,RMD_Palilalia,PT_Dietary Interventions And Supplements,0.2989725827811108,0.2989725827811108,0.3108100086643344,36,0.3795989302312224,0.08062634745011153
138,RMD_Histrionic Personality Disorder,PT_Art Therapy,0.29673699597602815,0.29673699597602815,0.3205597362400692,36,0.43854169611884586,0.14180470014281774
139,RMD_Body Integrity Dysphoria,PT_Digital Health Tools,0.2957961209373318,0.2957961209373318,0.314046432176463,36,0.5670019260395676,0.2712058051022357
140,RMD_Childhood Disintegrative Disorder,PT_Resting State Fmri,0.2940412031329548,0.2940412031329548,0.2977797187489501,36,0.5684444767393493,0.2744032736063944
141,RMD_Factitious Disorder,PT_Ketamine Therapy,0.2917269971251844,0.2917269971251844,0.3049094561230271,36,0.6809903165995808,0.3892633194743963
142,RMD_Schizotypal Personality Disorder,PT_Electroconvulsive Therapy,0.28966023981489336,0.28966023981489336,0.3038305441797637,36,0.6605032043836859,0.37084296456879257
143,RMD_Cyclothymic Disorder,PT_Hypnotherapy,0.2859224152849703,0.2859224152849703,0.329668224461682,36,0.6502728967536677,0.3643504814686974
144,RMD_Anorexia Nervosa,PT_Neuroprotective Agents,0.28504720529764344,0.28504720529764344,0.2876654480923294,36,0.6265170412733507,0.34146983597570724
145,RMD_Landau Kleffner Syndrome,PT_Resting State Fmri,0.284667652370764,0.284667652370764,0.2962453813896171,36,0.5590709259771585,0.2744032736063944
146,RMD_Schizotypal Personality Disorder,PT_Motivational Interviewing,0.28218702753223857,0.28218702753223857,0.288319952819404,36,0.6605032043836859,0.37831617685144736
147,RMD_Childhood Disintegrative Disorder,PT_Narrative Exposure Therapy,0.2805622251386591,0.2805622251386591,0.3050255236122825,36,0.5684444767393493,0.2878822516006901
148,RMD_Hyperthymesia,PT_Hypnotherapy,0.2801453894525361,0.2801453894525361,0.3062000637501878,36,0.6444958709212335,0.3643504814686974
149,RMD_Factitious Disorder,PT_Naltrexone,0.27977598800226394,0.27977598800226394,0.3241086993262652,36,0.6809903165995808,0.40121432859731676
150,RMD_Cyclothymic Disorder,PT_Vagus Nerve Stimulation,0.27863961653054803,0.27863961653054803,0.3067554867615033,36,0.6502728967536677,0.3716332802231197
151,RMD_Rumination Disorder,PT_Mindfulness Based Stress Reduction,0.2766064185649959,0.2766064185649959,0.300772873497273,36,0.5900312013904454,0.3134247828254495
152,RMD_Cyclothymic Disorder,PT_Transference Focused Psychotherapy,0.2758969559756696,0.2758969559756696,0.300171408137118,36,0.6502728967536677,0.3743759407779981
153,RMD_Erotomania,PT_Occupational Therapy,0.2748996796656878,0.2748996796656878,0.278241683526697,36,0.6385203358199116,0.3636206561542238
154,RMD_Fregoli Delusion,PT_Cultural Psychiatry Interventions,0.274640102182534,0.274640102182534,0.2898431281879037,36,0.3513849885157918,0.07674488633325781
155,RMD_Erotomania,PT_Hypnotherapy,0.27416985435121416,0.27416985435121416,0.2989367819979701,36,0.6385203358199116,0.3643504814686974
156,RMD_Landau Kleffner Syndrome,PT_Metaverse,0.27406357086806443,0.27406357086806443,0.2776604322694787,36,0.5590709259771585,0.285007355109094
157,RMD_Childhood Disintegrative Disorder,PT_Electroencephalography,0.272981024879442,0.272981024879442,0.277886555194861,36,0.5684444767393493,0.2954634518599072
158,RMD_Hyperthymesia,PT_Vagus Nerve Stimulation,0.27286259069811386,0.27286259069811386,0.2832873260500091,36,0.6444958709212335,0.3716332802231197
159,RMD_Capgras Syndrome,PT_Digital Health Tools,0.2717083079194685,0.2717083079194685,0.2747496156751428,36,0.5429141130217041,0.2712058051022357
160,RMD_Hyperthymesia,PT_Transference Focused Psychotherapy,0.27011993014323543,0.27011993014323543,0.2767164384649665,36,0.6444958709212335,0.3743759407779981
161,RMD_Reduplicative Paramnesia,PT_Stem Cell Therapy For Neurological Disorders,0.2680680145833377,0.2680680145833377,0.291771060901182,36,0.42873007590569084,0.16066206132235314
162,RMD_Rumination Disorder,PT_Transcranial Magnetic Stimulation,0.26535501194893213,0.26535501194893213,0.2911273089667994,36,0.5900312013904454,0.3246761894415133
163,RMD_Dissociative Fugue,PT_Hypnotherapy,0.26523692416290134,0.26523692416290134,0.2714552579341877,36,0.6295874056315989,0.3643504814686974
164,RMD_Kleine Levin Syndrome,PT_Traditional And Alternative Medicine Approaches,0.2647555122382914,0.2647555122382914,0.2800153776557108,36,0.4845192931251607,0.21976378088686926
165,RMD_Landau Kleffner Syndrome,PT_Electroencephalography,0.2636074741172512,0.2636074741172512,0.2778303521500091,36,0.5590709259771585,0.2954634518599072
166,RMD_Pyromania,PT_Deep Brain Stimulation,0.2627081840457555,0.2627081840457555,0.2793782853539913,36,0.5366061603937343,0.27389797634797874
167,RMD_Othello Syndrome,PT_Biofeedback Devices,0.2626657814277009,0.2626657814277009,0.2730530727573793,36,0.47867491590570527,0.21600913447800432
168,RMD_Circadian Rhythm Sleep Wake Disorder,PT_Stem Cell Therapy For Neurological Disorders,0.2626225691325122,0.2626225691325122,0.2793491065589747,36,0.42328463045486536,0.16066206132235314
169,RMD_Anorexia Nervosa,PT_Hypnotherapy,0.2621665598046533,0.2621665598046533,0.3000948089946617,36,0.6265170412733507,0.3643504814686974
170,RMD_Rumination Disorder,PT_Selective Serotonin Reuptake Inhibitors,0.26132054259492105,0.26132054259492105,0.2860998672182614,36,0.5900312013904454,0.32871065879552436
171,RMD_Brief Psychotic Disorder,PT_Focused Ultrasound Therapy,0.2604934951479117,0.2604934951479117,0.2708538149316744,36,0.4127364052176009,0.15224291006968915
172,RMD_Pyromania,PT_Transcranial Direct Current Stimulation,0.260245836202406,0.260245836202406,0.296664166093145,36,0.5366061603937343,0.27636032419132833
173,RMD_Erotomania,PT_Motivational Interviewing,0.26020415896846427,0.26020415896846427,0.2653432322212522,36,0.6385203358199116,0.37831617685144736
174,RMD_Diogenes Syndrome,PT_Mindfulness Based Stress Reduction,0.2594996053092893,0.2594996053092893,0.2628538980100114,36,0.5729243881347388,0.3134247828254495
175,RMD_Ganser Syndrome,PT_Fecal Microbiota Transplant,0.25932561462859743,0.25932561462859743,0.322979461093537,36,0.6922316029290343,0.4329059883004368
176,RMD_Schizotypal Personality Disorder,PT_Naltrexone,0.25928887578636917,0.25928887578636917,0.3035611998164799,36,0.6605032043836859,0.40121432859731676
177,RMD_Capgras Syndrome,PT_Metaverse,0.25790675791261014,0.25790675791261014,0.2699136128295151,36,0.5429141130217041,0.285007355109094
178,RMD_Childhood Disintegrative Disorder,PT_Brain Computer Interface,0.2565362032436147,0.2565362032436147,0.2584161617963134,36,0.5684444767393493,0.31190827349573447
179,RMD_Cyclothymic Disorder,PT_Digital Therapeutics,0.25625652182116926,0.25625652182116926,0.3103806083727594,36,0.6502728967536677,0.39401637493249836
180,RMD_Anorexia Nervosa,PT_Electroconvulsive Therapy,0.2556740767045581,0.2556740767045581,0.2812558123992215,36,0.6265170412733507,0.37084296456879257
181,RMD_Reactive Attachment Disorder,PT_Cbt For Insomnia,0.2554568010109827,0.2554568010109827,0.3496068696888618,36,0.7190351047741068,0.46357830376312403
182,RMD_Diogenes Syndrome,PT_Clozapine Protocol,0.2543881387479965,0.2543881387479965,0.2610897489459356,36,0.5729243881347388,0.3185362493867423
183,RMD_Palilalia,PT_Neurofeedback Systems,0.25333969540147433,0.25333969540147433,0.2702222426617643,36,0.3795989302312224,0.12625923482974802
184,RMD_Hyperthymesia,PT_Stimulant And Wake Promoting Agents,0.25332663700706287,0.25332663700706287,0.274185738721091,36,0.6444958709212335,0.39116923391417063
185,RMD_Schizoaffective Disorder,PT_Neurocognitive Training,0.25250065091564544,0.25250065091564544,0.2570473823186693,36,0.5213476667275257,0.2688470158118803
186,RMD_Dissociative Fugue,PT_Motivational Interviewing,0.25127122878015146,0.25127122878015146,0.2560836854653924,36,0.6295874056315989,0.37831617685144736
187,RMD_Othello Syndrome,PT_Interpersonal Psychotherapy,0.25126250058309485,0.25126250058309485,0.2621922267330948,36,0.47867491590570527,0.22741241532261036
188,RMD_Histrionic Personality Disorder,PT_Speech Language Therapy,0.24713545926247552,0.24713545926247552,0.2834708505464807,36,0.43854169611884586,0.19140623685637032
189,RMD_Dissociative Amnesia,PT_Resting State Fmri,0.24660016668857324,0.24660016668857324,0.2529858177453641,36,0.5210034402949676,0.2744032736063944
190,RMD_Kleine Levin Syndrome,PT_Emotion Regulation Training,0.24621679781669148,0.24621679781669148,0.2718230125733707,36,0.4845192931251607,0.23830249530846917
191,RMD_Hyperthymesia,PT_Closed Loop Neurostimulation,0.24468939016853422,0.24468939016853422,0.2861094211801587,36,0.6444958709212335,0.39980648075269926
192,RMD_Erotomania,PT_Digital Therapeutics,0.24450396088741316,0.24450396088741316,0.2796491659090475,36,0.6385203358199116,0.39401637493249836
193,RMD_Childhood Disintegrative Disorder,PT_Transcranial Magnetic Stimulation,0.2437682872978359,0.2437682872978359,0.246616214158718,36,0.5684444767393493,0.3246761894415133
194,RMD_Landau Kleffner Syndrome,PT_Antidepressants,0.243547132733786,0.243547132733786,0.2644553687641598,36,0.5590709259771585,0.3155237932433723
195,RMD_Postpartum Psychosis,PT_Pharmacogenomic Testing,0.24016854396929269,0.24016854396929269,0.2470348024143043,36,0.7183669958120321,0.4781984518427394
196,RMD_Cotard Syndrome,PT_Metaverse,0.24011256487138452,0.24011256487138452,0.2595173129565023,36,0.5251199199804786,0.285007355109094
197,RMD_Erotomania,PT_Closed Loop Neurostimulation,0.23871385506721232,0.23871385506721232,0.278846139427941,36,0.6385203358199116,0.39980648075269926
198,RMD_Selective Mutism,PT_Machine Learning Neuroimaging,0.23776044127126555,0.23776044127126555,0.3859541330153196,36,0.8604658235848102,0.6227053823135447
199,RMD_Schizotypal Personality Disorder,PT_Animal Assisted Therapy,0.2361044997249171,0.2361044997249171,0.2935410703154281,36,0.6605032043836859,0.42439870465876883
200,RMD_Dissociative Amnesia,PT_Metaverse,0.23599608518587362,0.23599608518587362,0.2538462044876293,36,0.5210034402949676,0.285007355109094
201,RMD_Impulse Control Disorders,PT_Emotion Regulation Training,0.23566355558985227,0.23566355558985227,0.2541535779490192,36,0.4739660508983215,0.23830249530846917
202,RMD_Avoidant Personality Disorder,PT_Deep Brain Stimulation,0.23563051518696593,0.23563051518696593,0.2491826627824722,36,0.5095284915349447,0.27389797634797874
203,RMD_Dissociative Fugue,PT_Digital Therapeutics,0.23557103069910035,0.23557103069910035,0.2521676418452651,36,0.6295874056315989,0.39401637493249836
204,RMD_Disinhibited Social Engagement Disorder,PT_Anticonvulsant Therapy,0.23317772852486346,0.23317772852486346,0.249099988259776,36,0.37902311697345337,0.14584538844858985
205,RMD_Dissociative Fugue,PT_Closed Loop Neurostimulation,0.2297809248788995,0.2297809248788995,0.2513646153641585,36,0.6295874056315989,0.39980648075269926
206,RMD_Diogenes Syndrome,PT_Emdr Therapy,0.22938154616373513,0.22938154616373513,0.2435729150186512,36,0.5729243881347388,0.3435428419710036
207,RMD_Schizoaffective Disorder,PT_Music Therapy,0.22747555305367573,0.22747555305367573,0.2463154578598717,36,0.5213476667275257,0.29387211367385
208,RMD_Capgras Syndrome,PT_Antidepressants,0.22739031977833177,0.22739031977833177,0.2351187415351858,36,0.5429141130217041,0.3155237932433723
209,RMD_Anorexia Nervosa,PT_Closed Loop Neurostimulation,0.22671056052065142,0.22671056052065142,0.2800041664246325,36,0.6265170412733507,0.39980648075269926
210,RMD_Schizoaffective Disorder,PT_Electroencephalography,0.22588421486761856,0.22588421486761856,0.2306068568110927,36,0.5213476667275257,0.2954634518599072
211,RMD_Anorexia Nervosa,PT_Naltrexone,0.2253027126760339,0.2253027126760339,0.2809864680359378,36,0.6265170412733507,0.40121432859731676
212,RMD_Kleine Levin Syndrome,PT_Neuromodulation Techniques,0.22013348723930265,0.22013348723930265,0.2530787711121611,36,0.4845192931251607,0.2643858058858581
213,RMD_Cotard Syndrome,PT_Anxiolytic Medications,0.2184589983282386,0.2184589983282386,0.2273252983330849,36,0.5251199199804786,0.3066609216522399
214,RMD_Rumination Disorder,PT_Vagus Nerve Stimulation,0.21839792116732573,0.21839792116732573,0.2310389057003602,36,0.5900312013904454,0.3716332802231197
215,RMD_Cyclothymic Disorder,PT_Fecal Microbiota Transplant,0.2173669084532309,0.2173669084532309,0.2970404281269139,36,0.6502728967536677,0.4329059883004368
216,RMD_Rumination Disorder,PT_Transference Focused Psychotherapy,0.2156552606124473,0.2156552606124473,0.2299472165211061,36,0.5900312013904454,0.3743759407779981
217,RMD_Capgras Syndrome,PT_Selective Serotonin Reuptake Inhibitors,0.21420345422617978,0.21420345422617978,0.23217034039715,36,0.5429141130217041,0.32871065879552436
218,RMD_Ganser Syndrome,PT_Pharmacogenomic Testing,0.21403315108629484,0.21403315108629484,0.2790663832713973,36,0.6922316029290343,0.4781984518427394
219,RMD_Schizoaffective Disorder,PT_Virtual Reality Exposure Therapy,0.2123988337017019,0.2123988337017019,0.2187881811508075,36,0.5213476667275257,0.3089488330258239
220,RMD_Koro,PT_Focused Ultrasound Therapy,0.21234954964088695,0.21234954964088695,0.21918071467167,36,0.36459245971057613,0.15224291006968915
221,RMD_Hyperthymesia,PT_Fecal Microbiota Transplant,0.2115898826207967,0.2115898826207967,0.2735722674154198,36,0.6444958709212335,0.4329059883004368
222,RMD_Cotard Syndrome,PT_Antidepressants,0.20959612673710612,0.20959612673710612,0.2184924122039169,36,0.5251199199804786,0.3155237932433723
223,RMD_Schizoaffective Disorder,PT_Brain Computer Interface,0.20943939323179128,0.20943939323179128,0.2115488867148893,36,0.5213476667275257,0.31190827349573447
224,RMD_Wendigo Psychosis,PT_Sleep Pattern Monitoring And Manipulation,0.20916857162227767,0.20916857162227767,0.2149497309700245,36,0.22485537070905748,0.015686799086779748
225,RMD_Reduplicative Paramnesia,PT_Traditional And Alternative Medicine Approaches,0.20896629501882155,0.20896629501882155,0.2296073300746136,36,0.42873007590569084,0.21976378088686926
226,RMD_Olfactory Reference Syndrome,PT_Oxytocin Therapy,0.20867520165369288,0.20867520165369288,0.229118889253312,36,0.53209544096284,0.3234202393091471
227,RMD_Brief Psychotic Disorder,PT_Psilocybin Assisted Therapy,0.20857663767792137,0.20857663767792137,0.3080437231434802,36,0.4127364052176009,0.2041597675396795
228,RMD_Pyromania,PT_Selective Serotonin Reuptake Inhibitors,0.2078955015982099,0.2078955015982099,0.2622885302730184,36,0.5366061603937343,0.32871065879552436
229,RMD_Palilalia,PT_Psychoeducation Programs,0.2078008994618043,0.2078008994618043,0.2185506079399026,36,0.3795989302312224,0.17179803076941802
230,RMD_Capgras Syndrome,PT_Mood Stabilizers,0.20624882612193318,0.20624882612193318,0.2313387999262984,36,0.5429141130217041,0.33666528689977093
231,RMD_Schizoaffective Disorder,PT_Personalized Medicine,0.20558048547619637,0.20558048547619637,0.2078185713538822,36,0.5213476667275257,0.3157671812513294
232,RMD_Capgras Syndrome,PT_Smart Wearable Mental Health Trackers,0.2055134369908472,0.2055134369908472,0.2584948837460367,36,0.5429141130217041,0.33740067603085694
233,RMD_Erotomania,PT_Digital Phenotyping,0.20518623473280787,0.20518623473280787,0.2603261749481849,36,0.6385203358199116,0.4333341010871037
234,RMD_Impulse Control Disorders,PT_Neurocognitive Training,0.20511903508644114,0.20511903508644114,0.2174535670551514,36,0.4739660508983215,0.2688470158118803
235,RMD_Circadian Rhythm Sleep Wake Disorder,PT_Traditional And Alternative Medicine Approaches,0.20352084956799604,0.20352084956799604,0.2171853757324063,36,0.42328463045486536,0.21976378088686926
236,RMD_Dissociative Amnesia,PT_Clozapine Protocol,0.2024671909082253,0.2024671909082253,0.2097037286215298,36,0.5210034402949676,0.3185362493867423
237,RMD_Olfactory Reference Syndrome,PT_Mentalization Based Treatment,0.20198699879031104,0.20198699879031104,0.2082846348708095,36,0.53209544096284,0.33010844217252894
238,RMD_Boanthropy,PT_Mentalization Based Treatment,0.1997044163547069,0.1997044163547069,0.249915292992475,36,0.5298128585272359,0.33010844217252894
239,RMD_Pyromania,PT_Smart Wearable Mental Health Trackers,0.19920548436287733,0.19920548436287733,0.2438186234160513,36,0.5366061603937343,0.33740067603085694
240,RMD_Fregoli Delusion,PT_Metabolic And Enzyme Targeted Therapy,0.1972588716562182,0.1972588716562182,0.2087858344847959,36,0.3513849885157918,0.15412611685957353
241,RMD_Schizoaffective Disorder,PT_Transcranial Magnetic Stimulation,0.19667147728601245,0.19667147728601245,0.1993365157749497,36,0.5213476667275257,0.3246761894415133
242,RMD_Cotard Syndrome,PT_Selective Serotonin Reuptake Inhibitors,0.1964092611849541,0.1964092611849541,0.202465979875467,36,0.5251199199804786,0.32871065879552436
243,RMD_Dissociative Fugue,PT_Digital Phenotyping,0.19625330454449508,0.19625330454449508,0.2328446508844024,36,0.6295874056315989,0.4333341010871037
244,RMD_Autosarcophagy,PT_Sleep Pattern Monitoring And Manipulation,0.1958532551188093,0.1958532551188093,0.2250663525165625,36,0.21154005420558908,0.015686799086779748
245,RMD_Anorexia Nervosa,PT_Digital Phenotyping,0.193182940186247,0.193182940186247,0.2614842019448765,36,0.6265170412733507,0.4333341010871037
246,RMD_Wendigo Psychosis,PT_Neuroplasticity Techniques,0.1927789949161844,0.1927789949161844,0.197932574140203,36,0.22485537070905748,0.03207637579287303
247,RMD_Circadian Rhythm Sleep Wake Disorder,PT_Regenerative Medicine Approaches,0.19107454490644699,0.19107454490644699,0.2013880760797442,36,0.42328463045486536,0.23221008554841832
248,RMD_Cotard Syndrome,PT_Mood Stabilizers,0.18845463308070753,0.18845463308070753,0.1919523982784698,36,0.5251199199804786,0.33666528689977093
249,RMD_Cotard Syndrome,PT_Smart Wearable Mental Health Trackers,0.18771924394962153,0.18771924394962153,0.2109866485824418,36,0.5251199199804786,0.33740067603085694
250,RMD_Disinhibited Social Engagement Disorder,PT_Speech Language Therapy,0.187616880117083,0.187616880117083,0.2053842539130931,36,0.37902311697345337,0.19140623685637032
251,RMD_Impulse Control Disorders,PT_Narrative Exposure Therapy,0.18608379929763136,0.18608379929763136,0.1950471164140379,36,0.4739660508983215,0.2878822516006901
252,RMD_Delusional Disorder,PT_Reality Testing Techniques,0.18473481420237053,0.18473481420237053,0.204099768997197,36,0.191480268495844,0.00674545429347344
253,RMD_Dissociative Amnesia,PT_Mood Stabilizers,0.18433815339519663,0.18433815339519663,0.1862812898095969,36,0.5210034402949676,0.33666528689977093
254,RMD_Wendigo Psychosis,PT_Cognitive Enhancement Programs,0.1830617474103939,0.1830617474103939,0.1855311382670523,36,0.22485537070905748,0.04179362329866352
255,RMD_Autosarcophagy,PT_Lithium Therapy,0.18199669835927948,0.18199669835927948,0.1994473430541724,36,0.21154005420558908,0.029543355846309533
256,RMD_Impulse Control Disorders,PT_Music Therapy,0.18009393722447145,0.18009393722447145,0.1911501992440256,36,0.4739660508983215,0.29387211367385
257,RMD_Erotomania,PT_Cbt For Insomnia,0.17494203205678754,0.17494203205678754,0.2962540302878156,36,0.6385203358199116,0.46357830376312403
258,RMD_Stendhal Syndrome,PT_Anticonvulsant Therapy,0.1745517361911323,0.1745517361911323,0.1776007768283529,36,0.32039712463972214,0.14584538844858985
259,RMD_Ekbom Syndrome,PT_Neuroprotective Agents,0.17048000832807533,0.17048000832807533,0.1993572302592962,36,0.5119498443037827,0.34146983597570724
260,RMD_Autosarcophagy,PT_Cognitive Enhancement Programs,0.1697464309069255,0.1697464309069255,0.1956477598135903,36,0.21154005420558908,0.04179362329866352
261,RMD_Kleine Levin Syndrome,PT_Personalized Medicine,0.16875211187383132,0.16875211187383132,0.2198499809891679,36,0.4845192931251607,0.3157671812513294
262,RMD_Olfactory Reference Syndrome,PT_Occupational Therapy,0.16847478480861622,0.16847478480861622,0.1713547815626738,36,0.53209544096284,0.3636206561542238
263,RMD_Stendhal Syndrome,PT_Focused Ultrasound Therapy,0.16815421457003296,0.16815421457003296,0.1779917842057999,36,0.32039712463972214,0.15224291006968915
264,RMD_Avoidant Personality Disorder,PT_Light Therapy,0.1679373920211165,0.1679373920211165,0.1990376225746541,36,0.5095284915349447,0.3415910995138282
265,RMD_Boanthropy,PT_Occupational Therapy,0.16619220237301205,0.16619220237301205,0.2146869105888407,36,0.5298128585272359,0.3636206561542238
266,RMD_Dissociative Fugue,PT_Cbt For Insomnia,0.16600910186847473,0.16600910186847473,0.2687725062240331,36,0.6295874056315989,0.46357830376312403
267,RMD_Boanthropy,PT_Hypnotherapy,0.16546237705853845,0.16546237705853845,0.2422611529048416,36,0.5298128585272359,0.3643504814686974
268,RMD_Reduplicative Paramnesia,PT_Neuromodulation Techniques,0.16434427001983276,0.16434427001983276,0.1781840519788085,36,0.42873007590569084,0.2643858058858581
269,RMD_Impulse Control Disorders,PT_Brain Computer Interface,0.16205777740258698,0.16205777740258698,0.1684844510573297,36,0.4739660508983215,0.31190827349573447
270,RMD_Olfactory Reference Syndrome,PT_Electroconvulsive Therapy,0.16125247639404744,0.16125247639404744,0.1768210558560081,36,0.53209544096284,0.37084296456879257
271,RMD_Koro,PT_Psilocybin Assisted Therapy,0.16043269217089662,0.16043269217089662,0.2652661958309103,36,0.36459245971057613,0.2041597675396795
272,RMD_Stendhal Syndrome,PT_Privacy Preserving Ai In Digital Mental Health,0.16009749150059813,0.16009749150059813,0.1937528841903848,36,0.32039712463972214,0.160299633139124
273,RMD_Boanthropy,PT_Electroconvulsive Therapy,0.15896989395844327,0.15896989395844327,0.2234221563094015,36,0.5298128585272359,0.37084296456879257
274,RMD_Rumination Disorder,PT_Fecal Microbiota Transplant,0.1571252130900086,0.1571252130900086,0.1642912203478775,36,0.5900312013904454,0.4329059883004368
275,RMD_Olfactory Reference Syndrome,PT_Motivational Interviewing,0.15377926411139267,0.15377926411139267,0.1608576392719351,36,0.53209544096284,0.37831617685144736
276,RMD_Boanthropy,PT_Motivational Interviewing,0.15149668167578847,0.15149668167578847,0.2074587397253285,36,0.5298128585272359,0.37831617685144736
277,RMD_Koro,PT_Trauma Focused Cbt,0.14936849367294663,0.14936849367294663,0.1589191095650496,36,0.36459245971057613,0.21522396603762947
278,RMD_Pyromania,PT_Schema Therapy,0.14905652429992577,0.14905652429992577,0.2026320248302403,36,0.5366061603937343,0.3875496360938085
279,RMD_Capgras Syndrome,PT_Digital Therapeutics,0.14889773808920573,0.14889773808920573,0.2317529049246575,36,0.5429141130217041,0.39401637493249836
280,RMD_Othello Syndrome,PT_Mentalization Based Treatment,0.1485664737331763,0.1485664737331763,0.1776008570077867,36,0.47867491590570527,0.33010844217252894
281,RMD_Ekbom Syndrome,PT_Occupational Therapy,0.1483291881495588,0.1483291881495588,0.190835436064137,36,0.5119498443037827,0.3636206561542238
282,RMD_Histrionic Personality Disorder,PT_Music Therapy,0.14466958244499584,0.14466958244499584,0.1813921352379066,36,0.43854169611884586,0.29387211367385
283,RMD_Pyromania,PT_Digital Therapeutics,0.14258978546123588,0.14258978546123588,0.1791819722526181,36,0.5366061603937343,0.39401637493249836
284,RMD_Brief Psychotic Disorder,PT_Digital Health Tools,0.14153060011536517,0.14153060011536517,0.1561407080456489,36,0.4127364052176009,0.2712058051022357
285,RMD_Ekbom Syndrome,PT_Electroconvulsive Therapy,0.14110687973499003,0.14110687973499003,0.1995706817846977,36,0.5119498443037827,0.37084296456879257
286,RMD_Olfactory Reference Syndrome,PT_Stimulant And Wake Promoting Agents,0.14092620704866934,0.14092620704866934,0.1636457274223514,36,0.53209544096284,0.39116923391417063
287,RMD_Othello Syndrome,PT_Dialectical Behavior Therapy,0.14012689921462368,0.14012689921462368,0.1467358931756554,36,0.47867491590570527,0.3385480166910816
288,RMD_Avoidant Personality Disorder,PT_Transference Focused Psychotherapy,0.13515255075694665,0.13515255075694665,0.1759402570043439,36,0.5095284915349447,0.3743759407779981
289,RMD_Reduplicative Paramnesia,PT_Electroencephalography,0.13326662404578365,0.13326662404578365,0.1448799026134308,36,0.42873007590569084,0.2954634518599072
290,RMD_Schizoaffective Disorder,PT_Ketamine Therapy,0.13208434725312945,0.13208434725312945,0.1722677983298875,36,0.5213476667275257,0.3892633194743963
291,RMD_Cotard Syndrome,PT_Digital Therapeutics,0.13110354504798008,0.13110354504798008,0.1842446697610626,36,0.5251199199804786,0.39401637493249836
292,RMD_Olfactory Reference Syndrome,PT_Naltrexone,0.13088111236552324,0.13088111236552324,0.1765517114927243,36,0.53209544096284,0.40121432859731676
293,RMD_Othello Syndrome,PT_Chronotherapy,0.12976187849216148,0.12976187849216148,0.1698140218157575,36,0.47867491590570527,0.34891303741354374
294,RMD_Histrionic Personality Disorder,PT_Virtual Reality Exposure Therapy,0.12959286309302198,0.12959286309302198,0.1759597822565588,36,0.43854169611884586,0.3089488330258239
295,RMD_Circadian Rhythm Sleep Wake Disorder,PT_Electroencephalography,0.12782117859495812,0.12782117859495812,0.1370828061060228,36,0.42328463045486536,0.2954634518599072
296,RMD_Brief Psychotic Disorder,PT_Metaverse,0.12772905010850688,0.12772905010850688,0.1513047052000212,36,0.4127364052176009,0.285007355109094
297,RMD_Histrionic Personality Disorder,PT_Personalized Medicine,0.12277451486751646,0.12277451486751646,0.1649901724596336,36,0.43854169611884586,0.3157671812513294
298,RMD_Avoidant Personality Disorder,PT_Ketamine Therapy,0.12026517206054842,0.12026517206054842,0.1608915992758139,36,0.5095284915349447,0.3892633194743963
299,RMD_Avoidant Personality Disorder,PT_Stimulant And Wake Promoting Agents,0.11835925762077408,0.11835925762077408,0.1525342204998316,36,0.5095284915349447,0.39116923391417063
300,RMD_Reduplicative Paramnesia,PT_Personalized Medicine,0.11296289465436143,0.11296289465436143,0.1221283160212258,36,0.42873007590569084,0.3157671812513294
301,RMD_Circadian Rhythm Sleep Wake Disorder,PT_Brain Computer Interface,0.11137635695913084,0.11137635695913084,0.1322146066062513,36,0.42328463045486536,0.31190827349573447
302,RMD_Ekbom Syndrome,PT_Naltrexone,0.11073551570646582,0.11073551570646582,0.199301337421414,36,0.5119498443037827,0.40121432859731676
303,RMD_Olfactory Reference Syndrome,PT_Animal Assisted Therapy,0.10769673630407116,0.10769673630407116,0.1665315819916725,36,0.53209544096284,0.42439870465876883
304,RMD_Circadian Rhythm Sleep Wake Disorder,PT_Personalized Medicine,0.10751744920353594,0.10751744920353594,0.1257542468962448,36,0.42328463045486536,0.3157671812513294
305,RMD_Circadian Rhythm Sleep Wake Disorder,PT_Cognitive Behavioral Therapy,0.10262300838080006,0.10262300838080006,0.1220794604998493,36,0.42328463045486536,0.32066162207406523
306,RMD_Histrionic Personality Disorder,PT_Acceptance And Commitment Therapy,0.09856720668250468,0.09856720668250468,0.1218578698955235,36,0.43854169611884586,0.3399744894363412
307,RMD_Boanthropy,PT_Digital Phenotyping,0.09647875744013211,0.09647875744013211,0.2036505458550564,36,0.5298128585272359,0.4333341010871037
308,RMD_Koro,PT_Neurocognitive Training,0.0957454438986958,0.0957454438986958,0.1026262982395865,36,0.36459245971057613,0.2688470158118803
309,RMD_Koro,PT_Digital Health Tools,0.0933866546083404,0.0933866546083404,0.1017753258739919,36,0.36459245971057613,0.2712058051022357
310,RMD_Disinhibited Social Engagement Disorder,PT_Narrative Exposure Therapy,0.09114086537276322,0.09114086537276322,0.1078263339179321,36,0.37902311697345337,0.2878822516006901
311,RMD_Hypergraphia,PT_Deep Brain Stimulation,0.08958585471725682,0.08958585471725682,0.1717713493491799,36,0.36348383106523563,0.27389797634797874
312,RMD_Body Integrity Dysphoria,PT_Pharmacogenomic Testing,0.08880347419682816,0.08880347419682816,0.1484238202352032,36,0.5670019260395676,0.4781984518427394
313,RMD_Hypergraphia,PT_Transcranial Direct Current Stimulation,0.08712350687390724,0.08712350687390724,0.1161173340872125,36,0.36348383106523563,0.27636032419132833
314,RMD_Reduplicative Paramnesia,PT_Emdr Therapy,0.0851872339346872,0.0851872339346872,0.0890350928106188,36,0.42873007590569084,0.3435428419710036
315,RMD_Disinhibited Social Engagement Disorder,PT_Music Therapy,0.0851510032996033,0.0851510032996033,0.1033055386045191,36,0.37902311697345337,0.29387211367385
316,RMD_Othello Syndrome,PT_Digital Therapeutics,0.08465854097320684,0.08465854097320684,0.1506591008312307,36,0.47867491590570527,0.39401637493249836
317,RMD_Avoidant Personality Disorder,PT_Digital Phenotyping,0.07619439044784099,0.07619439044784099,0.1000908576003003,36,0.5095284915349447,0.4333341010871037
318,RMD_Brief Psychotic Disorder,PT_Mood Stabilizers,0.07607111831782991,0.07607111831782991,0.0873646335884651,36,0.4127364052176009,0.33666528689977093
319,RMD_Pyromania,PT_Cbt For Insomnia,0.07302785663061023,0.07302785663061023,0.0815574621020381,36,0.5366061603937343,0.46357830376312403
320,RMD_Wendigo Psychosis,PT_Metabolic And Enzyme Targeted Therapy,0.07072925384948389,0.07072925384948389,0.0763900471601488,36,0.22485537070905748,0.15412611685957353
321,RMD_Autosarcophagy,PT_Art Therapy,0.0697353540627713,0.0697353540627713,0.0802880859956705,36,0.21154005420558908,0.14180470014281774
322,RMD_Ganser Syndrome,PT_Machine Learning Neuroimaging,0.06952622061548956,0.06952622061548956,0.0915356878869096,36,0.6922316029290343,0.6227053823135447
323,RMD_Boanthropy,PT_Cbt For Insomnia,0.06623455476411177,0.06623455476411177,0.2395784011946871,36,0.5298128585272359,0.46357830376312403
324,RMD_Cotard Syndrome,PT_Cbt For Insomnia,0.06154161621735445,0.06154161621735445,0.2008495341398307,36,0.5251199199804786,0.46357830376312403
325,RMD_Hypergraphia,PT_Antipsychotic Medications,0.05816821565387501,0.05816821565387501,0.0728448783207983,36,0.36348383106523563,0.30531561541136054
326,RMD_Stendhal Syndrome,PT_Resting State Fmri,0.04599385103332775,0.04599385103332775,0.0575822877318815,36,0.32039712463972214,0.2744032736063944
327,RMD_Cyclothymic Disorder,PT_Machine Learning Neuroimaging,0.04268991303428175,0.027567514440123054,0.2479468776226492,16,0.6502728967536677,0.6227053823135447
328,RMD_Fregoli Delusion,PT_Virtual Reality Exposure Therapy,0.04243615548996791,0.04243615548996791,0.0579672977902692,36,0.3513849885157918,0.3089488330258239
329,RMD_Wendigo Psychosis,PT_Voxel Based Lesion Symptom Mapping,0.04170614908743429,0.04163285282740263,0.057966862582836,35,0.22485537070905748,0.1832225178816548
330,RMD_Palilalia,PT_Dialectical Behavior Therapy,0.04105091354014075,0.04105091354014075,0.0741346400836757,36,0.3795989302312224,0.3385480166910816
331,RMD_Palilalia,PT_Acceptance And Commitment Therapy,0.03962444079488116,0.03962444079488116,0.1097530280854897,36,0.3795989302312224,0.3399744894363412
332,RMD_Disinhibited Social Engagement Disorder,PT_Acceptance And Commitment Therapy,0.03904862753711215,0.03904862753711215,0.0437712732621359,36,0.37902311697345337,0.3399744894363412
333,RMD_Disinhibited Social Engagement Disorder,PT_Light Therapy,0.03743201745962509,0.03743201745962509,0.0649034981052055,36,0.37902311697345337,0.3415910995138282
334,RMD_Stendhal Syndrome,PT_Metaverse,0.03612120592362805,0.035389769530628126,0.0584426744741467,33,0.32039712463972214,0.285007355109094
335,RMD_Hypergraphia,PT_Selective Serotonin Reuptake Inhibitors,0.034773172269711196,0.034773172269711196,0.0505066626248518,36,0.36348383106523563,0.32871065879552436
336,RMD_Avoidant Personality Disorder,PT_Pharmacogenomic Testing,0.03182523120245826,0.031330039692205346,0.0551017341491635,33,0.5095284915349447,0.4781984518427394
337,RMD_Palilalia,PT_Chronotherapy,0.03068589281767856,0.03068589281767856,0.0972127687237778,36,0.3795989302312224,0.34891303741354374
338,RMD_Savant Syndrome,PT_Occupational Therapy,0.023184716881825204,0.02252040493704087,0.0320234645734059,33,0.38614106109126467,0.3636206561542238
339,RMD_Fregoli Delusion,PT_Selective Serotonin Reuptake Inhibitors,0.02267432972026739,0.02267432972026739,0.0334881906658735,36,0.3513849885157918,0.32871065879552436
340,RMD_Autosarcophagy,PT_Speech Language Therapy,0.022192910257067183,0.020133817349218732,0.043199200302082,30,0.21154005420558908,0.19140623685637032
341,RMD_Savant Syndrome,PT_Hypnotherapy,0.021790579622567263,0.021790579622567263,0.0233459466117045,36,0.38614106109126467,0.3643504814686974
342,RMD_Fregoli Delusion,PT_Mentalization Based Treatment,0.021276546343262807,0.021276546343262807,0.0555073617347735,36,0.3513849885157918,0.33010844217252894
343,RMD_Savant Syndrome,PT_Electroconvulsive Therapy,0.01546082923927671,0.015298096522472096,0.0202811323844098,34,0.38614106109126467,0.37084296456879257
344,RMD_Fregoli Delusion,PT_Smart Wearable Mental Health Trackers,0.013984312484934817,0.013984312484934817,0.0553075843795967,36,0.3513849885157918,0.33740067603085694
345,RMD_Savant Syndrome,PT_Motivational Interviewing,0.009643328312277176,0.007824884239817342,0.0145367976896406,29,0.38614106109126467,0.37831617685144736
346,RMD_Reduplicative Paramnesia,PT_Animal Assisted Therapy,0.009297942278547489,0.004331371246922044,0.0606923791406674,14,0.42873007590569084,0.42439870465876883
347,RMD_Intermetamorphosis Syndrome,PT_Prolonged Exposure Therapy,0.009030256794636945,0.009030256794636945,0.0222107033276759,36,0.027091625400894777,0.018061368606257774
348,RMD_Stendhal Syndrome,PT_Antidepressants,0.008400686842216525,0.004873331396349772,0.0174177737215613,26,0.32039712463972214,0.3155237932433723
349,RMD_Stendhal Syndrome,PT_Clozapine Protocol,0.005295064378507722,0.0018608752529798776,0.0143001986080472,22,0.32039712463972214,0.3185362493867423
350,RMD_Intermetamorphosis Syndrome,PT_Cognitive Assistive Technologies,0.005154159045016853,-0.00038358137634114165,0.0190672806726209,18,0.027091625400894777,0.027475206777235917
351,RMD_Wendigo Psychosis,PT_Interpersonal Psychotherapy,0.0051121376346020065,-0.002557044613552875,0.0141033077656201,21,0.22485537070905748,0.22741241532261036
352,RMD_Wendigo Psychosis,PT_Deep Brain Stimulation,0.0043147742153179895,-0.04904260563892124,0.0587351649140198,5,0.22485537070905748,0.27389797634797874
353,RMD_Fregoli Delusion,PT_Hypnotherapy,0.004310365908205425,-0.012965492952905569,0.0478532216471401,7,0.3513849885157918,0.3643504814686974
354,RMD_Koro,PT_Vagus Nerve Stimulation,0.004239603105394731,-0.0070408205125434865,0.0413760896629983,8,0.36459245971057613,0.3716332802231197
355,RMD_Fregoli Delusion,PT_Cbt For Insomnia,0.0018356319983000083,-0.1121933152473322,0.0451704699369855,2,0.3513849885157918,0.46357830376312403
356,RMD_Brief Psychotic Disorder,PT_Pharmacogenomic Testing,0.0013495639491308943,-0.06546204662513841,0.0310624383825354,3,0.4127364052176009,0.4781984518427394
357,RMD_Hypergraphia,PT_Cbt For Insomnia,0.0007817631399644777,-0.10009447269788839,0.0234083564700451,2,0.36348383106523563,0.46357830376312403
358,RMD_Savant Syndrome,PT_Cbt For Insomnia,0.00032520816801844167,-0.07743724267185931,0.0117074940486639,1,0.38614106109126467,0.46357830376312403
359,RMD_Stendhal Syndrome,PT_Selective Serotonin Reuptake Inhibitors,0.00013202938019367776,-0.008313534155802169,0.0013913413931114,6,0.32039712463972214,0.32871065879552436
360,RMD_Savant Syndrome,PT_Stimulant And Wake Promoting Agents,0.0,-0.005028172822905872,-0.0023059958653061,0,0.38614106109126467,0.39116923391417063
361,RMD_Savant Syndrome,PT_Closed Loop Neurostimulation,0.0,-0.01366541966143451,-0.0057003968112106,0,0.38614106109126467,0.39980648075269926
362,RMD_Hypergraphia,PT_Motivational Interviewing,0.0,-0.014832345786211667,-0.0087113049993133,0,0.36348383106523563,0.37831617685144736
363,RMD_Hypergraphia,PT_Digital Phenotyping,0.0,-0.06985027002186806,-0.0125194988695854,0,0.36348383106523563,0.4333341010871037
364,RMD_Avoidant Personality Disorder,PT_Machine Learning Neuroimaging,0.0,-0.11317689077859987,-0.0161090828829691,0,0.5095284915349447,0.6227053823135447
365,RMD_Pyromania,PT_Machine Learning Neuroimaging,0.0,-0.08609922191981029,-0.0243055728922418,0,0.5366061603937343,0.6227053823135447
366,RMD_Delusional Disorder,PT_Digital Health Tools,0.0,-0.07972553660639163,-0.0505752079359826,0,0.191480268495844,0.2712058051022357
367,RMD_Autosarcophagy,PT_Narrative Exposure Therapy,0.0,-0.07634219739510094,-0.0543587196930789,0,0.21154005420558908,0.2878822516006901
368,RMD_Delusional Disorder,PT_Metaverse,0.0,-0.09352708661324992,-0.0554112107816103,0,0.191480268495844,0.285007355109094
369,RMD_Hypergraphia,PT_Machine Learning Neuroimaging,0.0,-0.25922155124830903,-0.0556302386588329,0,0.36348383106523563,0.6227053823135447
370,RMD_Delusional Disorder,PT_Resting State Fmri,0.0,-0.0829230051105503,-0.0562715975238755,0,0.191480268495844,0.2744032736063944
371,RMD_Savant Syndrome,PT_Machine Learning Neuroimaging,0.0,-0.23656432122227994,-0.0673311010802142,0,0.38614106109126467,0.6227053823135447
372,RMD_Wendigo Psychosis,PT_Anxiolytic Medications,0.0,-0.08180555094318237,-0.0740482782011555,0,0.22485537070905748,0.3066609216522399
373,RMD_Delusional Disorder,PT_Anxiolytic Medications,0.0,-0.11518065315639585,-0.0876032254050276,0,0.191480268495844,0.3066609216522399
374,RMD_Intermetamorphosis Syndrome,PT_Psilocybin Assisted Therapy,0.0,-0.17706814213878466,-0.0940071903524521,0,0.027091625400894777,0.2041597675396795
375,RMD_Delusional Disorder,PT_Antidepressants,0.0,-0.12404352474752829,-0.0964361115341957,0,0.191480268495844,0.3155237932433723
376,RMD_Intermetamorphosis Syndrome,PT_Focused Ultrasound Therapy,0.0,-0.12515128466879433,-0.1041504817771086,0,0.027091625400894777,0.15224291006968915
377,RMD_Delusional Disorder,PT_Cognitive Behavioral Therapy,0.0,-0.1291813535782212,-0.1042762706793146,0,0.191480268495844,0.32066162207406523
378,RMD_Delusional Disorder,PT_Selective Serotonin Reuptake Inhibitors,0.0,-0.1372303902996803,-0.1124625438626455,0,0.191480268495844,0.32871065879552436
379,RMD_Autosarcophagy,PT_Light Therapy,0.0,-0.13005104530823908,-0.1141784283335859,0,0.21154005420558908,0.3415910995138282
380,RMD_Autosarcophagy,PT_Acceptance And Commitment Therapy,0.0,-0.12843443523075204,-0.1184137803488751,0,0.21154005420558908,0.3399744894363412
381,RMD_Intermetamorphosis Syndrome,PT_Trauma Focused Cbt,0.0,-0.18813234063673465,-0.1617198049720764,0,0.027091625400894777,0.21522396603762947
382,RMD_Intermetamorphosis Syndrome,PT_Clozapine Protocol,0.0,-0.2914446239858475,-0.2678420673748612,0,0.027091625400894777,0.3185362493867423
383,RMD_Intermetamorphosis Syndrome,PT_Vagus Nerve Stimulation,0.0,-0.3445416548222248,-0.3178972965203642,0,0.027091625400894777,0.3716332802231197
384,RMD_Intermetamorphosis Syndrome,PT_Pharmacogenomic Testing,0.0,-0.4511068264418446,-0.3709884751133969,0,0.027091625400894777,0.4781984518427394
