t,Global_Disaster_Total,Global_Holidays_Average,Global_Holidays_Total,PT_Animal-Assisted Interventions,PT_Antidepressants,PT_Antipsychotic Medications,PT_Behavioral Activation Therapy,PT_Benzodiazepines,PT_Biofeedback Devices,PT_Brain Stimulation Technologies,PT_Brain-Computer Interface,PT_Cognitive Behavioral Therapy,PT_Cognitive Enhancement Programs,PT_Cognitive Technologies,PT_Creative Arts Therapies,PT_Dietary Interventions & Supplements,PT_Digital Health Tools,PT_Digital Imaging Technologies for Brain Scanning,PT_Electroencephalography,PT_Exposure Therapy,PT_Expressive Writing & Journaling,PT_Eye Movement Desensitization and Reprocessing,PT_Genetic Testing,PT_Interpersonal Psychotherapy,PT_Meditation and Relaxation Techniques,PT_Metaverse,PT_Mindfulness-Based Stress Reduction,PT_Mood Stabilizers,PT_Neurocognitive Training,PT_Neurofeedback Systems,PT_Neuromodulation Techniques,PT_Neuroprotective Agents,PT_Peer Support Programs & Online Communities,PT_Personalized Medicine,PT_Privacy-Preserving AI in Digital Mental Health,PT_Psychoeducation Programs,PT_Psychophysiological Metrics for Treatment Response,PT_Regenerative Medicine Approaches,PT_Resting-state Functional Magnetic Resonance Imaging,PT_Selective Serotonin Reuptake Inhibitors,PT_Social Skills Training,PT_Stem Cell Therapy for Neurological Disorders,PT_Traditional & Alternative Medicine Approaches,PT_Transcranial Magnetic Stimulation,PT_Trauma-Focused CBT,PT_Virtual Reality Exposure Therapy,PT_Voxel-based Lesion-Symptom Mapping,RMD_Anorexia nervosa,RMD_Antisocial Personality Disorder,RMD_Autosarcophagy,RMD_Avoidant Personality,RMD_Boanthropy,RMD_Body Integrity Dysphoria,RMD_Brief Psychotic,RMD_Capgras,RMD_Childhood Disintegrative Disorder,RMD_Circadian Rhythm Sleep-Wake,RMD_Cyclothymic,RMD_Delusional,RMD_Dementia pugilistica,RMD_Diogenes,RMD_Disinhibited Social Engagement,RMD_Dissociative Fugue,RMD_Ekbom,RMD_Erotomanic,RMD_Factitious,RMD_Fregoli Delusion,RMD_Ganser,RMD_Hallucinogen-Induced Psychotic,RMD_Histrionic Personality,RMD_Hypergraphia,RMD_Hyperthymesia,RMD_Impulse Control,RMD_Intermetamorphosis,RMD_Kleine-Levin,RMD_Kleptomania,RMD_Landau-Kleffner,RMD_Narcissistic Personality,RMD_Olfactory Reference,RMD_Othello,RMD_Palilalia,RMD_Paramnesia,RMD_Postpartum Psychosis,RMD_Psychogenic Amnesia,RMD_Pyromania,RMD_Reactive Attachment,RMD_Reduplicative Paramnesia,RMD_Rumination,RMD_Savant,RMD_Schizoaffective,RMD_Schizotypal Personality,RMD_Selective Mutism,RMD_Stendhal,RMD_Walking Corpse,RMD_koro
-001-12,33.25614356994629,1.224526286125183,43.96038627624512,21.4680814743042,140.6969451904297,73.60705947875977,64.17102813720703,69.08171463012695,1.331941843032837,0.4766044467687607,28.851338386535645,53.46588134765625,0.07734579592943192,29.264716148376465,20.106124877929688,0.30117350816726685,60.81149673461914,0.6243614256381989,64.9213981628418,18.54891014099121,2.4204519987106323,9.771054744720459,10.52818489074707,13.618517398834229,5.789795160293579,159.6057586669922,38.81857490539551,127.64362335205078,3.0794602632522583,0.6683480441570282,11.268810749053955,10.003390312194824,0.011717236135154963,150.28887939453125,7.390465497970581,2.584878087043762,6.53790283203125,3.2256741523742676,30.162044525146484,41.74623489379883,0.20252356678247452,7.535271406173706,52.69789123535156,85.49518585205078,8.454140186309814,8.558816909790039,0.6730107665061951,106.03576278686523,58.0170783996582,7.511221408843994,61.36744499206543,37.76431083679199,18.797956466674805,54.924095153808594,34.41085243225098,31.087559700012207,2.0402904748916626,104.76987838745117,102.03462982177734,24.99510097503662,49.52614402770996,10.681234359741211,32.261648178100586,62.47705078125,35.997671127319336,101.18721008300781,36.79658508300781,23.7422456741333,78.96847152709961,30.792038917541504,14.525343894958496,86.65632629394531,23.894145011901855,4.012425184249878,12.016108989715576,63.5372257232666,2.6896010637283325,47.30955505371094,65.19916915893555,58.725162506103516,76.5198974609375,12.448883533477783,33.90761756896973,74.27790069580078,52.80770301818848,45.868722915649414,19.258051872253418,60.7715950012207,94.39115524291992,136.0999298095703,38.62051773071289,88.13759994506836,52.184064865112305,13.047664165496826,19.373001098632812
0000-01,33.849815368652344,1.2329508066177368,44.214908599853516,22.346416473388672,146.08354949951172,76.92204284667969,77.76886749267578,73.76984786987305,1.3736839890480042,0.4220157563686371,27.914926528930664,58.14217185974121,0.08073801174759865,28.83649253845215,22.733468055725098,0.40670208632946014,66.97441482543945,0.6475859880447388,57.91741180419922,21.211181640625,2.5900031328201294,10.067269325256348,11.077801704406738,13.76595687866211,6.664606094360352,203.49099731445312,43.93257141113281,154.76313018798828,3.3101794719696045,0.6913890242576599,12.16808271408081,10.571463108062744,0.013897918164730072,175.4693832397461,7.529328346252441,2.7191967964172363,7.455430507659912,3.5466630458831787,35.451194763183594,36.276079177856445,0.2094711810350418,8.153865337371826,75.63908386230469,88.74635696411133,9.84639835357666,8.867630004882812,0.7094779312610626,107.41729736328125,61.45596122741699,8.2318434715271,68.88949584960938,41.74501037597656,17.93381118774414,61.248104095458984,37.98748970031738,32.33023643493652,2.2096076011657715,105.75661849975586,125.27655792236328,30.43193531036377,50.61263465881348,13.64680290222168,33.818885803222656,65.12461471557617,36.84882736206055,103.95687103271484,35.439292907714844,24.959806442260742,86.38572692871094,31.585389137268066,15.032411098480225,99.09292984008789,23.497990608215332,4.351012706756592,13.712018966674805,63.75533485412598,2.698877215385437,56.23705863952637,77.49520874023438,61.06176567077637,75.6649284362793,14.253827571868896,35.767316818237305,79.5495834350586,53.745849609375,43.85577392578125,22.77098560333252,66.14724731445312,88.83263778686523,145.18382263183594,45.51348876953125,91.54623794555664,53.640764236450195,14.019309043884277,22.430673599243164
0000-02,34.248374938964844,1.2424370050430298,44.57575988769531,29.187829971313477,151.0855941772461,77.11597061157227,84.26261901855469,75.32207489013672,1.388132393360138,0.5055711567401886,31.61113452911377,67.82629776000977,0.09859399497509003,25.361186027526855,21.498607635498047,0.47521133720874786,83.35313415527344,0.640249103307724,52.53627586364746,19.81902027130127,2.5120588541030884,10.216347217559814,11.33258581161499,14.835090160369873,5.9183220863342285,220.91139221191406,40.8597469329834,179.52857208251953,3.087628483772278,0.6959048807621002,12.581767082214355,10.410479068756104,0.013768487144261599,150.7223892211914,8.646824836730957,2.5834282636642456,7.45510721206665,3.2600029706954956,28.815800666809082,41.79208564758301,0.2979287952184677,8.290945529937744,61.2090950012207,100.00106048583984,9.423324584960938,9.106053829193115,0.8758565783500671,98.2257194519043,60.8637809753418,7.651881456375122,72.36918640136719,40.965993881225586,18.403406143188477,61.41554069519043,38.34601020812988,30.65658664703369,2.2781615257263184,102.90145874023438,120.43586349487305,24.109198570251465,53.52705192565918,14.089220523834229,35.79377746582031,63.99222183227539,36.56854248046875,104.34780883789062,30.529149055480957,22.097580909729004,82.55471801757812,31.10476303100586,14.076740264892578,83.41063690185547,23.63547992706299,4.791406631469727,14.207229137420654,63.550235748291016,2.6135361194610596,63.54536247253418,64.71685791015625,54.10617256164551,73.31034469604492,14.679741859436035,36.23556709289551,81.20801162719727,51.150245666503906,48.407188415527344,20.08253765106201,69.23009490966797,88.90813446044922,151.324462890625,44.629085540771484,93.37761688232422,59.47859764099121,14.078031539916992,23.011789321899414
0000-03,32.8692626953125,1.2141380310058594,43.62849044799805,18.361971855163574,125.52547836303711,65.69590377807617,29.337233543395996,63.70069122314453,1.2056200504302979,0.4730899780988693,24.842875480651855,60.21244812011719,0.06938614696264267,24.362911224365234,13.82041883468628,0.3357223719358444,39.61970329284668,0.5696957409381866,42.34295654296875,13.626686573028564,1.949878752231598,9.351183891296387,9.467644214630127,13.49190616607666,4.812171220779419,79.0985336303711,41.557621002197266,81.52673721313477,2.7107845544815063,0.5910137295722961,8.87059497833252,10.154664039611816,0.0051656910218298435,159.7091293334961,4.989348649978638,2.148153305053711,5.337743759155273,3.4722238779067993,31.20158290863037,39.002920150756836,0.18727892637252808,5.939575672149658,35.83298301696777,88.17647933959961,6.731655597686768,8.77370309829712,0.8347930014133453,88.84704971313477,59.33341598510742,6.099351167678833,46.62615776062012,35.20785331726074,18.714472770690918,55.719343185424805,32.012542724609375,28.337571144104004,2.099109172821045,97.91732788085938,68.71835708618164,22.905542373657227,44.360694885253906,11.643045425415039,30.92281723022461,55.75669288635254,29.85053062438965,90.2853775024414,30.71747589111328,21.454408645629883,64.75311660766602,28.698196411132812,15.417475700378418,72.08866119384766,20.719810485839844,3.68433678150177,10.073599815368652,59.86755180358887,2.6923292875289917,45.67971992492676,59.65134811401367,55.125986099243164,62.459177017211914,7.955988883972168,30.18080425262451,64.71952819824219,50.66773223876953,43.36737251281738,18.68178939819336,52.45659255981445,85.34577178955078,119.3913688659668,32.18892288208008,81.73860931396484,45.0438117980957,10.893073081970215,18.048449516296387
0000-04,33.23957633972168,1.2499140501022339,44.763057708740234,25.031773567199707,152.04971313476562,76.78307723999023,68.96741104125977,75.28716278076172,1.4005010724067688,0.555953860282898,28.01349639892578,65.91584777832031,0.09641943871974945,31.348179817199707,23.370259284973145,0.3567691296339035,82.48286819458008,0.658911406993866,73.66077041625977,21.29683208465576,2.608654499053955,10.55002498626709,10.791304111480713,13.91453742980957,6.361867666244507,183.18841552734375,38.56519889831543,145.6616439819336,3.497811794281006,0.7241333723068237,12.076894283294678,10.479445457458496,0.012964013498276472,164.96129608154297,7.011672496795654,2.496447801589966,7.256161689758301,3.229819416999817,27.328571319580078,53.05897903442383,0.29805001616477966,8.761752128601074,67.82353210449219,88.30459213256836,9.83879566192627,9.20225477218628,0.9428794980049133,119.92558670043945,60.71357345581055,8.412363529205322,70.6677360534668,38.01615905761719,19.781660079956055,58.706298828125,38.393131256103516,30.968335151672363,2.101215958595276,110.76518249511719,122.8962287902832,31.70908260345459,50.71973419189453,12.296728134155273,34.1674919128418,66.890625,38.986900329589844,106.5705795288086,43.81309700012207,27.575078010559082,94.14621353149414,30.86419677734375,16.412376403808594,106.56214141845703,25.542003631591797,4.443450212478638,13.605937957763672,68.38199234008789,3.0133302211761475,56.968482971191406,77.21500015258789,64.88781356811523,83.45831298828125,13.815486907958984,35.49477958679199,78.18356323242188,56.48381423950195,49.7224063873291,22.937647819519043,67.50833129882812,99.30984878540039,150.9459457397461,43.2150936126709,91.09831237792969,54.333452224731445,14.898031234741211,17.781912803649902
0000-05,33.79267883300781,1.2432075142860413,44.507591247558594,17.819175720214844,121.83136367797852,70.31258773803711,39.57257270812988,61.35593605041504,1.1567058563232422,0.4215088486671448,28.04195499420166,70.81156158447266,0.06725514680147171,18.72676181793213,16.151799201965332,0.33007343113422394,35.83574676513672,0.5473722517490387,45.19138717651367,13.905443668365479,2.0504672527313232,7.939050197601318,8.853213787078857,14.467499256134033,4.559119939804077,109.54366302490234,36.6023006439209,104.70816040039062,2.3739089965820312,0.5892188251018524,9.33790922164917,10.593182563781738,0.012300590518862009,127.50039672851562,5.532238960266113,2.260305404663086,5.338543176651001,2.8543355464935303,23.446672439575195,28.904218673706055,0.236149400472641,6.674423694610596,37.251827239990234,89.0282211303711,6.489583730697632,8.098973274230957,0.8896280229091644,90.93634414672852,59.374935150146484,5.5653674602508545,48.460845947265625,29.71420192718506,18.36842918395996,53.356706619262695,31.048583030700684,30.082945823669434,1.900292992591858,100.54687118530273,71.39564514160156,20.91694164276123,45.37539100646973,8.727811813354492,30.31300163269043,56.24482727050781,35.88242530822754,95.36749267578125,29.21181011199951,22.53854751586914,56.45437812805176,27.9661283493042,12.387135982513428,57.43784523010254,22.684123992919922,3.5877959728240967,10.033607959747314,63.3216495513916,2.5382529497146606,51.29086685180664,44.82096862792969,50.12357139587402,63.02072715759277,7.994912624359131,30.828805923461914,67.38185119628906,50.1400260925293,46.18071174621582,19.426398277282715,49.66632080078125,76.0771484375,119.1651496887207,33.92665672302246,83.00634384155273,48.893104553222656,10.136631965637207,20.24949073791504
0000-06,34.369361877441406,1.2761189937591553,45.75703239440918,12.310549259185791,108.12520980834961,64.0689926147461,20.956645011901855,53.48003578186035,1.031729519367218,0.7109047472476959,23.657142639160156,67.95174789428711,0.07027901709079742,16.600547790527344,11.551732063293457,0.3204524517059326,26.050952911376953,0.4574730694293976,35.455644607543945,10.587631225585938,1.5966333746910095,8.611264705657959,7.331000804901123,15.38719892501831,3.6972864866256714,67.94359588623047,36.057899475097656,89.29257583618164,2.1995769739151,0.5284188091754913,7.758018255233765,10.94407844543457,0.012423340696841478,136.85799407958984,4.333814859390259,1.913837194442749,4.095989227294922,2.9207022190093994,20.902771949768066,29.86963653564453,0.2720586508512497,4.862620115280151,24.023916244506836,100.05956649780273,5.298651933670044,7.6822545528411865,1.2050129175186157,81.26745986938477,65.92156219482422,4.4559407234191895,38.83317184448242,26.744091033935547,18.993645668029785,50.49732780456543,28.083308219909668,28.764978408813477,1.7175262570381165,97.04066848754883,50.43930625915527,24.881823539733887,42.6248779296875,7.737881422042847,27.484368324279785,51.485008239746094,32.23814582824707,87.17098236083984,25.78848171234131,22.004283905029297,46.273019790649414,26.68739414215088,14.993717193603516,51.77021598815918,20.77635955810547,2.966563582420349,8.412923336029053,61.807729721069336,2.5296744108200073,57.28864669799805,42.59836196899414,51.56741523742676,55.51562690734863,4.902012348175049,28.4677734375,60.32170486450195,50.06131172180176,48.06125450134277,22.447420120239258,42.0088005065918,72.02250671386719,107.1528549194336,27.656917572021484,78.38711929321289,44.05729103088379,9.164080142974854,16.927383422851562
0000-07,34.03827476501465,1.2308001518249512,44.13914108276367,16.583043098449707,130.91859436035156,78.02709579467773,59.45326232910156,67.78943634033203,1.2305938005447388,0.5717958807945251,25.52205753326416,55.541175842285156,0.0854736976325512,24.78154945373535,19.478256225585938,0.3938961923122406,57.488380432128906,0.5838856101036072,51.07194519042969,20.53106117248535,2.474342703819275,9.804025650024414,8.706065654754639,14.228363990783691,5.885641574859619,179.04627990722656,38.490142822265625,170.0828094482422,2.806704521179199,0.6513980627059937,10.657660961151123,10.10831356048584,0.011268005706369877,145.9992904663086,8.146424293518066,2.34218430519104,6.570248603820801,3.263027548789978,25.76943016052246,49.41164016723633,0.2762581557035446,6.948224782943726,65.91985702514648,95.74824142456055,8.411774158477783,8.492042541503906,0.841390460729599,113.69215393066406,60.947343826293945,8.308418273925781,60.47245788574219,33.50349807739258,18.146700859069824,56.82821846008301,35.43737983703613,32.10651969909668,1.9799595475196838,106.89457702636719,103.17288970947266,27.943973541259766,48.55301856994629,10.299051761627197,30.854191780090332,64.17035293579102,37.86810874938965,104.29226303100586,37.32736778259277,25.94486427307129,72.35913848876953,31.181774139404297,16.39563751220703,82.74921035766602,24.245089530944824,3.699210047721863,12.479980945587158,64.47189712524414,2.4966936111450195,55.79386520385742,64.44473266601562,60.816246032714844,73.16742324829102,12.277688026428223,34.658363342285156,76.25420379638672,54.41389465332031,46.75891876220703,20.797882080078125,60.00703239440918,91.58885192871094,138.40902709960938,41.84234619140625,88.47926712036133,50.28553771972656,12.51064682006836,21.9022274017334
0000-08,33.35470199584961,1.2203733325004578,43.85555458068848,15.35624361038208,119.69916152954102,68.85429382324219,37.13868522644043,60.254648208618164,1.1532028317451477,0.4999941736459732,26.220043182373047,67.1678695678711,0.06126565858721733,20.669440269470215,16.431001663208008,0.26549625396728516,37.55816459655762,0.5685257315635681,30.606104850769043,13.661203384399414,1.8499812483787537,8.769296646118164,9.20307731628418,13.702297687530518,4.48280668258667,127.85974884033203,36.97586441040039,122.90872192382812,2.519694685935974,0.6030821204185486,9.834774017333984,10.295310020446777,0.012636982835829258,155.53640747070312,6.943889856338501,2.6179399490356445,5.450996160507202,3.2868151664733887,27.591275215148926,23.966053009033203,0.22510499507188797,6.2372517585754395,32.595998764038086,85.00129699707031,6.409147024154663,8.333471298217773,0.8364815711975098,81.42330169677734,62.68921661376953,6.1761064529418945,49.42236137390137,34.90985107421875,17.781660079956055,52.470449447631836,32.01550483703613,30.805760383605957,1.9722487330436707,96.1680679321289,76.37836074829102,27.56049633026123,47.245887756347656,9.840079307556152,29.88858413696289,56.1357479095459,32.839250564575195,91.74564743041992,25.09047794342041,21.781468391418457,62.53939437866211,29.654369354248047,11.86135721206665,70.4695053100586,21.36867904663086,3.358547806739807,10.780106544494629,59.39488983154297,2.384021759033203,49.709611892700195,58.32801818847656,48.76580810546875,65.88642883300781,7.9017956256866455,31.20560359954834,68.73014450073242,49.53923034667969,44.33429145812988,21.251544952392578,51.10703468322754,79.56853866577148,122.30307388305664,33.553340911865234,84.04690170288086,49.61575126647949,10.940154075622559,17.547948837280273
0000-09,33.88815498352051,1.244857907295227,44.63399314880371,15.748099327087402,131.95970153808594,68.55131149291992,40.59402656555176,65.71460342407227,1.193104863166809,0.5887553989887238,25.52619457244873,64.00082015991211,0.08105365559458733,26.37106990814209,16.385518074035645,0.3764915019273758,49.38271713256836,0.5356020331382751,79.10392761230469,15.749478816986084,2.1265549659729004,10.377922058105469,9.198309421539307,13.894286155700684,5.146467924118042,83.40041732788086,37.879018783569336,78.47375106811523,3.0347588062286377,0.5991176664829254,9.165675163269043,10.82034683227539,0.011398233007639647,146.48381805419922,4.02383828163147,2.0565918684005737,5.701024532318115,3.048412322998047,24.758872032165527,61.70971488952637,0.26295262575149536,6.589428186416626,45.76297187805176,91.69968795776367,7.487923622131348,8.274163246154785,0.9305090308189392,102.93204116821289,61.760066986083984,6.628931283950806,51.57767868041992,30.10380268096924,18.347311973571777,52.75522041320801,33.37143898010254,29.074337005615234,1.84501051902771,104.4609146118164,80.85337829589844,26.786240577697754,44.43448066711426,9.286017894744873,30.58246898651123,59.04442596435547,33.56101417541504,95.46023178100586,38.90921592712402,23.227147102355957,65.95511245727539,28.45681858062744,16.0540189743042,72.85375213623047,22.76193332672119,3.370445966720581,10.620764255523682,63.228864669799805,2.943727493286133,58.09535789489746,57.14955139160156,68.0802116394043,68.23171615600586,9.578174114227295,31.562829971313477,67.0760269165039,55.39296913146973,47.005231857299805,19.577994346618652,52.74272155761719,92.43875885009766,127.4588851928711,35.59872055053711,83.53109359741211,44.298627853393555,11.729496002197266,19.82164478302002
0000-10,34.19712257385254,1.235933244228363,44.29292297363281,22.95608901977539,129.18285369873047,70.51667022705078,48.39188766479492,63.801204681396484,1.2263961434364319,0.4341035783290863,28.03881072998047,58.96451950073242,0.07576773688197136,20.335126876831055,16.595587730407715,0.35433758795261383,42.40606117248535,0.5631986260414124,53.24378967285156,14.498312950134277,2.049846053123474,8.665357112884521,9.670732498168945,14.254517078399658,4.932116746902466,131.10872650146484,38.401193618774414,120.00117492675781,2.659554362297058,0.642033576965332,10.413878917694092,10.456712245941162,0.010564934927970171,134.20250701904297,6.372400999069214,2.327833652496338,5.531682729721069,3.113462448120117,27.08460807800293,37.566993713378906,0.24571479856967926,6.439258575439453,39.34547424316406,93.47945404052734,7.195623159408569,7.922983646392822,0.7687453031539917,91.73716735839844,59.98126792907715,5.5816779136657715,56.12719917297363,32.362037658691406,17.898619651794434,54.876508712768555,33.068227767944336,30.6743221282959,1.9907097816467285,101.22479629516602,82.06303405761719,22.34397792816162,48.648277282714844,10.758788108825684,32.24205207824707,57.786376953125,35.91886329650879,96.58694076538086,28.504995346069336,24.112065315246582,62.16312789916992,28.764260292053223,15.5383882522583,63.07292366027832,23.14793109893799,4.111327409744263,11.161038398742676,62.46064567565918,2.366089105606079,49.788557052612305,49.628021240234375,55.678937911987305,65.28633117675781,8.605056762695312,32.45088577270508,72.16929244995117,51.769710540771484,46.535037994384766,20.586851119995117,54.495094299316406,82.0012321472168,128.70770263671875,36.024234771728516,87.38811111450195,52.020320892333984,11.254839897155762,22.1481294631958
0000-11,34.04311180114746,1.2026666402816772,43.17966079711914,16.230786323547363,130.24115753173828,69.69659805297852,38.27840995788574,64.79587936401367,1.1722338795661926,0.25512129068374634,25.268356323242188,61.46017074584961,0.07605145499110222,23.59494400024414,14.059321880340576,0.4081420302391052,51.06142044067383,0.5288237929344177,69.2905044555664,14.576191425323486,2.0195693969726562,9.36869478225708,8.301539421081543,14.103824615478516,4.675562858581543,98.38504409790039,36.40654373168945,106.75231552124023,2.76874315738678,0.5655614137649536,8.660261154174805,10.506918907165527,0.011653796769678593,129.11910247802734,5.124005556106567,2.2198734283447266,5.635648965835571,2.891857147216797,22.63233757019043,64.71338272094727,0.25295092165470123,6.252577781677246,40.977821350097656,96.1391487121582,6.8838372230529785,8.1231050491333,0.7959438264369965,102.09722137451172,58.96759796142578,5.67668604850769,47.9138298034668,27.648493766784668,17.474637031555176,53.699405670166016,32.812978744506836,29.511425018310547,1.8506322503089905,103.88068008422852,77.35584259033203,19.44567108154297,43.92427635192871,9.821697235107422,30.330886840820312,55.440025329589844,34.384681701660156,94.74220657348633,32.193410873413086,20.510689735412598,58.79975509643555,27.528371810913086,15.57388687133789,65.76708602905273,23.003171920776367,3.385550856590271,10.507530689239502,61.12689971923828,2.425995349884033,53.64677619934082,51.679548263549805,60.59939956665039,60.56302833557129,8.833847999572754,30.981090545654297,67.85638046264648,52.98207664489746,46.61911582946777,18.364713668823242,50.758270263671875,90.8803596496582,125.86697387695312,35.586692810058594,82.72628784179688,46.39313316345215,10.529490947723389,19.447057723999023
0000-12,33.94011306762695,1.2110925912857056,43.43881607055664,17.773487091064453,135.12347412109375,70.98283386230469,49.704965591430664,65.1393928527832,1.2670639753341675,0.5118436217308044,28.598613739013672,62.484439849853516,0.09469190984964371,24.98000431060791,17.270609855651855,0.35903745889663696,48.86223793029785,0.6001672744750977,69.38901901245117,14.964169025421143,2.101955533027649,9.107456684112549,9.254329204559326,13.882667541503906,4.921436309814453,130.0654525756836,37.53237342834473,120.92004776000977,2.851449966430664,0.6165245175361633,9.733061790466309,9.917306900024414,0.013001666869968176,141.59681701660156,6.50961709022522,2.416024923324585,5.989138841629028,3.0109779834747314,28.132670402526855,48.44711875915527,0.2718092352151871,7.1577935218811035,42.39711380004883,92.32623291015625,7.015288591384888,8.046743869781494,0.9014182984828949,99.44311141967773,59.2905387878418,5.682271480560303,53.01168251037598,35.149635314941406,18.210533142089844,57.776390075683594,32.690467834472656,29.98809242248535,2.0177465677261353,103.62848281860352,81.67109680175781,21.7772798538208,46.877885818481445,11.142953395843506,31.761051177978516,57.32816123962402,36.16899108886719,96.1892318725586,31.703622817993164,22.094911575317383,69.96437072753906,28.5772647857666,15.548935890197754,75.7157211303711,22.727018356323242,3.443728446960449,10.620247840881348,63.6921272277832,2.4716999530792236,55.96390914916992,56.792381286621094,59.42272186279297,67.61229705810547,10.120262622833252,31.77729606628418,69.62020111083984,52.67939376831055,46.067039489746094,19.705700874328613,53.74651527404785,87.90152359008789,128.35874938964844,35.672990798950195,84.68478393554688,49.97557258605957,11.2583327293396,20.097763061523438
0001-01,34.37824058532715,1.2647684216499329,45.28562355041504,20.161765098571777,127.91618347167969,73.2630615234375,64.8893928527832,65.71129989624023,1.2705151438713074,0.6523772180080414,27.567243576049805,67.04341125488281,0.09109899401664734,22.278584480285645,22.171878814697266,0.41294750571250916,50.46707725524902,0.6147359609603882,65.39563751220703,18.21768283843994,2.563109278678894,9.017799377441406,10.823502540588379,14.557508945465088,5.572230339050293,185.05076599121094,42.810874938964844,146.27254486083984,2.5573922395706177,0.6918449699878693,11.959887981414795,10.935147285461426,0.0139356623403728,155.60684967041016,8.146769523620605,2.631010413169861,6.62268590927124,3.4864585399627686,35.052734375,53.12594413757324,0.29169732332229614,7.108017444610596,56.81391906738281,96.339111328125,8.552433013916016,8.498383522033691,0.9953848421573639,99.00053787231445,64.28330612182617,6.651554107666016,60.65903663635254,38.65357780456543,19.02481174468994,57.14042663574219,33.12678146362305,31.809664726257324,2.1659265756607056,103.06856155395508,90.63066482543945,26.158824920654297,49.54714584350586,11.655179977416992,31.737723350524902,61.203399658203125,35.74489974975586,100.50212860107422,34.04142951965332,24.207435607910156,66.77197647094727,30.410966873168945,17.77464771270752,72.58781433105469,23.22903347015381,4.3077428340911865,12.693707466125488,63.68136787414551,2.339375615119934,57.75726318359375,57.91796684265137,60.03583335876465,69.05128860473633,10.758219718933105,33.812795639038086,77.1837043762207,53.669734954833984,50.40016174316406,20.82175064086914,56.156198501586914,85.52487182617188,127.00402450561523,39.92072868347168,88.74445343017578,52.959041595458984,11.60077428817749,24.354138374328613
0001-02,33.72965049743652,1.242244005203247,44.458251953125,21.201499938964844,133.1405487060547,72.95907592773438,55.39468002319336,66.37274169921875,1.172408938407898,0.4253295063972473,28.261262893676758,61.70127868652344,0.09051376208662987,24.01868724822998,17.43532943725586,0.3523426800966263,48.625247955322266,0.5568832159042358,49.261375427246094,14.367352962493896,2.0443488359451294,8.860595226287842,10.313074588775635,14.170438289642334,4.925049543380737,162.18143463134766,37.1385440826416,145.2727279663086,2.660677194595337,0.6098095178604126,10.871927738189697,10.170192241668701,0.011001954786479473,142.85001373291016,8.14494514465332,2.677889585494995,5.537248611450195,3.033766984939575,27.123560905456543,50.67791748046875,0.24762172251939774,6.785451889038086,39.96622276306152,94.80656814575195,7.467425107955933,8.417938709259033,0.815988302230835,108.64335250854492,58.26471138000488,5.757492303848267,54.15253448486328,32.804771423339844,17.909768104553223,55.1910514831543,32.4816780090332,31.418673515319824,2.045973777770996,106.69195556640625,78.18246078491211,20.772513389587402,49.19774627685547,10.109978675842285,31.401981353759766,57.24775695800781,37.2497673034668,97.10004806518555,34.68529510498047,22.595316886901855,59.49623680114746,29.835659980773926,15.180885314941406,69.030517578125,24.44510269165039,4.160299301147461,11.017161846160889,65.27823638916016,2.6100645065307617,54.57391929626465,55.37165069580078,58.9717903137207,63.78546905517578,9.130578517913818,32.5866813659668,72.41365051269531,52.53273582458496,46.27862548828125,20.13352680206299,54.20178413391113,89.36027908325195,123.25297164916992,35.493690490722656,86.82213592529297,54.348995208740234,11.592756748199463,18.33769130706787
0001-03,33.53746032714844,1.2486422657966614,44.72581672668457,22.765883445739746,126.50609588623047,74.82594299316406,65.93901824951172,65.48122787475586,1.293716847896576,0.6578857004642487,27.497904777526855,72.16435241699219,0.08852195367217064,22.71352767944336,22.31172275543213,0.37539736926555634,55.22545051574707,0.6410479545593262,52.83964157104492,19.292588233947754,2.4944703578948975,9.853240013122559,10.683629035949707,13.87627124786377,5.846359968185425,218.35281372070312,46.51446533203125,179.66732025146484,2.8449383974075317,0.6926814913749695,11.921550750732422,10.527358531951904,0.015402752440422773,187.6535873413086,9.41408634185791,2.811694622039795,6.675879001617432,3.7733670473098755,39.82766151428223,38.610965728759766,0.2999189645051956,7.2026567459106445,54.98493766784668,88.98675537109375,8.946224689483643,8.590437889099121,1.0021383166313171,101.88763046264648,66.76800537109375,7.328584671020508,62.92790603637695,42.742170333862305,18.304994583129883,59.13041877746582,33.85817909240723,31.980731964111328,2.243828296661377,104.4517593383789,99.93819427490234,33.280168533325195,51.421897888183594,12.646542072296143,31.69090461730957,62.70051193237305,37.48324394226074,102.46648788452148,33.577796936035156,25.41799259185791,72.01504898071289,31.358756065368652,15.574928760528564,80.189453125,24.047842025756836,4.364276647567749,13.149366855621338,63.06369972229004,2.503300189971924,60.88839530944824,63.61406898498535,56.69386100769043,70.64479064941406,11.323174476623535,34.27724075317383,78.70729064941406,52.8531608581543,47.52881050109863,23.876336097717285,58.815765380859375,86.52930068969727,133.50877380371094,42.00775146484375,89.96736526489258,55.6652717590332,12.0112886428833,23.838451385498047
0001-04,34.065921783447266,1.2292072772979736,44.06980323791504,12.126226902008057,116.32685852050781,66.74156188964844,34.75838851928711,58.277870178222656,1.0318288803100586,0.6837367117404938,26.562358856201172,75.61747360229492,0.08465906232595444,20.05243968963623,15.051530838012695,0.38903410732746124,35.21600914001465,0.5112266838550568,51.2061710357666,12.139613151550293,1.973247468471527,9.658329010009766,7.772282838821411,14.259364128112793,4.171231508255005,90.26180267333984,40.35704803466797,93.0718879699707,2.4103747606277466,0.5274792909622192,8.275836944580078,11.101638793945312,0.01131109008565545,140.3754425048828,5.359105587005615,2.2288089990615845,5.217499732971191,3.076918601989746,23.621562004089355,42.000572204589844,0.30842457711696625,6.13360595703125,32.58369255065918,92.8715705871582,6.350473642349243,7.48373818397522,1.182270884513855,89.74040985107422,62.79909706115723,5.009460926055908,41.51792526245117,26.22567653656006,18.655705451965332,55.719722747802734,29.25507640838623,29.460420608520508,1.8778194189071655,100.77422332763672,63.54092025756836,22.085598945617676,41.92724418640137,9.32059097290039,28.538789749145508,52.38404083251953,33.54910850524902,91.66427993774414,29.960851669311523,20.761075019836426,51.1723575592041,26.170467376708984,15.476428985595703,62.11251258850098,22.38648796081543,2.7138859033584595,9.21785306930542,59.16623878479004,2.6096235513687134,58.13782501220703,50.895328521728516,56.9608039855957,56.59917068481445,7.291042804718018,28.906691551208496,63.629119873046875,51.40952682495117,46.576921463012695,19.16677761077881,44.0123176574707,78.42900466918945,110.97942733764648,31.073220252990723,79.0481071472168,45.330772399902344,8.986486434936523,22.324341773986816
0001-05,34.820085525512695,1.2201613187789917,43.745418548583984,18.037254333496094,126.51387023925781,66.42311477661133,35.63395881652832,62.57576370239258,1.1751543879508972,0.2973441332578659,26.725051879882812,66.87056732177734,0.08416417613625526,20.98685646057129,12.813714504241943,0.44601084291934967,45.21519470214844,0.5316512286663055,62.07649803161621,11.892821788787842,1.8221706748008728,8.818081378936768,8.776593208312988,14.137528419494629,4.152069568634033,85.22446060180664,43.73423385620117,92.56325149536133,2.435058116912842,0.5543952286243439,9.004745960235596,10.8104887008667,0.010806439444422722,140.21723175048828,5.717228889465332,2.1436679363250732,4.8589253425598145,3.420770287513733,32.00687026977539,51.488914489746094,0.2939019799232483,5.725674390792847,35.43002700805664,102.89859008789062,6.448196887969971,7.747230529785156,0.8241254091262817,104.0164566040039,59.25737380981445,4.759180784225464,46.16152381896973,33.80674743652344,17.26949691772461,59.28441047668457,30.8447904586792,28.119300842285156,2.1652820110321045,103.99265670776367,68.76472473144531,15.32664442062378,45.93405342102051,12.164959907531738,30.72487735748291,53.49516487121582,32.751834869384766,91.56102752685547,31.47750186920166,20.03782558441162,52.93608474731445,27.91257953643799,17.075603485107422,58.423255920410156,22.85683822631836,3.3081873655319214,9.57560920715332,59.73409843444824,2.1459896564483643,61.75203514099121,46.57377624511719,61.31735610961914,55.25439643859863,7.662729501724243,29.82141876220703,65.6728744506836,52.17182731628418,47.784339904785156,18.6284236907959,49.41647148132324,90.12627792358398,119.38119125366211,32.43394660949707,82.52837753295898,48.10582160949707,9.361018657684326,25.45379066467285
0001-06,33.90065956115723,1.2380085587501526,44.40242576599121,16.23153018951416,129.28704833984375,70.11051559448242,43.24711990356445,63.22128868103027,1.2163165211677551,0.5258554220199585,27.31477928161621,60.2423210144043,0.1021992675960064,23.799216270446777,17.478854179382324,0.30538852512836456,49.61744689941406,0.567823976278305,50.92212104797363,15.310352325439453,2.1098552942276,8.166660785675049,9.290053844451904,14.160705089569092,5.101710319519043,115.24621963500977,36.71940040588379,110.64556121826172,2.558181643486023,0.6238960325717926,9.947419166564941,10.312187671661377,0.013673869427293539,138.3988265991211,6.4504876136779785,2.349221706390381,5.784009218215942,3.056667923927307,25.75657081604004,30.53413200378418,0.23501429706811905,7.022727727890015,41.009023666381836,90.30631637573242,7.281471014022827,8.128518104553223,0.9392549693584442,94.33735656738281,60.027143478393555,5.979180574417114,52.06629180908203,33.19665336608887,18.564538955688477,55.4378776550293,32.58360290527344,30.344768524169922,1.9810754656791687,100.75777053833008,86.29597473144531,21.858046531677246,47.27487373352051,10.151947498321533,30.933629989624023,58.08062934875488,34.46754455566406,96.520263671875,29.63466739654541,23.60097885131836,64.00101852416992,29.124699592590332,14.668527126312256,70.7857551574707,22.50514793395996,3.4053088426589966,10.73969030380249,63.792898178100586,2.164986252784729,47.61956024169922,54.0872917175293,57.30575752258301,67.6788101196289,9.565821170806885,31.61906623840332,69.07800674438477,52.94760513305664,46.30805778503418,20.251480102539062,53.07919120788574,90.12371063232422,129.07598876953125,34.50266647338867,84.54383087158203,49.957244873046875,11.112557411193848,19.463205337524414
0001-07,33.820777893066406,1.2295472621917725,44.04937171936035,18.197708129882812,117.64699935913086,68.55741882324219,40.89255142211914,59.64978790283203,1.1450952291488647,0.40231117606163025,27.83694839477539,57.7650146484375,0.0659443661570549,18.806124687194824,15.675971031188965,0.29655832052230835,33.49945640563965,0.5457469820976257,40.59187698364258,12.396620273590088,2.0023876428604126,7.731024980545044,9.83100414276123,13.90303087234497,4.50052285194397,134.73184204101562,39.83897590637207,124.52254486083984,2.3467190265655518,0.6029191613197327,10.058416366577148,10.177186012268066,0.014506014995276928,151.58039093017578,7.0977232456207275,2.546956181526184,5.12206244468689,3.3170297145843506,33.71460723876953,32.77572441101074,0.206373393535614,6.0088560581207275,31.578582763671875,90.49446868896484,6.205102205276489,8.222682476043701,0.8168492913246155,90.6150016784668,59.140830993652344,5.385172128677368,48.9370002746582,37.6346378326416,18.14248561859131,54.738685607910156,30.219042778015137,30.24533176422119,2.0616008043289185,100.50852966308594,64.67496871948242,21.497315406799316,47.84686088562012,9.921920776367188,29.905324935913086,56.19545936584473,35.176307678222656,93.4621353149414,31.14267063140869,24.93722152709961,60.369632720947266,29.813892364501953,13.794596195220947,65.54496765136719,22.85542392730713,3.698332190513611,10.009430408477783,64.28069305419922,2.1823102235794067,54.77307891845703,51.29498291015625,56.73138618469238,64.87353897094727,7.366902589797974,31.16176128387451,68.5781021118164,52.517831802368164,44.91891670227051,21.224273681640625,50.97263717651367,77.32775497436523,118.18775939941406,32.80653381347656,85.06463241577148,53.18411636352539,10.191165924072266,20.266267776489258
0001-08,33.66004180908203,1.2245939373970032,43.92543029785156,18.268460273742676,128.7959442138672,68.8943099975586,33.64217948913574,62.38028526306152,1.1576550006866455,0.42746512591838837,28.067352294921875,55.703128814697266,0.07401980832219124,20.65281867980957,15.14037275314331,0.301255539059639,38.36898612976074,0.5261481404304504,46.55376625061035,13.846554279327393,2.0039877891540527,9.010667324066162,8.507856369018555,13.281478881835938,4.428903818130493,105.52477645874023,36.786128997802734,104.62806701660156,2.7521477937698364,0.5827438533306122,9.318816661834717,9.92840051651001,0.012070748023688793,138.78526306152344,5.557020902633667,2.3076910972595215,5.037426710128784,3.008126139640808,22.58973217010498,37.99418830871582,0.19832991808652878,6.1359333992004395,32.557884216308594,90.73999404907227,6.443881988525391,8.176250457763672,0.6945730745792389,91.77845001220703,57.99968147277832,5.421642780303955,47.31109428405762,31.068068504333496,17.962597846984863,55.223039627075195,31.588977813720703,29.265995979309082,1.8548928499221802,101.2383041381836,72.58438491821289,22.62593364715576,45.6170597076416,9.174468040466309,30.621198654174805,56.32501220703125,34.211647033691406,94.25431442260742,30.30789089202881,22.86105442047119,59.38924217224121,27.538320541381836,15.387401580810547,69.9577751159668,22.24253559112549,3.4010207653045654,9.422149181365967,62.022438049316406,2.661256432533264,48.860572814941406,54.60630989074707,56.81877136230469,63.704397201538086,8.112090587615967,30.251709938049316,66.38077545166016,52.53238105773926,43.91905975341797,21.045077323913574,50.1258544921875,79.55694580078125,120.20849609375,31.821229934692383,82.50812149047852,48.93461036682129,10.770618915557861,19.5977840423584
0001-09,34.08361625671387,1.2349172234535217,44.25089454650879,18.841002464294434,130.40856170654297,73.27054214477539,61.414987564086914,66.54754638671875,1.227232277393341,0.531627744436264,27.08281898498535,56.92803382873535,0.06891743838787079,22.243033409118652,20.543601989746094,0.32201726734638214,54.64267349243164,0.6141079366207123,54.73527908325195,16.458965301513672,2.2930461168289185,8.81073808670044,10.102304458618164,14.225636959075928,5.6887993812561035,155.7873764038086,41.403255462646484,130.08513641357422,2.557763695716858,0.6340504288673401,11.228018760681152,10.17910623550415,0.011892064940184355,150.38861083984375,6.965109586715698,2.513972043991089,6.321993350982666,3.3916627168655396,33.67446327209473,47.58066368103027,0.22044465690851212,6.9892590045928955,53.666664123535156,92.08302307128906,8.23951768875122,8.262976169586182,0.823498398065567,103.01998519897461,60.88172912597656,6.384523391723633,58.04078483581543,37.52973937988281,19.22840976715088,55.339040756225586,33.66257858276367,30.622992515563965,2.1117355823516846,105.49782943725586,95.28681564331055,24.347954750061035,48.77921676635742,10.897877216339111,31.540571212768555,59.96144485473633,36.25435447692871,100.7117805480957,31.220480918884277,24.270743370056152,64.76342391967773,30.285106658935547,17.070916175842285,70.39318466186523,23.604714393615723,3.859523057937622,12.10421895980835,63.61254119873047,2.4450820684432983,58.09960174560547,57.4766788482666,61.8648624420166,66.6063461303711,11.32271671295166,33.13177490234375,74.78270721435547,53.291276931762695,46.01721382141113,20.64238452911377,57.54890823364258,86.00178527832031,132.00157165527344,38.86404228210449,88.19824600219727,51.52616500854492,11.319225311279297,21.858359336853027
0001-10,34.559316635131836,1.2455596923828125,44.73960876464844,19.438427925109863,114.18289566040039,66.42623519897461,33.62472152709961,58.681434631347656,1.143727719783783,0.43502160906791687,27.177762031555176,59.452091217041016,0.06273375451564789,16.20527172088623,14.834635257720947,0.3348928391933441,27.935272216796875,0.5324811935424805,71.28971099853516,10.948872566223145,1.8717306852340698,8.595980167388916,9.576302528381348,14.528153419494629,4.115699052810669,116.76067352294922,39.690507888793945,111.01937866210938,2.2043209075927734,0.583716869354248,10.105146408081055,10.577305793762207,0.014544307254254818,138.90640258789062,6.291742563247681,2.490891456604004,4.628524541854858,3.172705054283142,26.3735933303833,57.5827579498291,0.2706114649772644,5.76044487953186,28.499728202819824,98.79081726074219,5.846288204193115,7.990493535995483,0.7856734991073608,84.78059768676758,60.69295883178711,4.418891429901123,46.56707000732422,31.939125061035156,18.68691349029541,51.97161293029785,29.626787185668945,29.968331336975098,1.9441044926643372,97.49232482910156,56.266977310180664,21.05607032775879,46.82388114929199,9.174997329711914,29.959392547607422,52.92549133300781,32.89166450500488,90.0478630065918,26.55730152130127,20.874850273132324,48.32543182373047,28.45960521697998,18.124125480651855,54.08578681945801,21.404749870300293,3.586676836013794,9.671125888824463,60.15231704711914,2.3463679552078247,58.81462287902832,46.111433029174805,58.20604705810547,56.450021743774414,6.379693031311035,30.283693313598633,68.1739273071289,51.78496742248535,49.168277740478516,20.244129180908203,49.55545616149902,73.27452087402344,108.984130859375,30.908385276794434,83.8864974975586,50.77577781677246,9.488367080688477,21.641613960266113
0001-11,34.44482421875,1.2496317625045776,44.74706840515137,19.300806045532227,127.27743148803711,68.41513442993164,41.92161750793457,62.922752380371094,1.2196946144104004,0.4366907924413681,26.682114601135254,61.38017654418945,0.0782582089304924,24.02480411529541,17.2163667678833,0.3508658707141876,44.853736877441406,0.5800803601741791,51.100969314575195,14.398118019104004,2.1878620386123657,9.403153419494629,9.331557750701904,14.560613632202148,4.886815786361694,124.4273681640625,40.94036674499512,110.54778289794922,2.773245096206665,0.6237573027610779,10.021328449249268,11.260400772094727,0.012736371252685785,152.28897094726562,7.075856924057007,2.5271334648132324,5.740830659866333,3.368485927581787,29.72794532775879,50.449228286743164,0.23221804201602936,6.587125778198242,39.06238555908203,93.77058410644531,7.133295297622681,8.192970752716064,0.8415838778018951,94.98057556152344,60.525386810302734,5.468682765960693,50.950618743896484,32.43161582946777,18.833972930908203,56.16300010681152,32.24419403076172,30.538040161132812,1.9962843656539917,102.54452896118164,79.3606948852539,24.92331600189209,46.40620994567871,10.921608924865723,31.24520778656006,57.390146255493164,34.072431564331055,94.18225860595703,34.433998107910156,22.439642906188965,65.7579231262207,28.530139923095703,16.766937255859375,74.82877731323242,22.660619735717773,3.5578614473342896,10.679080963134766,62.62753677368164,2.5805846452713013,50.57525634765625,60.36923789978027,61.40494918823242,66.25585556030273,8.319943904876709,30.88222312927246,69.04219055175781,53.08017158508301,47.589256286621094,20.985666275024414,51.991912841796875,89.0687141418457,123.56114959716797,34.4976863861084,84.30101776123047,49.24190330505371,10.192626476287842,21.64897918701172
0001-12,34.17408752441406,1.2078832387924194,43.33445167541504,16.592947959899902,128.89797973632812,69.38193130493164,37.45074272155762,61.89686393737793,1.1450438499450684,0.3416714072227478,27.4758882522583,63.3465461730957,0.09598894789814949,22.82284641265869,14.212267875671387,0.39520858228206635,39.91533660888672,0.5388903021812439,72.81248474121094,12.359349727630615,1.8793174624443054,9.18292760848999,8.227457523345947,13.344972610473633,4.170868158340454,124.23869705200195,35.872318267822266,122.54785537719727,2.3379368782043457,0.5648375153541565,8.943071842193604,9.601112365722656,0.008540852461010218,116.7829475402832,5.355138540267944,2.2294459342956543,5.074801206588745,2.8347556591033936,21.689820289611816,59.56884574890137,0.23506417125463486,6.128933429718018,31.822776794433594,92.56290435791016,6.131990432739258,7.701432704925537,0.7227131724357605,102.01590347290039,57.41850280761719,4.7874274253845215,47.38908004760742,30.721418380737305,17.563612937927246,56.73858833312988,31.359623908996582,28.905556678771973,1.9043130278587341,105.3043212890625,72.3188247680664,17.671067237854004,45.681684494018555,10.262370109558105,30.818520545959473,53.02457618713379,33.25508117675781,92.68037796020508,33.925594329833984,19.92734718322754,53.1898078918457,27.169116973876953,16.716816902160645,54.901145935058594,22.561275482177734,3.2311679124832153,9.637731552124023,60.55839157104492,2.4529722929000854,57.122901916503906,43.021705627441406,60.78802680969238,56.394941329956055,7.335002660751343,30.576701164245605,67.8947868347168,53.66464805603027,44.9010066986084,17.411935806274414,48.91732406616211,90.64556884765625,119.76110076904297,32.96560478210449,83.8232192993164,49.744632720947266,9.476702213287354,20.922972679138184
0002-01,33.95554733276367,1.257483422756195,45.099382400512695,13.397329807281494,120.15874862670898,64.5698356628418,29.300488471984863,59.16328430175781,1.174481987953186,0.47379592061042786,24.180896759033203,77.21084213256836,0.07344061136245728,22.668681144714355,14.4188871383667,0.31467369198799133,36.42195129394531,0.5472155213356018,54.24874496459961,13.129037380218506,1.9502712488174438,8.38865613937378,8.955870628356934,15.164577960968018,4.62751841545105,78.17867279052734,41.60726737976074,80.0777702331543,2.4914227724075317,0.5574412643909454,8.453495025634766,11.452908039093018,0.01118156686425209,154.1656723022461,4.524644374847412,2.1773102283477783,5.114660024642944,3.4091081619262695,26.61031150817871,40.17761993408203,0.3185236006975174,6.124643325805664,30.415023803710938,99.2470588684082,6.38381290435791,8.347980499267578,1.1133836507797241,92.86910629272461,65.43303298950195,6.041545629501343,42.373735427856445,31.010628700256348,18.104576110839844,51.509849548339844,30.270769119262695,29.434449195861816,1.9429895281791687,100.15281295776367,66.6701545715332,23.218109130859375,42.861907958984375,9.959867000579834,29.11703395843506,54.57720375061035,31.161893844604492,89.59815216064453,35.06515121459961,24.09952163696289,55.67269515991211,28.175070762634277,16.876676559448242,67.9939079284668,20.89307403564453,3.1174288988113403,9.311012268066406,60.83953666687012,2.064674139022827,53.61363410949707,56.05179023742676,61.79177665710449,60.91318702697754,7.447865724563599,29.40028190612793,63.58504104614258,53.642356872558594,49.80452919006348,21.786081314086914,46.51622009277344,86.43960189819336,113.97100448608398,30.29450798034668,79.89574432373047,43.393089294433594,10.12252426147461,19.33064842224121
0002-02,34.61904716491699,1.2185393571853638,43.721147537231445,15.854788303375244,128.15887451171875,68.60220718383789,34.823163986206055,63.271738052368164,1.1883982419967651,0.45448189973831177,25.61905860900879,62.455862045288086,0.07848985865712166,24.8928165435791,15.130341053009033,0.3302615284919739,41.78989219665527,0.539424329996109,70.93278121948242,14.172362327575684,2.0567365884780884,9.689520359039307,8.30630874633789,14.200706481933594,4.692911386489868,84.63687133789062,36.76834297180176,88.28959274291992,2.985024571418762,0.5804881155490875,8.766939163208008,10.639220237731934,0.01299652038142085,139.3243865966797,4.6940672397613525,2.1487960815429688,5.1971657276153564,3.1553955078125,24.141277313232422,53.97076606750488,0.26578710973262787,6.510531902313232,37.79800796508789,99.74021530151367,6.962929964065552,8.169301986694336,0.9473476707935333,95.18764877319336,62.28647041320801,5.813885688781738,47.678354263305664,32.24929237365723,18.41401958465576,56.139142990112305,32.06203651428223,29.965526580810547,1.9003050923347473,101.79331970214844,74.17792510986328,24.35524272918701,44.05050277709961,10.141520023345947,30.0137300491333,57.66468620300293,34.852535247802734,95.2570915222168,34.71239471435547,24.32793617248535,70.03372192382812,28.05828094482422,18.692280769348145,82.12995529174805,22.537596702575684,3.2437140941619873,9.744061470031738,64.34111022949219,2.501475691795349,53.61104774475098,60.570465087890625,64.39616012573242,69.37259674072266,8.095448970794678,30.167755126953125,65.22113037109375,54.721839904785156,48.52429962158203,20.95971393585205,51.02540588378906,85.0799674987793,124.06985473632812,32.99372863769531,81.77753448486328,46.17350387573242,10.712222576141357,19.23350715637207
0002-03,33.617807388305664,1.236473560333252,44.32680320739746,14.875139236450195,123.3337631225586,67.74455642700195,29.672062873840332,62.23805046081543,1.135176181793213,0.6799934506416321,25.071317672729492,65.69164276123047,0.07234125956892967,21.51934051513672,13.31201696395874,0.35529157519340515,35.324392318725586,0.5167042911052704,57.67642784118652,12.518529891967773,1.8327275514602661,9.910322666168213,8.561212539672852,15.04475212097168,4.333394289016724,79.15711975097656,38.27898406982422,85.71960067749023,2.3838751316070557,0.5773362517356873,8.531438827514648,10.375976085662842,0.009684428572654724,142.15438842773438,4.7295732498168945,2.078411340713501,4.902602195739746,3.169659733772278,24.96286964416504,51.32841110229492,0.3208632171154022,5.63297176361084,37.55816459655762,94.41354370117188,5.9567742347717285,8.010346412658691,1.0139642357826233,94.37983703613281,61.45722579956055,5.3197102546691895,45.668684005737305,29.117817878723145,18.419955253601074,52.70990562438965,30.950477600097656,29.090140342712402,1.8658422827720642,101.79940032958984,68.08198928833008,26.12233543395996,44.07637977600098,9.096934795379639,29.796923637390137,56.290042877197266,34.17342567443848,92.44124221801758,30.934870719909668,23.44920063018799,58.20529556274414,28.338886260986328,16.981375694274902,66.68038940429688,22.47905158996582,3.3566311597824097,9.710325241088867,63.491573333740234,2.798344850540161,56.926551818847656,54.73760223388672,61.59113311767578,62.50202941894531,6.89912748336792,30.295416831970215,64.35420608520508,53.54007911682129,50.207855224609375,20.213582038879395,48.71329689025879,84.27322769165039,119.61441040039062,32.14219665527344,81.83589172363281,45.45392608642578,10.157522678375244,18.36133861541748
0002-04,33.627389907836914,1.2684261798858643,45.41976547241211,21.27276039123535,130.1517105102539,71.19157791137695,47.16263389587402,66.4139404296875,1.2804542183876038,0.5612818002700806,26.33457088470459,67.9282112121582,0.07443351298570633,25.340449333190918,18.23842430114746,0.40329761803150177,44.649505615234375,0.6026232838630676,58.85319900512695,15.928560256958008,2.2352232933044434,9.812984943389893,10.492851734161377,15.224149227142334,5.398191452026367,127.59654235839844,45.872262954711914,112.1072998046875,2.748115658760071,0.6471934914588928,10.703187465667725,11.26982593536377,0.01186123164370656,183.02053833007812,6.595560073852539,2.534049391746521,5.981259107589722,3.576443076133728,35.45975112915039,51.70017433166504,0.32264387607574463,7.303441286087036,46.80474853515625,93.93983459472656,7.739778518676758,8.896751403808594,0.8854017853736877,104.16294860839844,62.71081733703613,6.382811069488525,55.346553802490234,39.12706184387207,19.07853412628174,57.11955451965332,33.90584182739258,31.124128341674805,2.1816604137420654,104.93937301635742,85.33199310302734,29.58216953277588,48.17646598815918,11.560968399047852,31.70871925354004,59.74557685852051,34.8620719909668,96.16560745239258,35.54758071899414,24.296019554138184,67.38715362548828,30.730308532714844,17.412809371948242,77.55631637573242,22.898162841796875,4.278940439224243,11.360000133514404,63.806522369384766,2.355636954307556,52.741390228271484,63.379865646362305,60.63499641418457,67.12427139282227,9.16290283203125,32.671831130981445,73.15460586547852,53.3367919921875,51.725690841674805,21.682320594787598,56.16633224487305,90.18412399291992,127.02754974365234,37.99301719665527,86.88191223144531,51.168657302856445,11.39347505569458,20.999914169311523
0002-05,34.16202926635742,1.2601310014724731,45.13493728637695,23.865720748901367,140.12001037597656,73.24418258666992,59.22621154785156,69.22043991088867,1.38352632522583,0.5842647552490234,27.37929058074951,59.813167572021484,0.09430552273988724,30.157599449157715,19.987260818481445,0.5102074146270752,68.4955825805664,0.6439671814441681,86.00078201293945,17.922192573547363,2.342179536819458,10.365548133850098,11.613214015960693,15.40168285369873,5.700248718261719,170.10562896728516,48.13766288757324,144.83785247802734,3.2939146757125854,0.6935023665428162,11.336974620819092,10.998069763183594,0.015389327425509691,188.91507720947266,8.558531761169434,2.7977116107940674,6.499143600463867,3.665615200996399,47.47957801818848,65.09519577026367,0.2754923105239868,7.7932093143463135,53.72317886352539,101.1318473815918,8.606320858001709,8.844300270080566,0.8579767346382141,116.33958435058594,64.34683227539062,7.4488794803619385,59.48905372619629,47.4925651550293,19.53097629547119,64.36564254760742,35.36166191101074,32.65774154663086,2.480329155921936,108.98825073242188,99.85082244873047,31.074188232421875,50.16828155517578,16.77479076385498,33.19029235839844,62.482595443725586,37.80936050415039,100.9776496887207,42.79620933532715,27.620450019836426,84.60627365112305,31.22102451324463,18.99537181854248,95.48639297485352,24.741841316223145,4.477295875549316,12.710926532745361,66.17049789428711,2.9154767990112305,59.7814826965332,73.97693634033203,70.76131439208984,74.78232192993164,11.15576982498169,33.47481918334961,74.90389251708984,56.225807189941406,48.0880241394043,23.36874485015869,59.08141899108887,102.42240905761719,140.37999725341797,39.347578048706055,88.36218643188477,54.891408920288086,12.938042163848877,25.549053192138672
0002-06,33.87081718444824,1.2858652472496033,46.05584144592285,16.6790189743042,121.9599723815918,68.17907333374023,35.291404724121094,61.785552978515625,1.221408724784851,0.5483264029026031,26.309772491455078,66.6739273071289,0.06713195890188217,23.250170707702637,15.68694543838501,0.38248148560523987,38.441490173339844,0.5848186910152435,60.2600212097168,14.30023717880249,2.0540703535079956,9.088778018951416,9.679853916168213,15.785685062408447,4.957401752471924,89.13597106933594,39.90403366088867,90.87202072143555,2.558639883995056,0.6089684069156647,9.277985095977783,11.08683156967163,0.014389412943273783,171.91561889648438,5.270359516143799,2.339975118637085,5.661760568618774,3.357229471206665,30.37698459625244,60.00879096984863,0.26604774594306946,6.677935600280762,38.045881271362305,100.72340774536133,6.753593683242798,8.819396495819092,0.908197432756424,98.68309020996094,61.62650108337402,6.560258626937866,48.4570369720459,36.71087455749512,19.572422981262207,54.13113212585449,32.048797607421875,31.312121391296387,2.0448410511016846,104.28208541870117,72.99892807006836,29.76911449432373,45.74694061279297,11.115654468536377,30.394783973693848,58.10931587219238,36.522348403930664,92.2533187866211,37.9714469909668,26.828879356384277,69.18166732788086,29.55738639831543,19.754491806030273,76.48338317871094,23.037840843200684,3.5398706197738647,10.645581722259521,65.37622451782227,2.7138185501098633,60.48974800109863,63.93355369567871,63.45930099487305,70.69681930541992,8.244990825653076,31.193790435791016,65.93791580200195,55.423479080200195,52.561363220214844,22.43050193786621,52.31929016113281,89.23124694824219,122.3051528930664,33.58709907531738,83.17881393432617,47.32260513305664,11.798484802246094,20.91711711883545
0002-07,33.521976470947266,1.2494008541107178,44.74109077453613,13.670000553131104,126.0122184753418,67.56266403198242,35.54122352600098,63.63500785827637,1.1176549196243286,0.5232763588428497,25.074434280395508,55.0244255065918,0.09203138574957848,24.647024154663086,15.002232074737549,0.3664386570453644,44.06127166748047,0.5299989283084869,66.04902648925781,13.823182106018066,2.0164992809295654,9.571505546569824,8.545281887054443,13.81831169128418,4.770418405532837,89.7429084777832,36.50083351135254,91.25376892089844,2.464703917503357,0.5739728212356567,8.907267570495605,10.014200687408447,0.009941967204213142,134.2728729248047,5.288995265960693,2.216652274131775,5.265841245651245,3.062989830970764,22.45082950592041,49.07796669006348,0.23245664685964584,6.011988401412964,40.606637954711914,86.79472732543945,7.224961280822754,8.005854606628418,0.7053811550140381,88.9881591796875,58.701093673706055,5.823509931564331,46.55180358886719,28.05535316467285,18.77665138244629,53.10000419616699,31.834503173828125,29.978734016418457,1.8885947465896606,98.74163818359375,73.60714340209961,22.510750770568848,43.121028900146484,9.532058715820312,29.552346229553223,55.78201103210449,31.77457618713379,92.81947326660156,32.86472702026367,21.74003028869629,59.837135314941406,28.422547340393066,16.607211112976074,71.34005737304688,21.299882888793945,3.2148475646972656,10.190953731536865,61.842390060424805,2.3668628931045532,52.83341407775879,57.73920822143555,61.88139343261719,63.1606502532959,8.171978950500488,30.3673152923584,65.04479217529297,53.5401611328125,48.101593017578125,19.389498710632324,49.559181213378906,89.3348503112793,120.18541717529297,32.08194351196289,81.14035415649414,44.58525085449219,10.554058074951172,18.809212684631348
0002-08,35.26497840881348,1.232446312904358,44.24562072753906,19.951937675476074,130.68396759033203,70.22336196899414,49.21811866760254,65.73455429077148,1.2724552750587463,0.4580347537994385,27.950315475463867,69.55096817016602,0.0981481671333313,24.86282253265381,18.43291664123535,0.411475732922554,52.38281059265137,0.6132240295410156,75.6587028503418,17.18633270263672,2.1994625329971313,9.963039875030518,10.08978271484375,14.760396003723145,5.498900413513184,135.2304229736328,40.547874450683594,121.89750671386719,2.769657254219055,0.6703864336013794,10.691829204559326,11.06424331665039,0.013851019088178873,148.66651916503906,6.966122627258301,2.536810040473938,6.322724103927612,3.340790867805481,31.58624267578125,64.7426986694336,0.2828841209411621,6.9998109340667725,53.7326717376709,110.03198623657227,7.991059064865112,8.495169162750244,0.8812166154384613,96.98495864868164,61.98478126525879,6.823340654373169,57.7552433013916,37.08974266052246,18.3447322845459,58.254865646362305,34.76951789855957,31.42044162750244,2.079144239425659,103.69794464111328,92.08100509643555,24.479141235351562,48.39381217956543,12.131497383117676,32.47888374328613,59.99449348449707,35.59566879272461,97.04711151123047,35.59957504272461,23.290828704833984,72.31919860839844,29.53048038482666,18.962409019470215,78.54473876953125,22.559749603271484,3.6292089223861694,11.757278442382812,62.85031318664551,2.404724359512329,53.86474418640137,63.33111000061035,64.16770935058594,70.43025207519531,11.049826622009277,32.811683654785156,72.29965209960938,54.83921241760254,48.36197853088379,20.71965789794922,59.403635025024414,89.9586181640625,134.0965805053711,36.87080955505371,87.36068344116211,52.324684143066406,11.868827819824219,22.342105865478516
0002-09,34.28838348388672,1.2639057636260986,45.26897430419922,17.837124824523926,126.66318893432617,72.42013549804688,46.86236572265625,65.4632568359375,1.1665858626365662,0.5918378829956055,26.227002143859863,73.5919189453125,0.07835815101861954,23.53647804260254,17.521784782409668,0.33235393464565277,44.29582595825195,0.5445337891578674,94.80804061889648,15.807491302490234,2.1797213554382324,9.448992252349854,9.060710430145264,14.657163619995117,5.019299030303955,127.40614700317383,36.893856048583984,122.22322463989258,2.7817636728286743,0.6078684329986572,9.664995193481445,11.172409534454346,0.014015274588018656,145.46495056152344,6.235372543334961,2.386507034301758,5.846527338027954,3.2098705768585205,22.613239288330078,70.45743179321289,0.32869233191013336,6.394566059112549,46.39196586608887,98.7265510559082,7.3560285568237305,8.263003826141357,1.145122468471527,104.26237106323242,63.94333457946777,6.847846269607544,54.58447074890137,30.814976692199707,18.46898651123047,52.11244583129883,32.59271049499512,31.913012504577637,1.853353202342987,106.64627075195312,82.83529663085938,27.635969161987305,46.76554870605469,9.0911865234375,30.461981773376465,60.427995681762695,37.71903610229492,97.80937194824219,35.824974060058594,25.907527923583984,67.36054611206055,29.583012580871582,18.5244083404541,75.89153671264648,24.079418182373047,3.6598939895629883,11.200270175933838,63.79996871948242,2.583954930305481,55.36366844177246,59.40546417236328,63.0733528137207,69.2235336303711,8.96475887298584,32.09319496154785,70.9666862487793,53.69136619567871,50.10957717895508,22.277406692504883,53.005659103393555,84.84083557128906,127.11121368408203,37.92786407470703,85.51976013183594,50.096235275268555,11.418995380401611,19.13408851623535
0002-10,33.96707344055176,1.265074908733368,45.26603126525879,17.91465663909912,132.68035888671875,71.83375549316406,54.423025131225586,68.3049545288086,1.305121660232544,0.6309227049350739,26.71048355102539,65.19003295898438,0.08942265063524246,27.743309020996094,21.33673095703125,0.4357268363237381,65.07969665527344,0.6446770429611206,83.9459228515625,18.886500358581543,2.406627058982849,9.744997501373291,10.886845111846924,14.81636667251587,6.083089590072632,147.31248474121094,43.562931060791016,128.14251708984375,2.961769700050354,0.6717687249183655,10.899478435516357,10.822467803955078,0.011981263291090727,163.1854019165039,7.38871169090271,2.628442406654358,6.934638023376465,3.4550647735595703,35.76601791381836,74.09354019165039,0.3286697566509247,7.347156763076782,55.17368698120117,99.6360855102539,9.043931484222412,9.117149829864502,0.9648895263671875,106.6130256652832,64.50384902954102,8.272588729858398,59.14454650878906,41.50022315979004,19.658703804016113,58.1008415222168,34.67671585083008,31.372458457946777,2.262290358543396,106.67609405517578,95.12897109985352,29.40727996826172,48.395484924316406,12.992780208587646,31.500224113464355,62.772979736328125,36.860490798950195,100.40818405151367,42.78292465209961,28.38972759246826,77.47511672973633,31.446735382080078,20.58555030822754,86.54833984375,23.347795486450195,4.091515779495239,12.553114891052246,65.2652702331543,2.875788450241089,58.44301795959473,67.94869995117188,73.90024948120117,73.24173355102539,12.263582229614258,33.93757438659668,74.11141967773438,57.834381103515625,49.510108947753906,23.311683654785156,58.9955940246582,93.23645401000977,134.73484802246094,39.064476013183594,87.64025497436523,50.501333236694336,13.31680154800415,22.48928737640381
0002-11,34.12228965759277,1.2692204117774963,45.492013931274414,17.048312187194824,129.4532928466797,71.55631637573242,38.98952674865723,63.75299263000488,1.230762004852295,0.682741641998291,27.26858425140381,62.0169563293457,0.09455786272883415,25.84449577331543,16.42308235168457,0.3878426253795624,45.03537368774414,0.5552725493907928,64.55946731567383,15.687464714050293,2.032260298728943,9.204151153564453,8.854058265686035,15.18835973739624,4.902203798294067,110.8939323425293,39.517629623413086,117.5010757446289,2.7503671646118164,0.6327482759952545,9.586740970611572,10.741661071777344,0.0127033069729805,161.91231536865234,6.054277658462524,2.2366234064102173,5.69004225730896,3.1923171281814575,28.9832820892334,74.796630859375,0.27299121022224426,6.572148561477661,40.56601333618164,104.78630065917969,7.08088493347168,8.515049934387207,0.9102249443531036,98.88936233520508,63.55364990234375,6.599919557571411,52.42916679382324,37.986122131347656,18.94883918762207,57.32744026184082,33.15854454040527,31.735426902770996,2.058429718017578,104.00188064575195,81.48109817504883,31.205785751342773,47.468990325927734,11.28375768661499,30.64960479736328,59.2745475769043,37.019968032836914,96.28131866455078,35.68313789367676,26.530564308166504,71.64300918579102,29.547494888305664,20.95663833618164,83.01667785644531,23.27326774597168,3.6056039333343506,10.944736957550049,65.3919906616211,2.548526167869568,57.93752670288086,64.23917770385742,64.27479553222656,72.17791366577148,8.179345607757568,32.167903900146484,68.13142013549805,55.11783790588379,49.81173133850098,22.311654090881348,52.276145935058594,91.03718185424805,129.49545288085938,34.971696853637695,84.52241134643555,49.71800994873047,11.945425510406494,20.84013557434082
