Date,PT_Acceptance And Commitment Therapy_NoM,PT_Animal Assisted Therapy_NoM,PT_Anticonvulsant Therapy_NoM,PT_Antidepressants_NoM,PT_Antipsychotic Medications_NoM,PT_Anxiolytic Medications_NoM,PT_Art Therapy_NoM,PT_Augmentative Communication Devices_NoM,PT_Behavioral Activation Therapy_NoM,PT_Biofeedback Devices_NoM,PT_Blockchain For Data Protection_NoM,PT_Brain Computer Interface_NoM,PT_Cbt For Insomnia_NoM,PT_Chronotherapy_NoM,PT_Closed Loop Neurostimulation_NoM,PT_Clozapine Protocol_NoM,PT_Cognitive Assistive Technologies_NoM,PT_Cognitive Behavioral Therapy_NoM,PT_Cognitive Enhancement Programs_NoM,PT_Cultural Psychiatry Interventions_NoM,PT_Deep Brain Stimulation_NoM,PT_Dialectical Behavior Therapy_NoM,PT_Dietary Interventions And Supplements_NoM,PT_Digital Health Tools_NoM,PT_Digital Imaging Technologies For Brain Scanning_NoM,PT_Digital Phenotyping_NoM,PT_Digital Therapeutics_NoM,PT_Electroconvulsive Therapy_NoM,PT_Electroencephalography_NoM,PT_Emdr Therapy_NoM,PT_Emotion Regulation Training_NoM,PT_Expressive Writing And Journaling_NoM,PT_Fecal Microbiota Transplant_NoM,PT_Focused Ultrasound Therapy_NoM,PT_Hypnotherapy_NoM,PT_Immunotherapy For Neuropsychiatric Disorders_NoM,PT_Interpersonal Psychotherapy_NoM,PT_Ketamine Therapy_NoM,PT_Light Therapy_NoM,PT_Lithium Therapy_NoM,PT_Machine Learning Neuroimaging_NoM,PT_Meditation And Relaxation Techniques_NoM,PT_Memory Retrieval Techniques_NoM,PT_Mentalization Based Treatment_NoM,PT_Metabolic And Enzyme Targeted Therapy_NoM,PT_Metaverse_NoM,PT_Mindfulness Based Stress Reduction_NoM,PT_Mood Stabilizers_NoM,PT_Motivational Interviewing_NoM,PT_Music Therapy_NoM,PT_Naltrexone_NoM,PT_Narrative Exposure Therapy_NoM,PT_Neurobiological Assessments For Mental Disorders_NoM,PT_Neurocognitive Training_NoM,PT_Neurofeedback Systems_NoM,PT_Neuromodulation Techniques_NoM,PT_Neuroplasticity Techniques_NoM,PT_Neuroprotective Agents_NoM,PT_Occupational Therapy_NoM,PT_Oxytocin Therapy_NoM,PT_Personalized Medicine_NoM,PT_Pharmacogenomic Testing_NoM,PT_Privacy Preserving Ai In Digital Mental Health_NoM,PT_Prolonged Exposure Therapy_NoM,PT_Psilocybin Assisted Therapy_NoM,PT_Psychoeducation Programs_NoM,PT_Psychophysiological Metrics For Treatment Response_NoM,PT_Reality Testing Techniques_NoM,PT_Regenerative Medicine Approaches_NoM,PT_Resting State Fmri_NoM,PT_Schema Therapy_NoM,PT_Secure Data Storage For Patient Records_NoM,PT_Selective Serotonin Reuptake Inhibitors_NoM,PT_Sleep Pattern Monitoring And Manipulation_NoM,PT_Smart Wearable Mental Health Trackers_NoM,PT_Social Skills Training_NoM,PT_Speech Language Therapy_NoM,PT_Stem Cell Therapy For Neurological Disorders_NoM,PT_Stimulant And Wake Promoting Agents_NoM,PT_Traditional And Alternative Medicine Approaches_NoM,PT_Transcranial Direct Current Stimulation_NoM,PT_Transcranial Magnetic Stimulation_NoM,PT_Transference Focused Psychotherapy_NoM,PT_Trauma Focused Cbt_NoM,PT_Vagus Nerve Stimulation_NoM,PT_Virtual Reality Exposure Therapy_NoM,PT_Vocal And Speech Biomarkers_NoM,PT_Voxel Based Lesion Symptom Mapping_NoM
2026-01-01,15.4347725,0.0,0.0,89.28575,0.0,46.23402,0.0,0.0,0.0,0.0,0.0,40.965416,0.0,0.0,14.383917,0.0,0.0,111.68561,0.0,0.0,0.0,9.454462,0.0,23.447931,0.0,0.0,0.0,0.0,137.29187,9.062941,0.0,0.0,0.0,0.0,10.2323,0.0,0.0,6.7525463,0.0,0.0,0.0,0.0,0.0,0.0,0.0,0.0,6.1481686,20.731308,39.642826,0.0,5.019991,4.466181,0.0,0.0,0.0,0.0,0.0,6.535267,46.05716,0.0,265.83606,0.0,0.0,0.0,0.0,0.0,0.0,0.0,0.0,6.465742,0.0,0.0,36.116447,0.0,0.0,2.9851017,0.0,0.0,22.790934,0.0,14.399036,141.52519,0.0,0.0,0.0,0.0,0.0,0.0
2026-02-01,15.35545,0.0,0.0,89.02053,0.0,46.067604,0.0,0.0,0.0,0.0,0.0,40.793842,0.0,0.0,14.237951,0.0,0.0,111.23017,0.0,0.0,0.0,9.357338,0.0,23.322908,0.0,0.0,0.0,0.0,136.85503,8.968163,0.0,0.0,0.0,0.0,10.080311,0.0,0.0,6.624037,0.0,0.0,0.0,0.0,0.0,0.0,0.0,0.0,6.087038,20.629637,39.451923,0.0,4.9426937,4.4340897,0.0,0.0,0.0,0.0,0.0,6.457466,45.803795,0.0,264.43835,0.0,0.0,0.0,0.0,0.0,0.0,0.0,0.0,6.4194374,0.0,0.0,35.982086,0.0,0.0,2.9348774,0.0,0.0,22.586811,0.0,14.35667,141.03177,0.0,0.0,0.0,0.0,0.0,0.0
2026-03-01,15.226007,0.0,0.0,88.511024,0.0,45.758873,0.0,0.0,0.0,0.0,0.0,40.54644,0.0,0.0,14.086483,0.0,0.0,110.56015,0.0,0.0,0.0,9.238352,0.0,23.147524,0.0,0.0,0.0,0.0,136.04868,8.852896,0.0,0.0,0.0,0.0,9.941723,0.0,0.0,6.5024357,0.0,0.0,0.0,0.0,0.0,0.0,0.0,0.0,5.997982,20.457354,39.169518,0.0,4.8400536,4.3476963,0.0,0.0,0.0,0.0,0.0,6.3550835,45.46769,0.0,262.60934,0.0,0.0,0.0,0.0,0.0,0.0,0.0,0.0,6.3392506,0.0,0.0,35.732796,0.0,0.0,2.8542175,0.0,0.0,22.382502,0.0,14.228701,140.20306,0.0,0.0,0.0,0.0,0.0,0.0
2026-04-01,15.131607,0.0,0.0,88.11242,0.0,45.506294,0.0,0.0,0.0,0.0,0.0,40.392555,0.0,0.0,13.959625,0.0,0.0,110.06023,0.0,0.0,0.0,9.141653,0.0,23.027037,0.0,0.0,0.0,0.0,135.47728,8.761782,0.0,0.0,0.0,0.0,9.829954,0.0,0.0,6.3979836,0.0,0.0,0.0,0.0,0.0,0.0,0.0,0.0,5.936615,20.310654,38.929516,0.0,4.748974,4.2707424,0.0,0.0,0.0,0.0,0.0,6.270607,45.180473,0.0,261.31604,0.0,0.0,0.0,0.0,0.0,0.0,0.0,0.0,6.292412,0.0,0.0,35.51783,0.0,0.0,2.7862434,0.0,0.0,22.222471,0.0,14.114248,139.55539,0.0,0.0,0.0,0.0,0.0,0.0
2026-05-01,15.030249,0.0,0.0,87.66977,0.0,45.22648,0.0,0.0,0.0,0.0,0.0,40.234924,0.0,0.0,13.83264,0.0,0.0,109.5263,0.0,0.0,0.0,9.041014,0.0,22.901255,0.0,0.0,0.0,0.0,134.8506,8.667717,0.0,0.0,0.0,0.0,9.723003,0.0,0.0,6.295603,0.0,0.0,0.0,0.0,0.0,0.0,0.0,0.0,5.8721886,20.150305,38.67164,0.0,4.6523323,4.183361,0.0,0.0,0.0,0.0,0.0,6.1813393,44.876,0.0,259.9903,0.0,0.0,0.0,0.0,0.0,0.0,0.0,0.0,6.2426605,0.0,0.0,35.278522,0.0,0.0,2.712265,0.0,0.0,22.065638,0.0,13.98358,138.85269,0.0,0.0,0.0,0.0,0.0,0.0
2026-06-01,14.957947,0.0,0.0,87.35095,0.0,45.01975,0.0,0.0,0.0,0.0,0.0,40.132126,0.0,0.0,13.729265,0.0,0.0,109.13924,0.0,0.0,0.0,8.963459,0.0,22.812248,0.0,0.0,0.0,0.0,134.4233,8.595324,0.0,0.0,0.0,0.0,9.633505,0.0,0.0,6.209343,0.0,0.0,0.0,0.0,0.0,0.0,0.0,0.0,5.82765,20.030396,38.47458,0.0,4.5747433,4.1192627,0.0,0.0,0.0,0.0,0.0,6.112768,44.635277,0.0,259.04105,0.0,0.0,0.0,0.0,0.0,0.0,0.0,0.0,6.213249,0.0,0.0,35.099777,0.0,0.0,2.6564655,0.0,0.0,21.939108,0.0,13.88876,138.34644,0.0,0.0,0.0,0.0,0.0,0.0
2026-07-01,14.960854,0.0,0.0,87.33766,0.0,44.98619,0.0,0.0,0.0,0.0,0.0,40.16618,0.0,0.0,13.668587,0.0,0.0,109.08018,0.0,0.0,0.0,8.930054,0.0,22.810223,0.0,0.0,0.0,0.0,134.46951,8.567406,0.0,0.0,0.0,0.0,9.572914,0.0,0.0,6.14892,0.0,0.0,0.0,0.0,0.0,0.0,0.0,0.0,5.827629,19.99695,38.406994,0.0,4.5374756,4.1102734,0.0,0.0,0.0,0.0,0.0,6.086359,44.531292,0.0,258.90756,0.0,0.0,0.0,0.0,0.0,0.0,0.0,0.0,6.230627,0.0,0.0,35.056458,0.0,0.0,2.639717,0.0,0.0,21.869469,0.0,13.875206,138.28374,0.0,0.0,0.0,0.0,0.0,0.0
2026-08-01,14.974119,0.0,0.0,87.365425,0.0,44.975784,0.0,0.0,0.0,0.0,0.0,40.2257,0.0,0.0,13.618351,0.0,0.0,109.08467,0.0,0.0,0.0,8.906235,0.0,22.825891,0.0,0.0,0.0,0.0,134.5999,8.548553,0.0,0.0,0.0,0.0,9.521317,0.0,0.0,6.0955124,0.0,0.0,0.0,0.0,0.0,0.0,0.0,0.0,5.8371468,19.976492,38.3601,0.0,4.5062675,4.107794,0.0,0.0,0.0,0.0,0.0,6.0682697,44.449635,0.0,258.95178,0.0,0.0,0.0,0.0,0.0,0.0,0.0,0.0,6.2596226,0.0,0.0,35.03245,0.0,0.0,2.6294708,0.0,0.0,21.815027,0.0,13.87207,138.30331,0.0,0.0,0.0,0.0,0.0,0.0
2026-09-01,15.044786,0.0,0.0,87.625145,0.0,45.09665,0.0,0.0,0.0,0.0,0.0,40.387157,0.0,0.0,13.603523,0.0,0.0,109.34595,0.0,0.0,0.0,8.917801,0.0,22.906666,0.0,0.0,0.0,0.0,135.08813,8.564432,0.0,0.0,0.0,0.0,9.4938965,0.0,0.0,6.0639267,0.0,0.0,0.0,0.0,0.0,0.0,0.0,0.0,5.880823,20.02151,38.414146,0.0,4.5072517,4.147379,0.0,0.0,0.0,0.0,0.0,6.082819,44.474,0.0,259.61383,0.0,0.0,0.0,0.0,0.0,0.0,0.0,0.0,6.324562,0.0,0.0,35.112934,0.0,0.0,2.6499863,0.0,0.0,21.80695,0.0,13.933294,138.67029,0.0,0.0,0.0,0.0,0.0,0.0
2026-10-01,15.122568,0.0,0.0,87.91304,0.0,45.23391,0.0,0.0,0.0,0.0,0.0,40.562267,0.0,0.0,13.591433,0.0,0.0,109.63283,0.0,0.0,0.0,8.9331,0.0,22.995419,0.0,0.0,0.0,0.0,135.62524,8.584324,0.0,0.0,0.0,0.0,9.468128,0.0,0.0,6.0334015,0.0,0.0,0.0,0.0,0.0,0.0,0.0,0.0,5.928009,20.075945,38.481613,0.0,4.5117264,4.191807,0.0,0.0,0.0,0.0,0.0,6.1010723,44.511063,0.0,260.36115,0.0,0.0,0.0,0.0,0.0,0.0,0.0,0.0,6.393177,0.0,0.0,35.204094,0.0,0.0,2.6736317,0.0,0.0,21.80312,0.0,14.000664,139.07675,0.0,0.0,0.0,0.0,0.0,0.0
2026-11-01,15.188818,0.0,0.0,88.14972,0.0,45.344177,0.0,0.0,0.0,0.0,0.0,40.70788,0.0,0.0,13.574867,0.0,0.0,109.85988,0.0,0.0,0.0,8.941614,0.0,23.066713,0.0,0.0,0.0,0.0,136.07474,8.597357,0.0,0.0,0.0,0.0,9.439598,0.0,0.0,6.001335,0.0,0.0,0.0,0.0,0.0,0.0,0.0,0.0,5.9658356,20.118382,38.533436,0.0,4.512516,4.2294827,0.0,0.0,0.0,0.0,0.0,6.113186,44.53238,0.0,260.95178,0.0,0.0,0.0,0.0,0.0,0.0,0.0,0.0,6.4499645,0.0,0.0,35.27632,0.0,0.0,2.6920261,0.0,0.0,21.791645,0.0,14.058529,139.41008,0.0,0.0,0.0,0.0,0.0,0.0
2026-12-01,15.217773,0.0,0.0,88.23051,0.0,45.36664,0.0,0.0,0.0,0.0,0.0,40.78636,0.0,0.0,13.541323,0.0,0.0,109.92912,0.0,0.0,0.0,8.930616,0.0,23.097065,0.0,0.0,0.0,0.0,136.2942,8.590328,0.0,0.0,0.0,0.0,9.401186,0.0,0.0,5.960083,0.0,0.0,0.0,0.0,0.0,0.0,0.0,0.0,5.9829655,20.119236,38.52265,0.0,4.494299,4.2393703,0.0,0.0,0.0,0.0,0.0,6.106104,44.488293,0.0,261.17093,0.0,0.0,0.0,0.0,0.0,0.0,0.0,0.0,6.4852123,0.0,0.0,35.28264,0.0,0.0,2.6916122,0.0,0.0,21.75785,0.0,14.075121,139.52792,0.0,0.0,0.0,0.0,0.0,0.0
2027-01-01,15.268009,0.0,0.0,88.42487,0.0,45.449535,0.0,0.0,0.0,0.0,0.0,40.91706,0.0,0.0,13.510824,0.0,0.0,110.110016,0.0,0.0,0.0,8.93121,0.0,23.159084,0.0,0.0,0.0,0.0,136.699,8.593803,0.0,0.0,0.0,0.0,9.360718,0.0,0.0,5.9167557,0.0,0.0,0.0,0.0,0.0,0.0,0.0,0.0,6.0171165,20.146204,38.543613,0.0,4.482834,4.266901,0.0,0.0,0.0,0.0,0.0,6.1102085,44.47342,0.0,261.66403,0.0,0.0,0.0,0.0,0.0,0.0,0.0,0.0,6.543165,0.0,0.0,35.33378,0.0,0.0,2.7017841,0.0,0.0,21.72847,0.0,14.113153,139.80408,0.0,0.0,0.0,0.0,0.0,0.0
2027-02-01,15.348148,0.0,0.0,88.75466,0.0,45.609062,0.0,0.0,0.0,0.0,0.0,41.10504,0.0,0.0,13.50404,0.0,0.0,110.44222,0.0,0.0,0.0,8.955328,0.0,23.26088,0.0,0.0,0.0,0.0,137.31842,8.619312,0.0,0.0,0.0,0.0,9.337427,0.0,0.0,5.8892937,0.0,0.0,0.0,0.0,0.0,0.0,0.0,0.0,6.0720387,20.213875,38.626446,0.0,4.491379,4.318205,0.0,0.0,0.0,0.0,0.0,6.135832,44.52515,0.0,262.54843,0.0,0.0,0.0,0.0,0.0,0.0,0.0,0.0,6.62348,0.0,0.0,35.449123,0.0,0.0,2.7301807,0.0,0.0,21.7294,0.0,14.185434,140.29718,0.0,0.0,0.0,0.0,0.0,0.0
2027-03-01,15.422075,0.0,0.0,89.04289,0.0,45.75092,0.0,0.0,0.0,0.0,0.0,41.285126,0.0,0.0,13.497164,0.0,0.0,110.74656,0.0,0.0,0.0,8.975386,0.0,23.356647,0.0,0.0,0.0,0.0,137.89407,8.64241,0.0,0.0,0.0,0.0,9.31768,0.0,0.0,5.8638916,0.0,0.0,0.0,0.0,0.0,0.0,0.0,0.0,6.123583,20.272207,38.696636,0.0,4.4977074,4.3627224,0.0,0.0,0.0,0.0,0.0,6.157404,44.568077,0.0,263.3772,0.0,0.0,0.0,0.0,0.0,0.0,0.0,0.0,6.6988335,0.0,0.0,35.54676,0.0,0.0,2.7553253,0.0,0.0,21.733063,0.0,14.24836,140.73389,0.0,0.0,0.0,0.0,0.0,0.0
2027-04-01,15.511169,0.0,0.0,89.40281,0.0,45.936184,0.0,0.0,0.0,0.0,0.0,41.500572,0.0,0.0,13.497461,0.0,0.0,111.14052,0.0,0.0,0.0,9.005619,0.0,23.475414,0.0,0.0,0.0,0.0,138.59608,8.675325,0.0,0.0,0.0,0.0,9.302336,0.0,0.0,5.842491,0.0,0.0,0.0,0.0,0.0,0.0,0.0,0.0,6.18795,20.350155,38.79318,0.0,4.5118294,4.419159,0.0,0.0,0.0,0.0,0.0,6.188303,44.639267,0.0,264.41193,0.0,0.0,0.0,0.0,0.0,0.0,0.0,0.0,6.7897606,0.0,0.0,35.676495,0.0,0.0,2.7898865,0.0,0.0,21.747288,0.0,14.328913,141.2733,0.0,0.0,0.0,0.0,0.0,0.0
2027-05-01,15.596348,0.0,0.0,89.73979,0.0,46.110477,0.0,0.0,0.0,0.0,0.0,41.71875,0.0,0.0,13.498245,0.0,0.0,111.52578,0.0,0.0,0.0,9.034939,0.0,23.594885,0.0,0.0,0.0,0.0,139.28929,8.7077465,0.0,0.0,0.0,0.0,9.290407,0.0,0.0,5.8228207,0.0,0.0,0.0,0.0,0.0,0.0,0.0,0.0,6.2526436,20.423037,38.88047,0.0,4.522928,4.470146,0.0,0.0,0.0,0.0,0.0,6.217781,44.703278,0.0,265.46124,0.0,0.0,0.0,0.0,0.0,0.0,0.0,0.0,6.8821545,0.0,0.0,35.794502,0.0,0.0,2.8221512,0.0,0.0,21.765005,0.0,14.400507,141.78473,0.0,0.0,0.0,0.0,0.0,0.0
2027-06-01,15.716759,0.0,0.0,90.22151,0.0,46.367615,0.0,0.0,0.0,0.0,0.0,41.991127,0.0,0.0,13.518394,0.0,0.0,112.05472,0.0,0.0,0.0,9.083565,0.0,23.748528,0.0,0.0,0.0,0.0,140.18578,8.759256,0.0,0.0,0.0,0.0,9.289679,0.0,0.0,5.815428,0.0,0.0,0.0,0.0,0.0,0.0,0.0,0.0,6.3349686,20.53701,39.029926,0.0,4.5545063,4.549902,0.0,0.0,0.0,0.0,0.0,6.2665806,44.83379,0.0,266.82416,0.0,0.0,0.0,0.0,0.0,0.0,0.0,0.0,6.991638,0.0,0.0,35.979843,0.0,0.0,2.8740635,0.0,0.0,21.805443,0.0,14.51639,142.49547,0.0,0.0,0.0,0.0,0.0,0.0
2027-07-01,15.84198,0.0,0.0,90.72672,0.0,46.638596,0.0,0.0,0.0,0.0,0.0,42.269978,0.0,0.0,13.538822,0.0,0.0,112.598526,0.0,0.0,0.0,9.134394,0.0,23.906063,0.0,0.0,0.0,0.0,141.11638,8.812468,0.0,0.0,0.0,0.0,9.287615,0.0,0.0,5.807663,0.0,0.0,0.0,0.0,0.0,0.0,0.0,0.0,6.4192276,20.659498,39.18829,0.0,4.5882034,4.635088,0.0,0.0,0.0,0.0,0.0,6.318247,44.97252,0.0,268.22888,0.0,0.0,0.0,0.0,0.0,0.0,0.0,0.0,7.1039085,0.0,0.0,36.175407,0.0,0.0,2.9288788,0.0,0.0,21.845448,0.0,14.640476,143.22603,0.0,0.0,0.0,0.0,0.0,0.0
2027-08-01,15.962225,0.0,0.0,91.19923,0.0,46.890198,0.0,0.0,0.0,0.0,0.0,42.545074,0.0,0.0,13.561024,0.0,0.0,113.123405,0.0,0.0,0.0,9.183418,0.0,24.0616,0.0,0.0,0.0,0.0,142.01454,8.864532,0.0,0.0,0.0,0.0,9.290607,0.0,0.0,5.8031216,0.0,0.0,0.0,0.0,0.0,0.0,0.0,0.0,6.501875,20.774208,39.335346,0.0,4.618784,4.7131863,0.0,0.0,0.0,0.0,0.0,6.3680153,45.103973,0.0,269.61502,0.0,0.0,0.0,0.0,0.0,0.0,0.0,0.0,7.2153263,0.0,0.0,36.354546,0.0,0.0,2.980585,0.0,0.0,21.889761,0.0,14.754152,143.91171,0.0,0.0,0.0,0.0,0.0,0.0
2027-09-01,16.15984,0.0,0.0,91.998634,0.0,47.327408,0.0,0.0,0.0,0.0,0.0,42.961933,0.0,0.0,13.632647,0.0,0.0,114.01888,0.0,0.0,0.0,9.282928,0.0,24.311184,0.0,0.0,0.0,0.0,143.43213,8.964943,0.0,0.0,0.0,0.0,9.327486,0.0,0.0,5.8300056,0.0,0.0,0.0,0.0,0.0,0.0,0.0,0.0,6.6338825,20.981026,39.62113,0.0,4.693369,4.8499794,0.0,0.0,0.0,0.0,0.0,6.464716,45.38407,0.0,271.89075,0.0,0.0,0.0,0.0,0.0,0.0,0.0,0.0,7.3796005,0.0,0.0,36.68417,0.0,0.0,3.0760975,0.0,0.0,21.998316,0.0,14.957979,145.09476,0.0,0.0,0.0,0.0,0.0,0.0
2027-10-01,16.391323,0.0,0.0,92.95167,0.0,47.84953,0.0,0.0,0.0,0.0,0.0,43.438515,0.0,0.0,13.721767,0.0,0.0,115.0626,0.0,0.0,0.0,9.401924,0.0,24.596853,0.0,0.0,0.0,0.0,145.07257,9.084074,0.0,0.0,0.0,0.0,9.374281,0.0,0.0,5.867235,0.0,0.0,0.0,0.0,0.0,0.0,0.0,0.0,6.7843285,21.23023,39.969086,0.0,4.7869854,5.014488,0.0,0.0,0.0,0.0,0.0,6.580904,45.728737,0.0,274.51468,0.0,0.0,0.0,0.0,0.0,0.0,0.0,0.0,7.5632725,0.0,0.0,37.079556,0.0,0.0,3.1900463,0.0,0.0,22.127747,0.0,15.201836,146.48659,0.0,0.0,0.0,0.0,0.0,0.0
2027-11-01,16.629618,0.0,0.0,93.92523,0.0,48.385014,0.0,0.0,0.0,0.0,0.0,43.92457,0.0,0.0,13.816801,0.0,0.0,116.13208,0.0,0.0,0.0,9.525112,0.0,24.889164,0.0,0.0,0.0,0.0,146.75378,9.20743,0.0,0.0,0.0,0.0,9.426073,0.0,0.0,5.909298,0.0,0.0,0.0,0.0,0.0,0.0,0.0,0.0,6.937887,21.486698,40.329697,0.0,4.885441,5.1839294,0.0,0.0,0.0,0.0,0.0,6.7014008,46.088432,0.0,277.2149,0.0,0.0,0.0,0.0,0.0,0.0,0.0,0.0,7.749851,0.0,0.0,37.48663,0.0,0.0,3.3078976,0.0,0.0,22.26528,0.0,15.455486,147.91043,0.0,0.0,0.0,0.0,0.0,0.0
2027-12-01,16.866825,0.0,0.0,94.89026,0.0,48.916363,0.0,0.0,0.0,0.0,0.0,44.39318,0.0,0.0,13.911774,0.0,0.0,117.171814,0.0,0.0,0.0,9.64542,0.0,25.169746,0.0,0.0,0.0,0.0,148.3887,9.327736,0.0,0.0,0.0,0.0,9.476505,0.0,0.0,5.9521847,0.0,0.0,0.0,0.0,0.0,0.0,0.0,0.0,7.0847626,21.74251,40.69008,0.0,4.985367,5.3555145,0.0,0.0,0.0,0.0,0.0,6.8203773,46.44835,0.0,279.812,0.0,0.0,0.0,0.0,0.0,0.0,0.0,0.0,7.9264183,0.0,0.0,37.89315,0.0,0.0,3.4255238,0.0,0.0,22.399097,0.0,15.713842,149.30478,0.0,0.0,0.0,0.0,0.0,0.0
2028-01-01,17.09232,0.0,0.0,95.824356,0.0,49.429684,0.0,0.0,0.0,0.0,0.0,44.829765,0.0,0.0,13.996666,0.0,0.0,118.14136,0.0,0.0,0.0,9.7571125,0.0,25.42999,0.0,0.0,0.0,0.0,149.93848,9.438681,0.0,0.0,0.0,0.0,9.516548,0.0,0.0,5.9885464,0.0,0.0,0.0,0.0,0.0,0.0,0.0,0.0,7.220682,21.988455,41.035423,0.0,5.080921,5.5233765,0.0,0.0,0.0,0.0,0.0,6.932518,46.790295,0.0,282.21313,0.0,0.0,0.0,0.0,0.0,0.0,0.0,0.0,8.089294,0.0,0.0,38.287373,0.0,0.0,3.5375957,0.0,0.0,22.514803,0.0,15.965054,150.6286,0.0,0.0,0.0,0.0,0.0,0.0
2028-02-01,17.325275,0.0,0.0,96.80478,0.0,49.969307,0.0,0.0,0.0,0.0,0.0,45.28205,0.0,0.0,14.088888,0.0,0.0,119.15947,0.0,0.0,0.0,9.876127,0.0,25.702368,0.0,0.0,0.0,0.0,151.55798,9.556227,0.0,0.0,0.0,0.0,9.562544,0.0,0.0,6.030411,0.0,0.0,0.0,0.0,0.0,0.0,0.0,0.0,7.3626766,22.247883,41.39897,0.0,5.182604,5.6993637,0.0,0.0,0.0,0.0,0.0,7.051382,47.153175,0.0,284.74512,0.0,0.0,0.0,0.0,0.0,0.0,0.0,0.0,8.25882,0.0,0.0,38.703026,0.0,0.0,3.654972,0.0,0.0,22.639389,0.0,16.226675,152.02191,0.0,0.0,0.0,0.0,0.0,0.0
2028-03-01,17.526789,0.0,0.0,97.6493,0.0,50.432793,0.0,0.0,0.0,0.0,0.0,45.67241,0.0,0.0,14.168118,0.0,0.0,120.02559,0.0,0.0,0.0,9.97694,0.0,25.935719,0.0,0.0,0.0,0.0,152.94696,9.656511,0.0,0.0,0.0,0.0,9.602657,0.0,0.0,6.067007,0.0,0.0,0.0,0.0,0.0,0.0,0.0,0.0,7.4834156,22.469164,41.710827,0.0,5.2701874,5.8504906,0.0,0.0,0.0,0.0,0.0,7.152895,47.465496,0.0,286.914,0.0,0.0,0.0,0.0,0.0,0.0,0.0,0.0,8.402761,0.0,0.0,39.05849,0.0,0.0,3.7552109,0.0,0.0,22.746864,0.0,16.450178,153.21436,0.0,0.0,0.0,0.0,0.0,0.0
2028-04-01,17.735123,0.0,0.0,98.51287,0.0,50.907394,0.0,0.0,0.0,0.0,0.0,46.091858,0.0,0.0,14.245691,0.0,0.0,120.946915,0.0,0.0,0.0,10.080513,0.0,26.186909,0.0,0.0,0.0,0.0,154.43921,9.759943,0.0,0.0,0.0,0.0,9.641558,0.0,0.0,6.100088,0.0,0.0,0.0,0.0,0.0,0.0,0.0,0.0,7.6141167,22.696327,42.023727,0.0,5.3550835,6.0037975,0.0,0.0,0.0,0.0,0.0,7.2567234,47.776978,0.0,289.24518,0.0,0.0,0.0,0.0,0.0,0.0,0.0,0.0,8.563435,0.0,0.0,39.418526,0.0,0.0,3.858015,0.0,0.0,22.856922,0.0,16.679363,154.4458,0.0,0.0,0.0,0.0,0.0,0.0
2028-05-01,17.981575,0.0,0.0,99.54433,0.0,51.47499,0.0,0.0,0.0,0.0,0.0,46.575916,0.0,0.0,14.341509,0.0,0.0,122.03358,0.0,0.0,0.0,10.204802,0.0,26.477942,0.0,0.0,0.0,0.0,156.18057,9.8833275,0.0,0.0,0.0,0.0,9.689798,0.0,0.0,6.143074,0.0,0.0,0.0,0.0,0.0,0.0,0.0,0.0,7.7652817,22.969463,42.403934,0.0,5.4600105,6.1884365,0.0,0.0,0.0,0.0,0.0,7.3815403,48.156216,0.0,291.96097,0.0,0.0,0.0,0.0,0.0,0.0,0.0,0.0,8.746426,0.0,0.0,39.85338,0.0,0.0,3.9813213,0.0,0.0,22.988754,0.0,16.955956,155.91249,0.0,0.0,0.0,0.0,0.0,0.0
2028-06-01,18.242775,0.0,0.0,100.63585,0.0,52.075928,0.0,0.0,0.0,0.0,0.0,47.097187,0.0,0.0,14.447142,0.0,0.0,123.20355,0.0,0.0,0.0,10.339144,0.0,26.79171,0.0,0.0,0.0,0.0,158.04599,10.016823,0.0,0.0,0.0,0.0,9.746473,0.0,0.0,6.1922245,0.0,0.0,0.0,0.0,0.0,0.0,0.0,0.0,7.9283524,23.259312,42.807487,0.0,5.571501,6.3819504,0.0,0.0,0.0,0.0,0.0,7.515156,48.561287,0.0,294.9095,0.0,0.0,0.0,0.0,0.0,0.0,0.0,0.0,8.944229,0.0,0.0,40.312447,0.0,0.0,4.1121864,0.0,0.0,23.136143,0.0,17.247046,157.47778,0.0,0.0,0.0,0.0,0.0,0.0
2028-07-01,18.511171,0.0,0.0,101.7525,0.0,52.688156,0.0,0.0,0.0,0.0,0.0,47.63616,0.0,0.0,14.554255,0.0,0.0,124.39999,0.0,0.0,0.0,10.475336,0.0,27.11348,0.0,0.0,0.0,0.0,159.96075,10.152948,0.0,0.0,0.0,0.0,9.804466,0.0,0.0,6.241806,0.0,0.0,0.0,0.0,0.0,0.0,0.0,0.0,8.095184,23.554356,43.218575,0.0,5.6842823,6.578476,0.0,0.0,0.0,0.0,0.0,7.65082,48.973824,0.0,297.9434,0.0,0.0,0.0,0.0,0.0,0.0,0.0,0.0,9.146915,0.0,0.0,40.777966,0.0,0.0,4.2454014,0.0,0.0,23.287422,0.0,17.54344,159.07501,0.0,0.0,0.0,0.0,0.0,0.0
2028-08-01,18.775087,0.0,0.0,102.83919,0.0,53.28267,0.0,0.0,0.0,0.0,0.0,48.186275,0.0,0.0,14.660919,0.0,0.0,125.60114,0.0,0.0,0.0,10.610334,0.0,27.44186,0.0,0.0,0.0,0.0,161.88753,10.288994,0.0,0.0,0.0,0.0,9.86643,0.0,0.0,6.291664,0.0,0.0,0.0,0.0,0.0,0.0,0.0,0.0,8.265121,23.840698,43.614426,0.0,5.7914352,6.7660294,0.0,0.0,0.0,0.0,0.0,7.784174,49.37361,0.0,301.05066,0.0,0.0,0.0,0.0,0.0,0.0,0.0,0.0,9.357296,0.0,0.0,41.225353,0.0,0.0,4.3748226,0.0,0.0,23.444372,0.0,17.826836,160.64928,0.0,0.0,0.0,0.0,0.0,0.0
2028-09-01,19.066662,0.0,0.0,104.05496,0.0,53.950447,0.0,0.0,0.0,0.0,0.0,48.767708,0.0,0.0,14.785635,0.0,0.0,126.911896,0.0,0.0,0.0,10.762142,0.0,27.791132,0.0,0.0,0.0,0.0,163.96147,10.4403305,0.0,0.0,0.0,0.0,9.93788,0.0,0.0,6.3533344,0.0,0.0,0.0,0.0,0.0,0.0,0.0,0.0,8.446077,24.162516,44.069023,0.0,5.9184303,6.9789333,0.0,0.0,0.0,0.0,0.0,7.933983,49.83352,0.0,304.3871,0.0,0.0,0.0,0.0,0.0,0.0,0.0,0.0,9.574444,0.0,0.0,41.736935,0.0,0.0,4.520832,0.0,0.0,23.6198,0.0,18.150211,162.40855,0.0,0.0,0.0,0.0,0.0,0.0
2028-10-01,19.376823,0.0,0.0,105.361145,0.0,54.666496,0.0,0.0,0.0,0.0,0.0,49.382427,0.0,0.0,14.917414,0.0,0.0,128.30458,0.0,0.0,0.0,10.923956,0.0,28.159616,0.0,0.0,0.0,0.0,166.17023,10.60095,0.0,0.0,0.0,0.0,10.012014,0.0,0.0,6.418165,0.0,0.0,0.0,0.0,0.0,0.0,0.0,0.0,8.636805,24.507317,44.557404,0.0,6.0546837,7.2070675,0.0,0.0,0.0,0.0,0.0,8.093777,50.32596,0.0,307.93307,0.0,0.0,0.0,0.0,0.0,0.0,0.0,0.0,9.803034,0.0,0.0,42.286148,0.0,0.0,4.6761894,0.0,0.0,23.804108,0.0,18.495852,164.29453,0.0,0.0,0.0,0.0,0.0,0.0
2028-11-01,19.719822,0.0,0.0,106.81368,0.0,55.46445,0.0,0.0,0.0,0.0,0.0,50.064087,0.0,0.0,15.068686,0.0,0.0,129.86983,0.0,0.0,0.0,11.107616,0.0,28.570972,0.0,0.0,0.0,0.0,168.64085,10.781912,0.0,0.0,0.0,0.0,10.0989685,0.11144066,0.0,6.494461,0.0,0.0,0.0,0.0,0.0,0.0,0.0,0.0,8.850491,24.892208,45.103943,0.0,6.2080936,7.4603043,0.0,0.0,0.0,0.0,0.0,8.273586,50.878532,0.0,311.92932,0.0,0.0,0.0,0.0,0.0,0.0,0.0,0.0,10.059439,0.0,0.0,42.901344,0.0,0.0,4.850153,0.0,0.0,24.01556,0.0,18.881466,166.41203,0.0,0.0,0.0,0.0,0.0,0.0
2028-12-01,20.090315,0.0,0.0,108.39086,0.0,56.33275,0.0,0.0,0.0,0.0,0.0,50.782673,0.0,0.0,15.23815,0.0,0.0,131.55545,0.0,0.0,0.0,11.308016,0.0,29.008093,0.0,0.0,0.0,0.0,171.27576,10.9786415,0.0,0.0,0.0,0.0,10.19714,0.26084518,0.0,6.58276,0.0,0.0,0.0,0.0,0.0,0.0,0.0,0.0,9.077158,25.310005,45.704525,0.0,6.379881,7.7371216,0.0,0.0,0.0,0.0,0.0,8.469517,51.48876,0.0,316.19995,0.0,0.0,0.0,0.0,0.0,0.0,0.0,0.0,10.326818,0.0,0.0,43.577507,0.0,0.0,5.0399685,0.0,0.0,24.248352,0.0,19.3054,168.71658,0.0,0.0,0.0,0.0,0.0,0.0
