date,Global_Disaster_Total,Global_Holidays_Average,Global_Holidays_Total,PT_Animal-Assisted Interventions,PT_Antidepressants,PT_Antipsychotic Medications,PT_Behavioral Activation Therapy,PT_Benzodiazepines,PT_Biofeedback Devices,PT_Brain Stimulation Technologies,PT_Brain-Computer Interface,PT_Cognitive Behavioral Therapy,PT_Cognitive Enhancement Programs,PT_Cognitive Technologies,PT_Creative Arts Therapies,PT_Dietary Interventions & Supplements,PT_Digital Health Tools,PT_Digital Imaging Technologies for Brain Scanning,PT_Electroencephalography,PT_Exposure Therapy,PT_Expressive Writing & Journaling,PT_Eye Movement Desensitization and Reprocessing,PT_Genetic Testing,PT_Interpersonal Psychotherapy,PT_Meditation and Relaxation Techniques,PT_Metaverse,PT_Mindfulness-Based Stress Reduction,PT_Mood Stabilizers,PT_Neurocognitive Training,PT_Neurofeedback Systems,PT_Neuromodulation Techniques,PT_Neuroprotective Agents,PT_Peer Support Programs & Online Communities,PT_Personalized Medicine,PT_Privacy-Preserving AI in Digital Mental Health,PT_Psychoeducation Programs,PT_Psychophysiological Metrics for Treatment Response,PT_Regenerative Medicine Approaches,PT_Resting-state Functional Magnetic Resonance Imaging,PT_Selective Serotonin Reuptake Inhibitors,PT_Social Skills Training,PT_Stem Cell Therapy for Neurological Disorders,PT_Traditional & Alternative Medicine Approaches,PT_Transcranial Magnetic Stimulation,PT_Trauma-Focused CBT,PT_Virtual Reality Exposure Therapy,PT_Voxel-based Lesion-Symptom Mapping,RMD_Anorexia nervosa,RMD_Antisocial Personality Disorder,RMD_Autosarcophagy,RMD_Avoidant Personality,RMD_Boanthropy,RMD_Body Integrity Dysphoria,RMD_Brief Psychotic,RMD_Capgras,RMD_Childhood Disintegrative Disorder,RMD_Circadian Rhythm Sleep-Wake,RMD_Cyclothymic,RMD_Delusional,RMD_Dementia pugilistica,RMD_Diogenes,RMD_Disinhibited Social Engagement,RMD_Dissociative Fugue,RMD_Ekbom,RMD_Erotomanic,RMD_Factitious,RMD_Fregoli Delusion,RMD_Ganser,RMD_Hallucinogen-Induced Psychotic,RMD_Histrionic Personality,RMD_Hypergraphia,RMD_Hyperthymesia,RMD_Impulse Control,RMD_Intermetamorphosis,RMD_Kleine-Levin,RMD_Kleptomania,RMD_Landau-Kleffner,RMD_Narcissistic Personality,RMD_Olfactory Reference,RMD_Othello,RMD_Palilalia,RMD_Paramnesia,RMD_Postpartum Psychosis,RMD_Psychogenic Amnesia,RMD_Pyromania,RMD_Reactive Attachment,RMD_Reduplicative Paramnesia,RMD_Rumination,RMD_Savant,RMD_Schizoaffective,RMD_Schizotypal Personality,RMD_Selective Mutism,RMD_Stendhal,RMD_Walking Corpse,RMD_koro
2004-01,37,1.92,69,1,60,58,0,29,0,0,21,56,0,0,3,0,0,0,99,0,0,14,0,28,0,0,22,32,0,0,1,17,0,23,0,1,0,0,0,93,0,1,0,161,0,7,0,62,49,0,13,0,20,5,15,2,0,92,3,1,23,0,20,10,16,100,0,0,0,14,100,0,47,0,2,51,2,32,2,88,2,0,27,38,39,67,1,1,47,73,13,64,16,1,13
2004-02,21,1.36,49,0,67,8,0,27,0,0,20,20,0,0,0,0,0,0,19,1,0,0,1,12,0,0,3,9,0,0,0,0,0,0,0,0,0,5,0,22,0,0,0,46,0,1,0,62,45,0,11,0,0,0,1,36,0,98,3,0,3,0,13,2,22,79,0,0,0,13,53,0,1,2,0,55,2,36,0,91,0,0,23,0,44,74,0,41,45,64,9,53,17,0,0
2004-03,24,0.69,25,0,76,29,0,30,0,0,25,14,0,0,0,0,0,0,30,0,0,5,0,13,0,0,8,28,0,0,0,5,0,5,0,0,0,0,0,23,0,0,0,68,0,0,0,74,51,0,15,0,0,2,6,37,0,72,8,0,3,0,28,3,22,76,0,0,1,20,81,0,8,0,0,56,1,41,0,108,1,0,16,55,39,53,1,0,49,68,20,68,27,0,15
2004-04,22,1.64,59,0,71,13,0,29,0,0,24,14,0,0,0,0,0,0,27,0,0,1,11,48,0,0,15,9,0,0,0,5,0,6,0,0,0,4,0,19,0,0,0,41,4,0,0,73,55,0,14,0,0,0,17,0,0,98,1,0,9,0,19,3,21,85,0,1,0,17,0,0,6,0,2,62,2,35,0,100,0,0,18,0,51,87,0,11,44,77,10,62,30,0,10
2004-05,28,2.22,80,0,69,15,0,31,0,0,19,23,0,0,0,0,0,0,14,0,0,4,2,2,0,1,2,13,0,0,0,2,0,13,0,0,1,0,0,33,0,1,0,60,0,0,0,72,54,0,12,0,19,76,4,42,1,97,11,0,3,0,21,4,22,67,0,0,0,15,42,0,2,0,2,58,0,36,0,99,0,0,19,34,37,71,0,1,37,55,13,52,16,0,0
2004-06,43,0.56,20,0,58,18,0,24,0,0,18,16,0,0,0,0,0,0,18,0,0,5,1,4,0,0,14,22,0,0,1,1,0,4,0,0,0,2,0,28,2,1,0,71,6,1,2,87,49,0,15,0,0,0,1,32,1,83,1,3,3,0,15,6,23,65,20,1,0,12,43,0,2,0,0,62,1,42,0,72,0,0,2,0,38,64,1,24,34,62,9,49,9,0,0
2004-07,54,0.36,13,0,61,18,0,25,0,0,17,24,0,0,1,0,0,0,17,3,0,3,0,5,2,0,4,11,0,0,2,7,0,4,0,0,0,0,0,28,0,0,2,35,0,1,0,63,50,0,12,0,0,87,1,0,0,73,2,0,2,0,16,0,22,66,22,1,0,14,0,0,1,0,1,60,2,30,0,51,0,0,16,0,31,51,0,10,38,68,11,34,19,0,12
2004-08,42,0.58,21,0,63,11,0,28,0,0,14,22,0,0,0,0,2,0,22,2,0,0,0,10,0,0,6,3,0,0,0,3,0,3,0,0,0,1,0,26,0,1,0,60,0,21,0,57,54,0,11,0,54,1,0,1,0,68,13,0,6,0,12,2,18,74,0,1,0,12,0,0,4,0,1,61,4,38,0,52,0,0,11,0,32,73,0,15,28,65,8,43,7,0,0
2004-09,44,0.67,24,0,72,27,0,25,0,0,19,122,0,0,0,0,1,0,23,0,0,3,0,4,1,0,2,23,0,0,1,6,0,7,0,0,0,0,0,48,0,1,1,117,0,1,0,67,49,0,11,0,22,1,0,37,2,86,1,0,12,10.5,12,25,18,60,0,1,0,14,37,0,1,0,0,53,4,66,0,68,0,0,19,3,40,67,0,6,32,72,10,67,30,0,1
2004-10,24,0.81,29,0,68,63,0,28,0,0,27,32,0,0,0,0,1,0,19,0,0,2,2,12,0,0,4,13,0,0,1,4,0,3,0,0,0,0,0,31,1,0,0,39,0,6,0,72,53,0,11,0,0,0,15,50,0,96,24,0,12,0,17,1,24,73,0,3,0,16,46,0,7,0,0,50,1,46,0,81,0,0,19,0,43,78,0,17,38,61,10,73,3,0,1
2004-11,25,1.44,52,0,65,19,6,27,0,0,24,20,0,0,1,0,0,0,15,0,1,4,0,1,3,2,6,13,0,0,0,3,0,4,0,0,0,0,0,34,0,1,0,139,0,1,0,78,59,0,11,0,24,98,19,29,0,73,14,0,18,0,17,1,19,95,2,0,0,14,0,0,5,0,1,64,3,42,0,94,1,0,23,60,53,74,0,7,45,66,13,66,14,0,0
2004-12,29,1.44,52,0,59,14,2,28,1,0,23,11,0,0,1,0,6,1,16,0,2,2,9,8,0,0,2,7,0,0,9,8,0,20,0,2,9,6,0,26,0,5,9,45,0,0,0,56,54,0,11,0,1,4,2,27,0,80,2,0,14,8,20,1,20,50,0,0,0,14,0,0,5,2,3,69,1,38,0,85,0,0,21,28,49,78,2,17,37,62,10,51,28,0,9
2005-01,52,2.44,88,0,58,53,0,28,0,0,21,99,0,0,5,0,0,0,160,3,0,14,0,33,0,1,30,50,1,0,0,14,0,26,0,0,0,0,0,110,0,0,0,203,0,13,0,71,57,0,12,0,0,88,11,22,1,70,2,2,52,0,15,3,22,51,0,0,0,14,0,0,53,0,5,90,21,46,0,76,1,0,14,33,41,72,1,85,39,67,9,57,15,0,7
2005-02,29,1.08,39,0,63,14,0,30,0,0,27,29,0,0,0,0,0,0,16,0,0,2,1,11,0,0,6,5,1,0,0,4,0,4,0,0,0,0,0,35,0,0,0,40,4,0,0,67,56,0,11,0,0,72,13,28,0,92,1,0,22,0,15,2,23,73,0,1,0,15,1,0,7,0,0,100,0,65,0,88,49,0,22,59,44,88,0,21,45,68,11,59,12,0,1
2005-03,29,1.5,54,0,59,66,15,28,0,0,24,34,0,0,0,0,0,0,26,0,0,3,0,10,0,0,5,10,0,0,0,4,0,21,0,0,0,0,0,40,0,0,0,74,0,0,0,77,74,0,12,0,22,1,11,21,0,79,12,0,14,0,16,82,20,70,22,2,1,16,44,0,2,0,0,85,0,43,0,76,1,0,18,49,44,87,0,23,44,77,17,53,12,0,2
2005-04,28,0.92,33,0,58,52,0,27,0,0,22,34,0,0,1,0,0,0,31,0,0,1,0,1,0,0,1,19,0,0,0,3,0,3,0,0,0,0,0,40,0,2,0,60,0,0,0,83,65,0,12,0,26,64,12,44,0,79,2,0,14,0,22,69,21,98,20,2,0,18,30,0,2,0,1,85,3,49,0,83,53,0,16,50,48,100,0,3,46,64,14,72,17,0,12
2005-05,33,1.97,71,0,56,25,0,25,0,0,19,119,0,0,0,0,0,0,20,0,0,0,1,20,0,0,22,17,0,0,0,3,0,11,0,0,0,0,0,64,2,0,0,70,0,0,0,84,69,0,15,0,16,43,14,41,0,80,1,0,16,0,24,1,25,74,16,0,0,22,0,0,3,0,2,78,1,52,0,81,0,0,19,48,42,71,0,8,68,62,10,54,103,0,8
2005-06,48,0.67,24,0,52,20,0,24,0,0,20,38,0,0,1,0,0,0,32,0,0,5,3,2,0,0,19,22,0,1,1,2,0,12,0,0,0,0,0,24,0,0,0,55,0,0,0,64,53,0,9,0,13,43,4,20,1,86,7,1,14,0,16,53,23,74,16,0,0,13,0,0,10,0,4,61,3,43,2,86,0,0,13,36,38,72,2,28,43,56,9,50,29,0,7
2005-07,54,0.36,13,0,53,59,0,24,0,0,25,20,0,0,2,0,0,0,13,0,0,0,1,3,0,0,10,6,0,0,0,3,0,4,0,0,6,0,0,27,0,5,0,37,0,0,0,51,54,0,11,0,13,53,0,28,0,74,6,0,27,0,17,2,24,74,18,34,0,13,0,0,11,0,1,53,1,37,0,44,0,0,14,26,45,45,10,5,34,59,9,34,33,0,6
2005-08,48,0.56,20,1,51,47,0,22,2,0,16,51,0,0,0,0,2,0,24,0,0,0,0,5,0,0,5,15,0,0,0,11,0,11,0,1,0,1,0,19,0,0,1,53,0,0,1,53,51,0,10,0,0,0,12,21,0,79,4,0,37,0,12,100,21,47,30,1,0,17,39,0,14,0,2,38,0,43,0,46,0,0,17,0,48,53,0,5,37,67,7,43,19,0,7
2005-09,40,0.61,22,0,51,42,0,25,0,0,22,36,0,33,1,0,0,0,15,1,0,0,0,16,0,0,12,23,0,0,1,3,0,11,0,0,0,1,0,44,0,0,0,54,0,1,0,61,50,0,10,0,0,40,9,0,0,82,1,0,40,0,12,45,22,75,19,0,0,13,0,17,1,0,1,46,1,64,0,53,34,0,9,31,50,60,0,16,42,53,13,58,18,0,6
2005-10,47,0.92,33,0,55,52,0,26,0,0,20,25,0,0,0,0,5,0,26,0,0,3,1,3,0,8,2,7,0,0,0,7,0,33,0,0,0,0,0,33,0,0,0,37,0,0,0,64,59,0,9,0,17,41,10,24,0,94,2,2,23,0,15,62,20,61,13,0,0,15,1,0,17,0,0,50,0,34,0,65,42,0,15,31,41,78,48,16,41,63,11,54,19,0,5
2005-11,25,1.47,53,0,56,33,0,30,0,0,17,24,0,0,1,0,0,0,16,0,0,8,0,12,1,0,1,12,0,0,0,10,0,7,0,1,0,0,0,30,1,0,0,45,0,0,0,73,56,0,12,0,10,0,10,47,0,78,16,0,20,0,20,65,21,90,14,22,1,16,1,0,16,0,4,46,1,41,0,75,49,0,24,36,47,71,0,2,41,69,10,55,26,0,7
2005-12,47,1.36,49,0,45,21,5,24,0,0,14,21,0,0,2,0,5,0,25,3,0,2,4,18,1,0,2,9,1,0,11,7,0,14,0,0,6,7,0,24,4,2,13,35,0,0,0,53,52,0,11,0,22,3,7,22,6,97,4,0,22,0,17,1,20,44,11,2,1,15,46,0,1,0,5,44,0,35,0,65,33,0,13,52,55,52,0,8,44,60,10,49,26,0,8
2006-01,61,3.11,112,0,51,31,0,29,0,0,15,94,0,0,2,0,0,0,146,0,0,18,1,31,0,4,43,57,0,0,1,21,0,37,0,0,0,0,2,118,0,0,0,224,0,14,0,67,52,0,9,0,15,63,11,35,0,82,94,1,22,0,13,53,22,58,19,8,0,14,26,1,87,1,1,40,1,37,2,71,31,0,16,36,46,60,2,118,36,63,10,55,57,0,6
2006-02,21,0.75,27,0,51,54,0,27,0,0,21,7,0,0,0,0,4,0,26,0,0,1,2,5,0,0,4,7,0,0,0,1,0,14,0,0,0,0,0,33,0,0,0,99,0,1,0,64,49,0,11,0,14,35,11,24,0,84,15,0,25,0,14,46,20,64,31,36,0,15,24,0,11,0,0,48,1,35,0,67,51,0,16,29,38,79,0,13,48,64,10,68,15,0,7
2006-03,29,0.61,22,0,54,38,0,28,0,0,20,47,0,22,0,0,0,0,38,6,0,1,0,7,0,1,31,37,0,0,0,6,0,15,0,1,0,0,0,69,0,0,0,90,0,2,0,70,51,0,11,0,14,25,10,34,0,79,5,0,25,0,19,39,18,69,25,16,0,14,23,0,2,0,1,47,1,35,1,70,25,0,18,38,44,74,0,10,64,65,12,70,14,0,5
2006-04,45,1.78,64,0,51,58,0,26,0,0,18,47,0,0,0,0,0,0,43,0,0,3,1,8,0,0,3,5,0,0,0,8,0,12,0,0,0,1,0,21,0,0,0,46,0,3,0,68,56,0,12,0,58,44,12,23,0,89,19,5,31,0,20,43,20,60,14,16,2,17,36,0,10,0,2,45,47,35,4,67,29,0,19,37,48,68,0,20,49,71,19,74,28,0,6
2006-05,37,1.58,57,0,51,23,0,25,0,0,21,17,0,0,3,0,0,0,36,0,0,3,1,5,1,0,5,21,0,0,0,5,0,29,0,0,0,0,0,30,0,2,0,110,0,0,0,65,54,0,10,0,15,34,13,34,1,85,2,7,21,0,19,49,21,51,21,18,1,16,20,1,2,0,1,46,0,36,0,63,25,0,20,43,43,69,34,13,49,63,11,68,10,4,6
2006-06,38,0.86,31,0,47,24,0,22,0,0,17,75,0,29,0,0,7,0,22,0,1,3,5,11,1,0,2,8,0,0,0,6,0,13,0,0,0,0,1,34,0,3,0,92,1,0,0,54,49,0,10,0,10,1,11,18,0,87,1,0,14,0,12,54,18,52,16,17,0,14,17,1,3,0,4,37,2,33,0,50,0,0,16,18,49,55,0,22,40,65,10,50,12,0,5
2006-07,60,0.33,12,0,48,36,10,23,0,0,21,26,0,0,0,0,0,0,41,0,0,2,0,16,0,0,15,18,0,0,2,5,0,11,0,0,0,8,0,31,0,0,0,73,0,0,0,51,52,0,11,0,12,39,8,19,0,75,1,1,29,0,8,38,28,66,18,17,0,14,21,1,3,0,1,34,1,30,0,47,41,0,17,21,36,59,0,13,35,56,9,43,12,0,7
2006-08,54,0.67,24,0,48,18,0,22,0,1,16,88,0,0,0,0,7,0,38,0,0,1,0,23,1,0,9,16,0,0,0,4,0,25,0,0,0,0,0,18,1,0,0,88,0,2,0,53,49,0,9,0,38,25,9,27,1,71,2,0,27,0,9,44,19,45,19,0,0,13,0,0,15,0,2,40,1,32,0,41,1,0,14,14,46,58,0,10,42,53,8,41,12,0,6
2006-09,14,0.42,15,0,51,27,0,22,0,0,20,138,0,0,0,0,0,0,39,0,0,3,0,4,0,0,21,15,0,0,0,2,0,20,0,0,0,1,0,29,2,0,0,66,0,52,1,64,48,0,9,0,18,26,7,24,0,81,2,0,35,0,11,37,18,49,13,4,0,14,1,0,2,0,0,35,0,61,0,51,0,0,16,25,47,62,33,5,59,53,8,55,17,0,5
2006-10,41,1.75,63,0,53,32,0,27,0,0,19,71,0,0,0,0,2,0,34,1,1,0,0,20,0,0,4,14,0,0,3,1,0,19,0,0,0,1,0,25,0,0,0,52,0,1,0,72,51,0,9,0,20,42,16,17,0,79,2,2,23,0,46,29,21,59,24,19,0,14,25,0,1,0,2,34,1,41,2,55,32,0,17,38,42,77,55,18,58,58,11,63,12,0,5
2006-11,25,0.72,26,0,53,24,0,24,0,0,21,20,0,0,0,0,6,0,33,1,0,1,1,120,0,9,29,13,0,0,1,2,0,20,0,0,0,2,0,35,0,0,5,55,0,0,0,102,49,0,10,55,16,31,15,41,0,77,3,2,23,0,17,42,20,63,20,14,0,18,0,1,1,0,0,41,4,45,84,58,48,0,16,33,42,64,45,17,48,67,10,61,19,3,7
2006-12,29,1.72,62,2,46,25,3,19,0,0,18,10,0,0,28,0,8,1,34,0,3,1,6,5,0,0,4,8,0,0,11,6,0,24,0,0,9,8,0,35,2,3,9,62,4,1,0,70,51,0,9,0,19,35,18,16,3,80,1,0,29,0,14,41,17,46,9,18,0,12,21,0,1,0,2,41,2,33,0,51,0,0,12,30,48,54,55,15,40,48,10,43,21,3,6
2007-01,56,2.19,79,4,47,28,0,21,2,0,19,111,0,0,2,0,0,0,185,0,0,16,0,30,0,8,37,50,2,0,1,23,0,72,0,0,0,2,1,135,0,0,0,249,1,2,2,91,49,0,8,0,37,38,14,36,0,72,12,2,25,5,30,47,20,61,16,13,71,12,0,9,82,0,4,35,8,47,0,56,34,0,12,21,37,67,29,14,47,47,9,57,23,0,7
2007-02,19,0.97,35,0,49,38,0,23,0,0,15,22,0,0,0,0,0,0,28,0,0,1,1,9,0,0,15,13,0,0,0,10,0,67,0,0,0,1,0,41,0,0,0,106,1,1,0,73,45,0,9,0,42,56,18,24,0,84,2,0,38,0,18,6,26,48,10,18,3,13,21,0,22,0,0,38,0,46,1,51,34,0,11,23,39,68,1,15,49,54,8,56,12,0,72
2007-03,21,0.89,32,0,50,46,0,27,0,0,21,45,0,0,0,0,0,0,34,2,0,4,0,26,0,2,7,6,0,0,0,8,0,21,0,2,0,0,0,34,0,2,0,66,0,3,0,75,50,0,9,0,19,33,13,22,0,88,2,0,30,0,14,41,21,54,17,28,0,14,12,0,30,0,2,40,1,40,2,59,33,0,17,32,40,54,77,13,72,59,9,60,15,2,5
2007-04,20,1.67,60,1,51,27,0,27,1,1,18,36,0,0,0,0,0,0,26,1,0,0,0,20,0,0,6,17,0,0,5,6,0,16,0,0,0,1,0,42,0,0,0,86,0,2,0,73,55,0,11,0,14,48,17,26,0,88,26,1,25,0,20,47,36,56,21,14,0,15,13,0,10,0,1,40,1,38,0,51,33,0,17,46,45,64,43,10,46,59,12,51,13,2,5
2007-05,27,1.69,61,0,52,36,0,25,0,0,15,20,0,0,0,0,0,0,37,0,0,3,1,37,0,0,22,27,0,0,1,5,0,27,0,0,0,0,1,25,0,0,0,85,0,1,0,74,53,0,10,52,16,35,16,26,0,79,6,0,20,0,15,37,23,62,16,14,0,14,18,0,14,0,2,43,0,39,63,53,34,0,14,49,43,56,37,10,42,55,9,51,11,0,6
2007-06,33,0.69,25,0,42,23,0,22,0,0,17,60,0,0,0,0,2,0,32,1,0,1,1,9,0,2,17,19,0,0,0,10,0,14,0,0,0,2,1,33,0,2,0,91,1,2,1,59,50,0,8,0,15,30,11,28,0,74,1,1,32,0,11,33,20,47,18,23,1,14,16,0,12,0,1,35,5,41,59,42,0,0,11,29,38,51,36,11,40,57,10,48,14,2,8
2007-07,68,0.36,13,0,44,28,8,22,0,0,19,69,0,0,0,0,0,0,29,0,0,6,1,13,0,1,9,6,0,0,7,5,0,23,0,0,0,0,2,23,0,1,0,92,8,1,0,47,50,0,8,0,16,20,9,20,0,71,1,1,21,0,8,24,24,40,19,14,0,13,19,0,22,0,3,33,1,38,0,33,24,0,12,22,39,48,24,11,34,49,7,39,11,2,10
2007-08,69,0.61,22,0,40,37,0,22,0,0,16,19,0,0,0,0,1,0,52,0,0,4,2,21,0,0,27,17,0,0,2,2,0,40,0,0,0,0,0,31,1,0,0,53,1,0,1,52,47,0,8,0,11,32,27,22,0,76,1,0,27,0,13,24,20,44,18,14,0,13,14,9,1,0,0,31,2,37,0,29,35,0,15,14,44,49,22,5,43,58,9,55,12,2,9
2007-09,39,0.69,25,0,44,28,0,24,0,0,19,80,0,14,0,0,0,0,33,3,0,2,1,25,0,2,43,23,0,0,0,2,0,11,0,0,0,4,0,37,1,0,0,75,0,2,0,68,52,0,8,0,15,38,24,18,0,77,14,3,21,2,9,46,21,54,18,17,1,12,0,0,17,0,1,32,1,41,0,35,28,0,10,17,38,52,35,11,49,51,13,57,11,2,12
2007-10,39,1.5,54,0,48,28,0,25,0,0,19,79,0,0,1,0,0,0,37,0,0,3,1,7,3,3,7,8,0,0,0,5,0,35,0,0,1,0,0,27,0,0,0,101,0,0,0,71,52,0,9,36,11,32,14,35,0,80,1,0,25,0,13,30,21,64,23,17,1,14,17,8,23,0,1,39,2,42,0,48,23,0,17,24,43,63,29,16,46,53,9,54,14,2,5
2007-11,29,0.75,27,0,46,34,0,26,0,0,17,20,0,11,0,0,0,0,25,2,0,1,0,7,1,0,10,20,0,0,1,1,0,16,0,0,2,2,0,25,0,0,0,60,0,3,0,70,53,0,9,0,13,39,19,23,0,80,2,0,25,0,14,33,21,65,23,11,52,16,13,10,2,0,2,36,0,39,0,59,32,0,14,31,46,58,28,15,50,57,8,54,12,4,7
2007-12,25,2.36,85,0,41,27,7,22,0,0,16,99,0,17,1,0,9,1,52,56,1,0,18,4,1,3,17,12,0,0,2,8,0,33,0,0,13,5,0,32,4,6,27,66,2,2,1,58,50,0,8,0,18,23,19,27,0,71,4,0,21,1,18,33,19,43,14,24,10,15,0,11,32,0,9,35,3,36,0,57,24,0,12,32,52,52,29,10,45,43,8,42,37,2,9
2008-01,39,1.72,62,1,47,36,0,23,1,0,16,173,0,0,5,0,4,0,185,0,0,21,0,22,0,25,51,34,0,0,2,32,0,89,0,1,0,0,0,105,0,0,0,275,1,10,0,59,51,1,8,0,45,33,13,24,1,89,2,1,24,0,12,23,21,50,20,9,1,13,13,34,1,0,1,35,7,42,2,47,28,0,16,23,37,52,35,10,40,52,7,46,14,2,7
2008-02,27,0.89,32,2,51,38,0,24,0,0,20,101,0,0,0,0,0,0,27,0,0,4,0,31,2,0,5,9,0,0,1,2,0,29,0,0,0,1,2,29,0,0,0,131,3,0,0,57,52,0,9,0,13,40,16,22,1,76,2,0,22,0,10,40,27,59,24,16,0,14,12,19,8,2,0,38,0,37,2,56,56,0,17,29,36,51,36,12,49,48,8,63,18,4,7
2008-03,19,1.78,64,2,46,39,0,23,0,0,18,99,0,13,0,0,0,0,37,0,0,6,3,12,0,4,17,30,0,0,1,5,0,30,0,1,0,0,1,36,0,0,0,89,1,0,1,56,53,0,8,0,17,44,14,24,2,75,45,2,38,0,13,28,25,45,17,13,0,13,14,15,28,0,3,42,5,35,0,52,28,0,14,21,38,64,27,13,36,52,9,58,14,3,7
2008-04,14,0.83,30,0,47,25,0,23,2,0,18,96,0,0,0,0,0,0,39,2,0,10,0,40,1,3,9,31,0,0,1,5,0,33,0,0,0,3,0,43,0,0,0,73,0,1,0,61,53,0,9,0,14,29,14,32,0,82,2,0,30,2,19,30,20,61,16,11,0,15,17,12,1,0,1,39,0,37,0,48,40,0,16,47,41,65,38,9,47,56,8,68,16,3,10
2008-05,34,1.61,58,0,41,37,0,22,0,0,17,48,0,0,1,0,0,0,58,2,0,3,0,13,1,0,7,10,3,0,0,2,0,93,0,0,0,1,1,27,0,0,0,115,1,1,0,60,55,0,11,0,19,28,15,20,0,79,3,0,25,0,17,31,19,44,16,11,0,14,13,21,1,0,2,40,1,39,0,49,38,0,13,38,42,53,44,15,65,52,7,51,23,3,8
2008-06,22,0.78,28,0,39,36,0,22,0,0,19,53,0,0,0,0,0,0,47,0,0,1,4,14,1,8,7,9,0,0,0,3,0,30,0,0,0,1,2,47,0,0,0,59,0,0,0,44,49,0,8,0,34,24,11,24,0,78,27,0,23,0,10,35,23,42,13,9,0,14,21,16,15,0,0,34,4,35,0,39,39,0,12,18,40,43,34,5,41,51,6,45,24,2,19
2008-07,39,0.39,14,0,39,33,0,21,0,0,18,79,0,0,0,0,0,0,55,0,0,9,0,6,0,4,18,9,0,0,0,8,0,30,0,0,0,1,1,40,0,0,0,136,3,11,0,41,50,0,8,0,17,25,13,20,1,66,35,0,16,2,8,35,23,42,14,18,0,15,17,9,3,0,3,38,2,35,0,33,27,0,12,14,34,48,26,8,62,48,7,33,15,2,28
2008-08,48,0.64,23,1,38,29,0,23,2,0,20,58,0,0,0,0,0,0,52,1,0,6,2,21,1,2,8,10,0,0,0,7,0,42,0,1,2,0,5,37,0,1,0,68,0,0,1,39,52,0,7,0,18,37,12,21,1,68,2,0,17,0,8,38,20,35,14,9,0,12,16,11,1,0,2,40,1,40,44,29,34,0,14,20,36,47,21,8,49,46,6,34,13,2,29
2008-09,50,0.72,26,3,42,44,0,27,0,0,16,100,0,11,0,0,0,0,58,2,0,2,6,23,7,6,47,13,0,0,2,12,0,45,0,0,0,1,7,41,1,1,0,109,0,1,0,42,50,0,9,0,19,32,11,23,0,73,38,0,23,0,11,28,22,42,18,13,0,13,16,13,64,0,2,43,8,42,0,32,32,0,12,21,36,51,31,11,54,47,7,56,14,2,16
2008-10,31,1.47,53,0,43,46,0,28,0,0,19,150,0,9,0,0,0,0,36,3,0,3,0,13,0,7,8,19,0,0,3,2,0,45,0,0,1,1,1,24,2,0,0,96,1,20,0,49,59,1,8,0,17,32,13,28,0,76,23,1,18,2,11,38,23,54,17,21,0,15,19,20,2,0,1,44,0,40,0,43,38,0,16,29,38,54,30,14,46,50,8,55,13,3,16
2008-11,36,0.75,27,0,48,29,0,26,0,0,20,114,0,9,0,0,1,0,1,0,0,5,0,7,0,1,12,15,0,0,1,4,0,29,0,0,0,0,0,117,0,0,1,84,0,1,0,57,57,0,11,0,17,32,16,29,2,78,7,0,19,3.5,17,39,26,48,15,24,0,19,13,14,14,0,1,48,4,38,38,51,38,0,15,40,40,60,38,10,55,48,10,54,11,2,14
2008-12,28,2.36,85,0,43,24,6,27,0,0,15,52,0,10,3,0,5,0,47,3,2,3,8,4,1,3,6,13,0,0,13,9,0,51,0,0,24,4,1,32,1,5,23,64,0,1,1,45,58,0,8,0,15,26,13,28,0,66,5,0,20,0,17,28,24,46,10,13,39,15,12,9,3,0,3,46,1,37,3,49,23,0,11,30,43,54,28,9,42,43,9,40,33,3,12
2009-01,59,2.28,82,2,44,41,0,26,2,1,15,206,0,14,6,0,9,0,259,0,0,10,1,43,0,25,62,67,0,0,2,28,0,161,0,7,0,2,2,113,0,0,0,266,0,31,0,53,64,0,8,0,26,27,13,20,0,69,2,1,36,1.5,12,46,26,46,14,17,0,13,20,9,1,0,2,49,2,44,0,42,32,0,12,22,46,50,20,14,50,43,6,44,15,1,8
2009-02,15,0.5,18,0,46,39,0,26,0,0,18,102,0,10,2,0,0,0,42,0,0,5,0,8,5,7,12,1,0,0,0,3,0,81,0,0,0,0,1,23,0,0,1,45,1,0,0,47,56,0,8,0,19,25,14,21,0,74,15,0,25,2,12,36,24,58,20,15,0,14,17,12,12,0,2,52,0,45,1,51,29,0,15,22,42,55,22,13,49,52,7,48,20,2,15
2009-03,16,0.92,33,0,46,29,0,27,0,0,18,52,0,14,0,0,0,0,54,0,0,1,0,11,3,3,12,9,0,0,0,2,0,43,0,0,0,0,1,32,0,0,0,62,0,16,1,48,48,10,8,0,23,41,14,23,1,83,13,1,27,0,20,23,22,50,15,11,0,14,10,20,2,0,0,55,3,51,0,57,23,0,13,29,39,51,29,11,54,52,8,50,20,2,8
2009-04,20,1.64,59,0,47,43,0,29,1,0,20,51,0,0,1,0,0,0,55,0,0,7,1,19,0,2,20,25,0,0,1,8,0,139,0,0,0,0,1,37,0,0,0,88,0,1,2,65,57,0,10,29,38,23,17,25,0,85,1,0,25,0,19,59,25,55,16,19,39,15,13,12,21,0,2,53,0,44,38,51,44,0,16,38,41,53,24,16,47,54,9,48,16,2,9
2009-05,25,1.81,65,0,46,46,0,28,0,0,17,49,0,9,0,0,0,0,72,8,0,1,3,5,1,1,12,9,0,0,1,4,0,72,0,0,0,4,1,30,0,0,0,80,0,3,1,48,59,0,9,0,42,40,17,27,0,78,18,43,28,1.5,17,28,25,59,17,14,0,19,7,13,1,0,4,57,1,45,34,49,26,0,15,35,35,49,29,16,52,51,11,50,20,2,9
2009-06,23,0.78,28,6,61,41,0,31,0,0,16,49,0,0,0,0,0,0,66,1,0,8,0,5,1,2,19,24,0,0,0,1,0,45,0,3,0,4,0,35,0,1,0,111,0,1,0,40,49,0,10,0,15,37,13,28,0,77,1,1,21,1.5,12,30,28,48,14,22,0,14,14,10,18,0,0,56,0,47,56,38,43,0,14,20,42,47,22,14,38,53,7,45,15,2,7
2009-07,49,0.42,15,0,47,38,0,30,0,1,17,66,0,9,7,0,0,0,73,0,0,2,1,19,3,0,21,17,0,0,1,3,0,84,0,0,0,1,1,33,0,0,0,81,1,10,2,32,59,0,10,0,19,20,12,18,0,71,2,0,22,0,10,27,30,49,14,17,0,14,14,13,19,0,0,46,8,41,28,40,28,0,17,23,43,43,17,10,41,52,6,34,18,2,8
2009-08,32,0.61,22,0,55,45,2,31,0,0,17,58,0,13,0,0,1,0,63,0,4,12,1,4,0,3,22,9,0,0,0,4,0,46,0,0,0,3,2,23,0,2,0,90,1,1,2,33,59,0,8,0,21,29,16,20,1,77,2,1,26,0,13,28,31,42,14,14,32,14,12,8,1,1,2,50,1,49,0,34,19,0,14,18,37,39,28,11,35,51,7,34,57,0,9
2009-09,48,1.22,44,0,50,45,1,32,0,0,19,106,0,16,2,0,0,0,83,0,0,6,2,4,0,6,13,1,1,0,0,6,0,85,0,0,0,3,0,32,0,1,1,88,1,4,2,41,54,0,8,0,15,28,33,24,0,76,25,39,22,1,12,35,26,49,17,23,29,14,13,13,38,0,1,42,2,65,2,42,33,0,12,25,40,45,35,11,45,62,7,49,17,2,7
2009-10,21,1,36,0,58,54,0,33,0,0,18,90,0,0,0,0,0,0,59,4,0,4,1,22,0,1,8,10,1,0,0,6,0,46,0,0,3,4,1,5,0,5,6,142,0,1,0,44,59,0,10,0,20,30,17,28,0,85,3,0,24,1.5,14,29,30,66,19,16,0,16,11,15,2,0,1,47,0,44,34,49,34,0,13,27,38,53,33,15,42,61,9,52,19,2,7
2009-11,42,1.44,52,1,53,62,1,33,0,0,19,52,0,11,7,0,8,0,1,0,4,4,1,3,0,1,16,13,0,0,0,3,0,43,0,0,0,0,2,24,0,0,9,63,1,1,3,49,57,0,10,0,20,35,15,30,2,89,9,1,23,2,15,31,24,53,18,11,29,16,15,9,6,0,5,62,0,43,0,54,36,0,15,44,38,56,35,16,44,59,9,54,35,4,12
2009-12,33,1.67,60,0,52,54,2,30,1,0,16,122,0,10,1,0,2,0,1,3,1,7,3,2,1,5,12,5,0,0,15,7,0,163,0,0,6,9,2,37,0,3,23,70,4,2,3,38,62,0,10,0,13,30,13,23,1,75,36,43,24,0,16,31,19,50,16,10,29,16,8,15,37,0,1,51,1,38,31,46,32,0,12,40,38,42,20,16,56,50,9,37,19,2,7
2010-01,49,1.61,58,15,56,41,0,32,6,7,19,268,0,9,7,0,0,0,303,0,0,28,7,44,0,14,66,3,1,0,4,37,0,261,0,3,0,1,8,1,0,0,0,424,2,10,6,41,56,0,12,24,30,29,12,19,0,82,13,1,27,1,13,39,22,57,18,20,0,21,7,11,7,0,2,49,16,53,4,41,33,0,15,30,38,55,29,14,47,66,18,43,35,1,9
2010-02,37,1.31,47,0,57,57,0,35,0,0,22,25,0,12,1,0,0,0,63,2,0,4,3,11,0,3,5,12,0,0,1,8,0,23,0,0,0,0,2,3,0,0,0,73,0,3,3,46,50,0,10,24,25,36,15,28,0,98,4,49,26,2,15,25,21,56,16,13,35,16,10,8,25,0,2,49,2,40,0,43,36,0,15,24,45,55,30,17,38,51,9,60,18,2,8
2010-03,33,0.67,24,0,60,63,2,35,2,0,21,71,0,6,2,0,0,1,75,2,0,2,2,25,1,9,38,17,0,0,3,7,0,105,0,0,0,0,4,4,0,0,2,186,0,3,1,43,50,0,9,21,15,43,19,27,0,85,5,43,25,1.5,15,24,24,51,15,18,35,15,15,11,1,0,1,44,2,46,25,53,33,0,15,38,62,51,28,17,44,57,10,48,17,3,9
2010-04,22,1.53,55,0,59,69,1,38,0,0,24,84,0,11,0,0,0,0,1,0,0,11,1,11,0,1,25,1,0,0,0,13,0,85,0,0,0,2,0,33,0,0,2,108,0,0,1,42,49,0,12,0,15,30,20,28,0,79,3,43,29,1.5,19,39,21,57,16,21,0,18,11,10,16,0,1,50,1,42,27,48,32,0,15,42,61,70,20,16,48,62,10,46,23,3,8
2010-05,33,1.97,71,0,52,50,0,31,0,0,18,46,0,8,1,0,0,0,50,0,0,5,0,1,0,10,6,10,1,0,2,8,0,59,0,1,0,9,1,32,0,2,4,151,0,4,0,40,46,0,10,0,15,41,17,25,0,82,1,0,24,1.5,18,24,20,56,17,16,0,20,11,8,32,0,2,47,2,45,53,44,48,0,14,37,67,51,20,18,46,55,8,56,28,7,9
2010-06,33,0.72,26,0,50,63,3,31,0,0,18,140,0,0,0,0,0,0,62,0,0,3,0,12,0,12,5,4,0,0,3,8,0,72,0,0,0,0,1,3,0,0,4,85,0,2,0,37,45,0,9,0,21,33,12,23,0,88,3,48,29,1.5,13,17,19,46,17,14,0,18,7,9,3,0,7,42,3,40,43,38,39,0,12,26,62,47,28,13,38,53,8,44,18,3,7
2010-07,44,0.42,15,0,49,50,1,31,1,0,15,70,0,8,2,0,0,0,1,2,0,4,1,16,0,4,21,3,0,0,8,13,0,68,0,0,0,0,5,36,0,0,3,74,0,2,1,32,49,0,9,0,21,25,12,17,0,74,28,48,23,1.5,11,22,18,45,13,14,0,17,10,9,1,0,7,42,1,39,27,31,23,0,12,21,59,38,17,11,31,54,7,42,18,2,8
2010-08,42,0.56,20,0,50,47,2,30,0,0,15,67,0,0,0,0,0,0,2,0,0,1,1,8,0,0,13,4,2,0,0,12,0,50,0,1,0,4,2,2,0,0,2,137,1,3,0,36,52,0,10,0,17,22,14,18,1,68,1,0,28,1.5,13,27,20,45,14,12,32,16,10,10,1,0,0,45,0,40,2,28,30,0,13,19,57,42,22,11,40,51,10,38,16,3,7
2010-09,39,1.58,57,0,51,59,2,32,0,0,17,62,0,7,5,0,0,0,52,0,0,11,3,6,1,1,8,2,0,0,0,11,0,90,0,0,0,0,3,1,0,1,1,79,1,1,1,46,49,0,9,0,21,32,15,20,0,77,9,39,30,2,13,20,20,44,19,15,26,17,8,17,31,0,0,47,20,45,1,34,31,0,19,21,56,51,34,14,41,53,7,51,20,9,8
2010-10,34,0.81,29,0,59,66,2,35,0,0,16,55,0,8,0,0,0,0,1,8,0,3,3,30,2,16,59,6,0,0,1,10,0,78,0,0,0,4,1,3,0,1,3,8,0,3,1,37,49,0,14,14,23,31,21,27,0,80,16,40,27,1.5,14,32,28,57,21,14,0,18,12,11,3,0,4,42,7,41,28,43,40,0,21,28,49,59,20,17,39,56,7,51,16,4,7
2010-11,31,1.61,58,0,54,59,0,35,0,1,17,29,0,6,0,0,0,0,2,4,0,1,0,44,1,19,16,22,0,1,7,8,0,99,0,0,0,4,2,31,0,4,2,129,3,0,0,44,56,0,13,17,34,32,18,25,1,88,3,48,42,1.5,19,30,29,58,18,15,32,18,12,10,16,0,5,45,1,46,28,50,42,0,18,33,52,57,23,15,37,58,8,51,18,2,11
2010-12,31,1.75,63,1,50,55,1,43,0,0,14,57,0,0,1,0,3,1,1,5,1,2,8,3,1,3,10,4,0,0,8,16,0,154,0,0,5,13,3,1,3,4,8,133,0,1,1,38,50,0,10,0,52,23,15,17,0,77,4,39,23,1.5,25,23,31,47,16,11,19,19,9,20,33,0,0,43,0,41,19,39,31,0,13,30,55,44,24,14,55,51,11,43,29,3,7
2011-01,38,1.64,59,10,58,67,0,37,1,0,15,263,0,6,1,0,4,0,1,9,0,29,2,56,0,19,76,2,0,0,3,37,0,242,0,1,0,0,18,3,0,0,7,8,1,12,4,42,52,50,9,0,20,25,18,20,1,77,9,35,36,1.5,13,24,35,45,19,17,0,18,10,25,174,0,3,44,6,39,22,41,38,0,13,26,49,50,27,17,35,50,12,47,17,3,6
2011-02,19,1.11,40,0,59,63,0,40,0,0,18,81,0,7,4,0,3,2,1,0,1,4,0,5,0,3,20,6,1,0,2,16,0,62,0,3,0,0,4,1,0,1,1,89,1,2,1,40,55,0,10,14,24,32,16,22,2,80,1,48,27,1,15,18,47,57,15,20,29,17,13,55,7,6,2,53,1,41,28,42,29,1,20,25,42,51,19,16,46,55,6,57,18,3,8
2011-03,27,0.67,24,2,59,67,1,35,0,0,18,60,0,5,0,0,1,0,1,8,0,5,0,6,0,3,33,8,4,0,1,9,0,91,0,1,0,2,4,3,0,0,8,8,0,1,1,39,48,0,10,0,21,35,17,28,0,86,2,48,26,1.5,16,46,32,65,14,16,26,16,9,24,1,1,1,48,2,46,25,43,31,0,13,31,45,61,24,11,38,57,10,48,18,6,7
2011-04,21,1.53,55,2,61,67,2,35,0,0,17,134,0,6,0,1,3,0,85,0,0,4,0,16,4,0,17,4,0,1,1,7,0,93,0,2,0,5,0,1,0,0,0,99,1,3,0,41,55,0,12,14,26,36,18,31,0,100,3,43,29,1.5,19,27,32,56,18,15,35,18,10,24,26,0,1,55,6,51,34,45,40,0,15,43,47,48,27,18,43,60,9,49,18,3,8
2011-05,25,1.33,48,0,61,83,0,33,0,0,14,1,0,6,0,0,7,0,1,0,0,1,2,3,0,2,10,2,1,0,0,7,0,74,0,0,0,1,8,1,0,3,2,132,0,2,1,45,55,0,13,14,34,36,17,24,0,87,10,26,26,2,17,37,58,54,15,16,0,18,12,24,41,0,1,44,1,50,25,43,43,0,14,41,48,47,29,12,41,52,8,49,29,3,16
2011-06,32,1.31,47,3,57,76,1,34,0,2,13,86,0,8,1,0,0,0,1,0,0,2,2,14,0,3,11,7,0,0,1,13,0,84,0,2,0,2,1,1,0,0,3,167,0,1,1,36,61,0,10,0,20,33,28,21,0,84,16,1,25,1,13,41,33,45,14,23,0,17,9,19,33,12,5,45,1,42,31,31,38,0,12,23,47,44,39,13,36,54,6,49,17,3,8
2011-07,35,0.33,12,0,57,70,1,35,0,0,14,50,0,5,1,0,4,0,2,0,1,1,0,32,0,9,14,5,0,0,1,4,0,62,0,0,0,0,8,1,0,1,2,134,0,0,2,37,58,0,9,0,24,19,13,17,0,75,8,35,25,1,12,30,39,48,16,13,29,16,10,19,2,0,3,61,0,62,22,24,30,0,12,16,45,40,23,12,39,55,6,41,16,2,9
2011-08,47,0.97,35,0,57,68,0,34,0,0,13,1,0,0,2,0,0,0,84,2,0,7,0,2,4,1,14,3,0,0,3,5,0,64,0,0,2,1,3,5,0,2,1,92,1,2,0,41,51,0,10,19,27,25,17,18,0,76,4,27,25,1,14,38,33,47,19,16,32,16,10,23,15,0,0,61,2,46,28,26,28,1,15,20,51,57,17,13,44,50,9,38,18,2,7
2011-09,32,1,36,0,65,63,1,39,0,0,15,1,0,7,11,0,0,0,105,9,0,6,0,19,0,2,13,7,0,0,0,9,0,115,0,0,0,0,5,4,2,0,5,8,0,13,1,36,53,1,12,0,25,29,14,22,1,73,1,26,23,1,15,27,38,50,24,21,20,15,11,60,9,0,2,43,1,48,0,38,33,0,13,20,42,50,22,15,43,52,5,54,29,3,9
2011-10,24,0.89,32,3,59,45,0,39,0,0,21,83,0,9,8,0,0,0,3,9,0,1,0,4,0,7,30,2,0,6,3,7,0,96,0,0,0,2,6,6,0,1,3,120,0,45,2,38,55,0,10,0,22,37,31,33,0,82,8,43,28,1.5,17,28,39,53,14,18,37,19,11,44,1,0,7,45,4,42,22,40,40,0,13,26,47,47,24,16,38,58,14,53,45,4,9
2011-11,21,1.64,59,0,59,51,0,36,0,1,16,104,0,7,0,0,0,0,1,0,0,1,2,19,4,2,8,3,0,0,1,9,0,111,0,2,0,0,2,1,0,0,3,8,0,3,0,44,56,0,14,17,24,37,21,25,0,84,4,35,25,1,23,30,40,50,18,16,26,17,12,44,1,0,1,46,0,50,38,52,42,0,12,32,44,55,34,17,43,61,8,55,22,5,9
2011-12,28,1.56,56,0,55,50,4,36,0,1,14,3,0,6,1,0,7,2,3,3,0,1,16,23,1,3,20,5,5,1,12,14,0,136,0,0,8,6,3,4,5,3,9,117,0,3,4,47,53,0,9,0,25,31,18,21,1,79,4,39,20,1.5,20,21,37,44,15,33,23,16,9,30,4,0,5,42,2,43,27,37,30,0,15,34,47,44,22,20,38,59,13,50,27,3,7
2012-01,49,2.25,81,1,58,65,1,37,2,4,15,327,0,6,2,0,1,0,4,8,0,48,1,43,0,27,133,3,8,0,4,4,0,442,0,0,0,3,15,173,0,5,2,470,6,18,0,45,56,0,14,0,28,26,18,18,1,74,5,35,29,1,15,26,37,42,14,16,16,16,10,51,2,3,2,46,9,44,28,37,41,0,11,20,44,56,19,15,42,49,6,54,18,20,9
2012-02,39,0.69,25,1,64,63,2,43,0,2,16,78,0,7,9,0,2,0,2,0,0,0,0,22,0,1,15,8,0,0,2,11,0,118,0,0,0,1,7,36,0,1,11,151,1,8,1,44,57,0,13,21,33,30,18,24,1,80,16,39,34,1.5,17,28,37,49,15,16,26,16,8,48,2,0,0,42,4,45,34,41,37,0,13,28,37,53,29,18,38,62,10,59,20,9,10
2012-03,18,0.64,23,10,63,60,1,38,2,8,17,128,0,9,11,0,3,0,123,0,0,4,4,40,0,5,43,2,0,0,4,15,0,198,0,0,0,0,7,2,0,0,2,8,1,1,1,42,56,0,10,0,22,98,16,25,0,82,15,61,28,1.5,19,31,39,52,14,16,26,20,10,54,29,0,1,40,1,53,41,41,36,0,18,33,41,56,22,18,44,60,7,59,18,6,10
2012-04,30,1.86,67,2,66,88,4,37,0,0,16,1,0,9,0,0,0,0,109,0,0,8,0,19,1,2,15,12,0,0,2,11,0,119,0,0,0,0,2,26,0,1,8,8,7,1,1,52,55,0,14,24,33,49,14,23,0,84,11,57,25,1.5,22,40,25,48,19,16,32,19,10,50,5,1,9,40,3,48,31,42,38,0,15,40,39,59,21,14,100,59,21,57,19,4,9
2012-05,27,1.67,60,0,57,79,1,38,0,0,15,77,0,6,1,0,0,0,90,2,0,4,0,3,1,0,16,16,0,1,0,8,0,160,0,0,0,0,9,37,1,2,4,153,0,4,0,39,57,0,11,69,26,38,15,25,0,88,5,54,26,1.5,19,31,23,45,17,18,19,19,11,42,1,0,3,40,2,47,63,42,38,0,17,35,41,63,22,16,58,52,10,51,18,5,8
2012-06,32,0.89,32,0,59,75,7,36,0,1,14,4,0,6,1,0,0,0,104,8,0,3,6,46,4,8,29,5,6,0,2,9,0,133,0,0,0,1,2,3,0,1,15,169,1,6,1,39,55,0,13,33,30,30,16,24,1,79,7,40,25,1,16,34,23,44,16,21,32,41,8,34,6,0,4,41,2,47,46,40,40,0,15,19,101,50,22,15,60,55,11,46,17,10,15
2012-07,26,0.33,12,8,59,54,5,35,2,0,14,6,0,6,7,0,0,0,106,1,0,4,7,11,0,0,8,13,1,0,2,11,0,101,0,1,0,7,8,48,0,1,11,113,3,19,0,30,58,0,10,0,25,38,16,17,1,80,8,23,23,1,15,24,19,42,13,16,26,18,9,37,2,0,1,38,0,49,57,25,30,0,15,23,53,50,20,10,48,54,8,42,16,7,10
2012-08,45,1.33,48,0,63,40,2,37,0,0,17,3,0,4,10,0,0,0,110,8,0,0,8,18,0,1,20,8,0,1,3,9,0,165,0,0,0,0,2,2,0,0,0,109,9,2,1,47,54,0,10,19,19,28,14,16,2,73,4,67,22,1,16,27,18,52,14,13,32,19,11,34,1,0,0,40,0,48,38,28,32,0,17,17,49,45,24,12,38,54,9,44,19,3,10
2012-09,29,0.67,24,0,59,57,2,40,0,0,22,3,0,8,1,0,15,0,4,0,0,5,1,14,0,2,49,10,0,0,4,6,0,123,0,0,0,2,7,24,2,2,5,137,0,1,1,41,76,0,18,17,19,37,22,20,1,83,9,35,21,1,16,26,18,52,14,20,23,23,10,69,121,0,1,68,1,49,47,31,31,0,19,22,60,48,28,17,38,54,13,55,21,4,9
2012-10,25,1.67,60,0,62,66,5,42,0,1,16,5,0,6,3,0,1,0,1,8,0,4,1,3,1,4,20,1,1,0,5,4,0,136,0,0,0,2,3,39,0,0,3,2,1,5,1,44,58,0,11,23,20,34,17,24,1,91,5,50,31,1,18,24,20,53,16,18,23,19,11,32,4,0,3,46,0,43,38,47,36,0,15,33,39,52,28,17,40,64,6,60,15,9,9
2012-11,16,1.06,38,0,65,62,2,35,0,0,18,60,0,6,2,0,0,0,2,0,0,7,0,74,0,0,10,7,0,0,1,11,0,159,0,0,0,9,13,2,0,2,1,1,2,1,2,41,60,0,14,12,32,37,17,21,1,88,7,34,21,1,33,38,20,52,15,19,32,19,9,39,1,0,2,42,2,47,38,41,37,0,15,41,38,48,22,16,47,58,10,54,15,5,9
2012-12,32,1.56,56,0,60,39,1,33,0,0,14,80,0,7,4,0,10,0,87,10,1,8,10,8,6,1,23,1,0,0,1,15,0,143,0,0,2,4,7,42,0,2,1,136,8,4,1,43,62,0,11,21,20,31,15,18,2,79,4,35,30,1,21,32,19,46,13,18,32,19,8,41,1,0,6,43,2,43,34,37,33,0,13,32,44,42,19,15,37,56,10,44,35,3,8
2013-01,46,1.81,65,16,64,26,1,34,5,1,15,478,0,4,2,0,0,0,1,0,0,1,1,21,0,23,78,1,0,0,6,64,0,431,0,0,0,0,44,169,0,0,4,1,3,8,2,52,64,0,9,12,26,31,16,19,0,87,4,44,24,1,19,34,18,45,13,18,26,21,8,58,1,1,1,43,5,55,44,45,38,1,13,28,41,47,13,17,53,61,9,50,20,17,7
2013-02,19,0.97,35,3,63,30,1,36,0,0,17,69,0,4,4,0,0,0,3,1,0,3,1,8,0,0,16,26,0,0,0,13,0,118,0,0,0,0,8,1,0,2,2,222,0,0,1,33,59,0,11,19,20,34,16,19,0,87,3,30,22,1.5,17,34,20,54,14,23,29,17,12,36,1,0,8,48,0,48,41,43,38,0,14,29,35,47,23,18,40,57,6,68,15,4,9
2013-03,21,1.19,43,3,63,27,1,35,1,0,22,4,0,6,2,0,0,0,1,0,0,7,0,3,5,8,17,1,0,0,1,11,0,86,0,2,1,3,3,33,0,2,1,183,0,14,1,41,62,0,10,12,17,34,19,19,1,91,2,35,21,1,20,26,17,48,15,16,29,17,10,32,23,0,4,57,0,46,31,43,33,0,16,42,44,45,27,16,43,56,6,54,31,9,9
2013-04,22,1.08,39,1,69,40,3,37,0,1,17,99,0,6,1,0,12,0,103,0,0,13,2,22,0,0,40,4,0,0,1,4,0,147,0,1,0,4,7,1,0,0,3,176,2,0,3,45,66,0,10,24,16,36,18,26,0,89,1,27,23,1.5,23,32,18,59,16,15,29,19,15,31,1,0,1,52,1,46,50,47,37,0,14,45,43,50,27,24,43,59,16,54,20,5,9
2013-05,27,2.03,73,0,61,31,2,32,0,1,13,49,0,6,4,0,3,0,124,1,4,1,4,11,0,3,59,1,0,0,1,12,0,150,0,1,0,0,9,4,0,4,6,9,5,0,1,46,72,0,12,17,29,31,18,25,0,87,7,39,23,1.5,21,36,17,58,14,18,19,18,10,55,11,0,2,49,2,56,56,41,41,0,14,39,42,45,24,21,42,71,6,49,15,8,11
2013-06,23,0.81,29,6,57,22,1,32,0,0,12,90,0,5,5,0,6,0,2,0,0,3,0,10,0,5,16,9,0,0,4,5,0,122,0,0,0,4,17,42,0,1,5,1,2,4,1,38,67,0,10,12,17,28,15,24,0,91,3,26,21,1,16,25,15,56,22,20,26,17,10,77,27,0,1,53,0,48,41,37,42,0,16,26,39,44,19,14,41,54,6,46,22,19,13
2013-07,33,0.31,11,2,60,22,3,33,0,0,19,81,0,4,1,0,1,0,2,8,2,1,4,7,0,1,11,2,0,0,1,9,0,134,0,0,0,4,11,3,0,6,4,148,1,2,1,38,69,0,10,1,33,28,18,20,0,79,22,26,21,1.5,17,31,17,46,13,16,32,17,8,57,18,0,1,43,4,43,44,24,33,0,16,24,43,41,15,16,44,56,6,40,18,10,11
2013-08,37,1.39,50,0,61,27,3,32,0,8,15,137,0,6,8,0,0,0,104,8,0,5,2,15,1,4,8,2,0,2,7,9,0,118,0,0,0,6,13,5,0,4,6,132,0,2,2,49,72,0,13,1,19,27,13,15,1,82,3,18,20,1.5,20,33,18,54,13,13,29,17,9,47,3,0,3,54,0,55,50,24,33,0,12,22,43,38,16,14,73,64,7,39,26,5,21
2013-09,43,0.78,28,4,62,57,3,32,2,0,16,4,0,6,11,0,1,0,2,0,0,11,2,12,4,2,13,1,1,0,4,12,0,148,0,0,5,3,12,2,1,3,3,229,1,2,2,36,66,0,10,14,16,33,18,20,0,80,13,33,21,1.5,21,38,15,44,14,17,29,19,10,30,5,0,3,50,2,61,56,33,35,1,13,26,38,56,22,15,78,57,11,57,23,4,10
2013-10,30,1.56,56,6,59,56,1,34,0,8,15,4,0,6,2,0,2,0,128,0,1,14,0,6,7,7,37,7,1,0,4,8,0,4,0,0,0,3,13,2,1,1,6,1,1,33,3,54,72,0,11,24,17,30,19,21,1,85,7,40,20,2,21,29,17,61,14,16,26,19,10,35,9,0,4,45,0,48,41,41,38,0,17,33,36,43,23,21,50,62,7,68,18,8,9
2013-11,18,1,36,0,61,26,5,32,0,0,14,139,0,4,3,0,8,1,1,8,0,5,2,4,2,0,11,5,6,0,1,4,0,123,0,0,2,0,13,1,0,1,6,85,0,2,1,45,67,0,11,24,15,32,19,20,3,77,7,40,19,2,25,33,17,57,16,26,26,20,7,53,18,0,3,48,1,44,41,43,40,0,15,36,38,45,16,28,44,58,10,58,22,22,9
2013-12,39,1.39,50,0,55,29,2,27,2,2,12,108,0,4,7,0,3,1,1,20,1,7,2,4,3,4,26,10,1,0,2,13,0,96,0,0,6,1,6,32,1,0,4,105,4,1,2,32,68,0,12,13,81,31,16,15,1,81,4,27,19,1.5,20,30,15,53,12,19,26,17,6,35,1,0,3,43,3,46,66,43,31,1,12,34,40,38,14,18,54,57,16,45,23,5,11
2014-01,52,2.03,73,10,66,45,1,31,0,1,15,460,0,6,2,0,2,0,4,1,0,52,4,28,4,7,121,63,6,1,8,43,0,504,0,7,0,1,25,129,0,6,0,3,2,19,5,39,86,0,10,12,20,31,15,16,1,70,4,31,27,1.5,17,28,21,48,15,19,26,20,8,36,14,4,2,46,3,47,38,34,38,0,13,28,40,45,15,18,49,76,9,51,24,4,10
2014-02,24,0.75,27,6,69,53,1,37,2,8,19,12,0,6,20,0,0,0,122,0,4,1,0,2,8,1,14,1,0,0,4,7,0,161,0,0,4,3,16,6,0,0,5,9,1,1,1,39,80,0,10,12,18,30,18,18,0,81,2,36,25,1.5,17,35,16,62,21,21,29,21,6,26,4,0,2,47,1,52,31,41,37,3,32,27,41,48,14,21,53,68,7,56,21,5,11
2014-03,22,0.64,23,5,66,34,1,38,0,0,17,152,0,5,8,1,1,0,1,3,4,4,6,16,0,1,28,7,1,0,0,8,0,139,0,1,0,0,13,51,0,0,9,144,0,5,0,41,77,0,14,17,53,33,29,20,1,78,15,49,40,2,22,33,14,59,26,101,26,24,8,38,25,0,4,57,0,51,31,44,40,1,17,39,42,46,19,22,47,71,9,51,21,5,9
2014-04,28,1.64,59,5,64,42,1,37,0,0,16,147,0,7,4,0,1,0,3,12,12,4,4,5,0,0,28,2,2,2,1,11,0,122,0,2,0,4,13,51,0,0,1,149,0,4,0,35,75,33,13,13,25,30,17,22,0,79,2,101,21,2,20,35,15,57,14,49,29,21,13,40,1,0,8,49,5,55,31,41,34,0,13,43,38,49,17,22,68,68,16,52,25,4,8
2014-05,20,1.64,59,0,64,29,0,32,1,8,14,120,0,6,0,0,1,0,5,2,0,4,2,14,0,1,41,3,0,0,4,9,0,2,0,0,4,6,21,1,0,0,0,219,1,5,4,37,71,0,11,29,20,30,19,18,0,74,11,103,21,3.5,19,54,16,54,16,23,26,22,22,48,1,0,1,45,1,56,50,42,39,0,17,48,37,49,20,19,49,63,8,51,23,5,10
2014-06,28,1.06,38,2,62,30,0,30,0,8,12,95,0,5,1,0,1,0,1,2,1,6,0,4,0,4,42,1,1,0,4,3,0,142,0,1,4,1,15,7,2,0,2,8,0,5,1,32,70,0,12,12,23,33,15,20,1,70,3,35,21,1.5,15,28,14,65,13,21,23,18,9,38,6,0,2,48,2,45,44,28,37,0,13,29,60,42,21,22,34,55,5,46,24,5,8
2014-07,27,1.03,37,0,54,37,1,30,0,0,12,4,0,7,8,0,0,0,2,10,0,1,0,4,3,1,30,2,0,0,2,7,0,163,0,0,0,0,11,29,0,1,3,3,5,17,2,25,66,0,10,14,19,23,18,18,0,66,3,70,19,1.5,15,34,15,48,16,16,29,17,11,46,3,0,2,44,0,53,34,25,36,1,11,22,38,34,22,16,39,56,5,42,16,5,10
2014-08,39,0.67,24,0,63,35,0,29,0,1,12,114,0,6,2,0,0,0,2,0,0,8,2,10,0,0,10,12,0,0,2,8,0,117,0,0,0,6,18,3,0,1,6,12,0,5,3,33,68,0,10,10,16,30,15,17,1,68,4,38,22,2,14,29,18,43,15,20,23,18,15,37,5,0,5,49,2,53,38,23,33,0,12,24,37,36,17,17,47,52,7,44,22,5,8
2014-09,31,0.64,23,6,63,46,0,61,0,0,15,4,0,6,2,0,0,0,1,2,0,7,2,14,1,0,37,7,0,0,1,13,0,201,0,0,0,6,16,3,1,3,0,4,4,6,1,29,66,1,11,14,19,31,24,18,0,70,9,30,20,2,14,48,16,54,16,20,25,17,8,34,18,0,1,40,2,54,34,28,33,0,13,42,36,51,21,24,41,54,12,54,26,5,10
2014-10,24,1.81,65,6,65,42,3,36,0,0,15,79,0,8,8,0,5,0,1,0,0,9,3,21,4,3,25,2,1,0,0,13,0,197,0,0,0,3,11,2,2,4,6,187,2,8,1,30,71,0,11,14,21,40,18,19,0,79,3,45,27,2,18,32,17,62,15,18,26,19,10,58,1,0,8,44,0,50,56,32,37,0,18,35,36,55,19,20,41,66,11,59,27,9,27
2014-11,22,0.89,32,8,69,36,2,35,0,0,15,4,0,6,2,0,3,0,1,1,0,3,0,5,0,25,64,2,1,0,3,7,0,140,0,0,0,8,13,2,0,2,1,8,0,1,2,37,80,0,13,21,21,37,17,28,1,76,4,47,24,2,18,32,16,55,16,21,26,21,15,32,10,0,4,46,1,50,40,43,37,1,14,38,40,46,19,23,39,62,7,58,20,4,10
2014-12,23,1.44,52,1,61,44,1,33,0,1,14,98,0,5,1,0,37,1,155,5,2,6,5,11,3,2,74,5,0,0,3,6,0,128,0,4,21,26,12,27,5,9,4,173,5,3,3,30,72,0,10,24,15,29,15,17,2,66,7,28,34,2,28,36,14,46,14,18,17,19,12,32,37,1,6,53,0,52,38,36,36,0,14,34,41,40,14,19,41,55,7,44,31,3,10
2015-01,32,1.86,67,14,72,43,2,31,1,1,17,361,0,6,8,0,6,0,1,2,0,45,0,47,0,7,131,1,3,0,7,42,0,549,0,2,0,0,44,1,0,0,4,561,1,8,9,39,87,2,10,17,15,29,13,14,1,94,8,40,23,9,22,35,30,66,15,20,29,18,9,28,19,0,3,56,9,58,38,36,38,0,13,27,41,49,16,25,64,62,14,50,23,8,41
2015-02,23,0.89,32,1,67,39,2,38,0,2,15,194,0,15,1,0,0,0,1,0,0,6,4,26,4,0,4,15,0,0,1,10,0,137,0,0,0,0,14,1,0,0,2,4,2,5,2,29,81,0,18,19,13,33,16,18,1,75,2,58,33,2,18,27,20,57,16,20,32,18,17,30,4,0,4,48,0,56,38,38,32,3,14,29,37,45,17,19,43,59,5,53,17,5,11
2015-03,37,0.67,24,1,68,28,1,37,0,1,14,168,0,9,8,1,2,0,3,5,1,2,0,7,0,7,39,3,3,0,1,14,0,145,0,1,0,0,10,3,0,0,7,193,8,0,2,39,84,0,14,12,25,38,15,17,1,83,4,25,24,6.5,20,34,18,65,14,29,29,19,11,30,7,25,7,54,2,69,31,40,39,1,19,41,47,57,22,20,59,66,21,51,19,6,10
2015-04,38,1.75,63,1,65,46,0,36,0,0,14,102,0,8,3,0,1,0,212,2,0,1,4,10,0,1,12,1,4,0,2,12,0,109,0,0,1,3,15,2,0,6,7,146,0,2,3,38,75,0,11,14,36,32,16,20,0,90,2,31,20,4,23,28,16,62,15,22,32,20,13,72,6,1,5,50,0,55,50,48,41,0,14,50,46,45,33,21,54,55,17,59,16,6,10
2015-05,37,2.03,73,1,63,43,2,32,1,0,13,4,0,6,0,0,9,0,1,0,0,3,4,5,3,1,54,1,0,0,1,10,0,4,0,0,0,0,17,2,0,0,2,8,1,9,3,34,74,25,13,14,18,37,25,17,0,71,13,36,25,10,26,34,16,60,15,15,35,18,11,42,2,0,3,47,1,54,51,44,40,0,13,38,41,42,22,30,49,54,11,62,15,9,11
2015-06,30,0.75,27,3,63,41,2,37,2,8,11,8,0,9,4,0,2,0,4,0,1,7,4,10,1,7,8,4,3,0,4,9,0,165,0,0,3,1,20,3,1,2,1,180,0,3,1,33,70,0,11,14,26,29,16,17,4,71,5,34,28,2,15,25,18,54,13,16,19,18,10,34,8,0,5,45,4,54,41,44,37,2,16,30,40,44,19,20,44,55,14,49,17,3,10
2015-07,44,1.11,40,1,64,33,2,32,0,8,12,157,0,7,1,1,4,0,1,1,4,12,2,11,0,6,25,1,7,0,4,8,0,107,0,1,0,2,27,48,0,2,1,4,0,8,1,34,74,0,12,14,22,29,12,21,0,61,8,24,28,2,14,26,14,49,12,15,23,17,9,39,2,0,8,43,4,53,44,24,32,3,13,31,42,40,17,17,35,56,11,43,15,4,9
2015-08,41,0.64,23,0,62,25,0,28,0,0,12,167,0,7,14,0,1,0,3,2,1,5,1,21,0,3,36,7,3,0,3,4,0,164,0,0,3,2,11,1,1,1,2,7,1,9,2,44,72,0,18,12,20,30,21,11,0,58,1,22,18,1.5,13,28,14,42,14,14,32,21,11,57,21,0,0,45,0,60,38,24,35,0,14,19,40,45,19,19,35,54,8,46,31,4,8
2015-09,38,1.67,60,1,62,39,0,34,0,0,13,146,0,8,1,0,1,2,2,8,0,4,0,26,0,0,32,5,6,0,3,15,0,137,0,0,0,0,20,1,0,2,0,4,0,3,1,34,70,25,10,12,16,30,15,15,1,65,5,33,25,2.5,16,34,13,86,16,18,29,23,10,50,8,0,0,44,4,59,34,28,36,0,15,25,42,42,21,27,46,66,5,54,22,4,10
2015-10,30,1.17,42,6,68,42,0,38,0,0,14,188,0,8,1,0,1,0,4,1,0,5,7,10,8,8,35,7,0,1,3,9,0,150,0,0,2,2,22,3,1,2,3,12,1,4,1,55,74,0,10,12,88,30,21,18,8,73,6,23,22,2.5,17,32,15,58,17,20,29,18,10,60,49,0,6,49,1,56,44,33,39,0,17,33,41,71,22,19,44,59,6,56,20,6,9
2015-11,24,0.61,22,6,60,31,0,32,2,1,14,16,0,8,1,4,0,0,3,2,0,10,3,4,4,2,42,15,0,0,2,12,0,166,0,1,0,3,20,1,0,4,2,289,0,2,0,44,72,0,12,19,35,36,18,18,1,67,2,30,33,2,19,32,16,72,15,17,23,19,11,39,6,0,5,48,1,56,41,41,34,1,15,38,37,46,22,29,71,61,13,63,14,5,10
2015-12,20,1.61,58,6,71,24,31,33,0,1,12,156,0,9,4,0,1,0,3,2,3,8,3,12,2,1,20,4,0,0,3,16,0,217,0,1,12,4,25,3,0,4,1,10,14,3,7,27,73,0,11,14,22,35,14,13,5,64,11,35,24,2,18,29,15,61,19,16,29,18,9,54,1,0,2,48,0,56,45,36,40,0,20,38,42,39,14,19,61,55,6,48,40,4,9
2016-01,33,1.53,55,5,68,30,4,30,1,4,13,388,0,8,6,0,1,0,1,2,0,60,7,35,0,12,99,62,5,1,4,32,0,459,0,0,1,1,34,9,0,3,7,17,2,13,7,29,72,0,10,12,16,32,16,14,0,57,10,40,20,2,13,37,14,52,28,15,35,16,7,47,9,0,1,44,9,62,47,44,35,0,33,26,38,39,14,19,48,56,5,50,16,3,12
2016-02,21,0.94,34,8,67,52,0,36,0,1,14,142,0,10,0,0,3,0,140,10,0,6,4,5,4,1,55,2,0,1,0,6,0,160,0,0,0,2,20,4,0,1,1,12,0,8,5,34,68,0,11,17,15,29,15,15,1,61,3,29,17,2.5,18,28,14,50,35,15,23,16,6,48,8,0,2,48,1,69,38,39,35,4,23,29,48,41,14,25,39,67,21,49,15,10,11
2016-03,16,1.53,55,0,70,51,1,36,1,5,13,302,0,10,4,0,15,0,1,0,0,13,1,17,0,1,79,7,8,0,4,9,0,144,0,0,0,1,24,5,1,1,1,5,1,4,1,28,73,33,12,20,18,37,17,16,0,62,3,34,25,2,17,25,14,55,24,16,19,17,9,52,7,0,2,52,0,68,31,45,33,0,21,40,35,47,16,23,39,60,15,48,12,7,9
2016-04,37,0.72,26,8,63,42,1,37,0,0,13,4,0,9,1,0,1,0,4,0,0,10,3,1,0,1,39,19,0,0,5,12,0,165,0,0,0,8,1,1,0,0,2,5,0,3,1,41,67,0,12,0,31,39,16,27,1,66,7,38,27,2.5,22,97,18,63,19,13,26,18,9,62,9,0,2,45,2,60,50,46,39,3,15,48,34,46,20,23,42,57,10,57,16,4,14
2016-05,29,2,72,4,66,31,2,34,2,0,13,4,0,11,0,0,1,0,164,0,0,12,2,9,3,2,54,1,0,0,2,9,0,5,0,0,0,0,24,1,0,0,1,5,0,1,2,32,78,0,14,10,22,38,14,16,1,63,8,25,20,3.5,21,24,15,55,20,13,32,25,10,47,14,0,4,48,4,66,47,40,32,0,18,39,38,44,19,24,41,60,22,56,17,5,12
2016-06,35,0.81,29,0,65,35,0,28,0,2,11,4,0,11,3,0,5,0,1,0,0,13,6,17,0,1,31,3,1,0,4,9,0,147,0,0,2,4,34,1,0,5,4,5,0,10,1,38,67,0,11,27,17,30,12,14,1,57,7,92,17,4,13,33,14,43,19,17,29,17,8,36,3,0,1,40,4,55,46,27,29,0,16,26,39,53,14,23,34,54,10,50,13,4,10
2016-07,29,1.08,39,3,60,43,11,24,2,0,9,132,0,7,1,1,1,0,168,4,0,4,3,9,0,0,4,3,1,0,2,12,0,153,0,0,0,4,20,1,0,2,1,5,0,2,0,23,69,0,11,24,16,27,12,14,2,56,1,18,16,4.5,16,33,13,38,15,15,19,15,9,32,5,1,6,39,2,56,47,21,27,0,16,30,39,41,9,17,33,54,6,40,11,3,9
2016-08,37,0.61,22,1,57,30,9,27,0,2,10,137,0,9,0,0,1,0,2,0,0,8,5,18,0,1,62,1,2,0,2,8,0,133,0,1,0,2,25,1,2,5,3,28,0,0,3,32,75,0,10,14,15,23,13,15,1,57,9,27,17,3.5,12,24,13,39,15,11,19,14,8,35,3,0,4,38,4,60,32,25,28,0,14,22,38,44,10,20,27,54,7,39,25,3,11
2016-09,35,1.5,54,0,60,25,1,29,3,0,12,141,0,9,5,0,1,0,2,0,0,3,2,18,4,3,51,9,1,0,2,7,0,130,0,0,3,6,29,1,0,7,2,16,2,13,2,29,69,0,10,21,20,34,18,14,1,59,14,27,31,2.5,17,27,14,65,15,16,23,15,8,42,6,0,3,44,9,60,60,30,31,0,23,24,39,37,14,20,33,57,6,50,17,7,16
2016-10,28,1.28,46,0,66,37,1,29,8,0,13,4,0,11,4,0,1,4,5,4,0,12,8,15,2,0,24,4,2,0,1,12,0,153,0,1,3,3,30,45,1,6,2,7,0,5,2,26,72,0,11,10,19,32,10,18,1,67,17,13,19,61.5,16,24,14,56,17,11,32,16,7,31,33,0,1,42,0,60,50,45,37,0,16,32,40,46,17,19,37,55,20,50,13,5,9
2016-11,28,0.78,28,2,65,64,0,30,0,1,12,8,0,10,4,0,1,0,2,6,3,1,1,11,2,1,35,1,17,0,2,9,0,138,0,0,0,8,21,5,2,12,1,12,0,0,4,36,69,0,12,15,28,91,34,21,1,72,7,43,18,20,17,26,14,46,12,14,26,18,7,35,10,1,1,43,5,27,69,37,38,0,18,31,39,57,27,21,42,59,19,57,18,5,13
2016-12,18,1.67,60,2,59,41,1,32,0,0,10,119,0,9,2,1,4,5,5,3,2,7,3,7,7,1,40,4,0,0,2,7,0,144,0,1,16,13,19,1,5,9,6,207,1,8,3,27,83,0,17,14,13,77,28,19,2,66,15,29,23,11.5,23,34,14,48,10,17,29,26,10,38,14,0,1,46,2,21,59,40,39,14,18,35,48,46,21,22,51,56,12,43,15,6,36
2017-01,34,2.17,78,5,68,28,1,31,2,8,12,4,0,11,3,0,1,0,4,0,0,36,3,12,3,14,135,4,3,1,5,37,0,469,0,0,4,0,40,3,0,0,3,21,31,23,7,26,78,2,12,19,17,81,45,16,7,63,17,26,28,16,19,29,13,39,11,16,23,18,8,66,4,4,2,44,5,24,79,44,35,0,16,39,48,49,28,22,43,57,11,51,18,3,18
2017-02,19,0.56,20,5,66,25,6,31,0,1,15,8,0,11,2,0,1,0,2,4,0,2,3,12,0,2,43,2,0,0,0,6,0,180,0,0,0,0,15,1,0,0,6,7,0,2,1,41,78,0,12,19,15,87,29,19,1,66,16,34,22,58.5,24,27,16,44,12,19,30,20,10,48,7,0,4,45,2,16,50,42,37,0,19,36,40,51,26,26,44,78,21,59,16,2,17
2017-03,21,0.61,22,6,69,33,1,35,1,8,16,4,0,11,2,2,1,0,5,0,0,7,1,3,1,3,35,15,11,0,4,15,0,174,0,0,0,1,20,5,0,3,3,24,1,3,2,25,76,0,15,26,17,92,21,28,0,71,7,30,20,18.5,25,26,14,57,8,15,32,19,9,41,4,0,3,46,1,20,45,46,40,0,21,53,39,51,29,26,44,61,12,71,27,3,18
2017-04,26,1.78,64,6,69,38,1,33,2,2,19,225,0,11,0,0,11,0,9,16,0,20,6,10,3,0,51,2,0,0,4,8,0,150,0,1,0,4,24,3,0,2,0,18,1,5,3,44,72,0,13,21,17,90,29,38,1,74,127,32,28,19,25,42,15,50,14,17,40,18,9,89,1,0,4,47,2,17,44,45,36,0,23,50,44,51,21,26,50,62,14,50,17,2,20
2017-05,30,1.69,61,1,64,33,1,33,0,0,16,125,0,11,1,0,5,0,2,2,0,13,1,18,0,2,55,10,1,0,1,6,0,136,0,1,3,8,17,5,0,0,5,4,2,5,1,31,54,0,14,24,19,101,29,22,1,75,4,35,23,26,24,25,13,61,9,14,26,19,7,100,8,0,6,54,1,14,41,45,44,2,17,36,45,57,27,37,44,59,11,55,19,3,32
2017-06,38,1.61,58,6,66,26,1,33,0,8,13,234,0,11,1,0,1,0,3,2,0,2,3,8,0,2,8,2,0,1,4,12,0,196,0,0,0,0,23,3,0,0,3,6,0,3,1,20,43,0,12,19,11,94,16,22,1,77,4,26,21,35.5,18,27,13,51,7,16,26,17,8,45,2,0,3,44,1,13,47,44,35,0,15,41,36,45,23,15,59,61,9,55,34,2,28
2017-07,38,0.36,13,3,66,27,0,27,2,0,12,144,4,11,4,0,2,0,4,1,0,8,0,14,3,0,45,18,1,2,0,4,0,163,0,0,0,2,41,1,0,0,1,20,0,1,1,30,44,0,12,104,16,73,17,17,1,61,12,36,20,40,17,29,12,61,10,17,35,18,6,41,12,0,5,44,0,16,53,26,33,0,16,22,55,44,14,20,41,60,12,67,18,3,30
2017-08,51,0.72,26,4,65,26,1,29,0,1,12,97,0,11,1,1,2,0,3,0,0,1,7,10,0,0,74,1,0,0,2,3,0,99,0,0,3,1,27,1,0,1,11,12,1,2,1,40,55,0,11,24,31,72,15,16,5,72,8,37,38,22.5,16,26,11,40,10,16,32,16,9,39,1,0,3,40,0,16,50,23,33,0,13,20,45,44,17,14,39,65,15,54,16,2,26
2017-09,50,1.58,57,5,68,38,0,32,1,0,15,195,0,12,2,0,1,0,226,0,0,10,2,23,0,2,47,7,1,0,2,12,0,156,0,0,0,5,20,9,0,3,9,6,1,9,1,45,79,0,14,31,18,84,19,17,1,65,6,35,21,4.5,24,32,13,54,12,15,29,19,8,43,13,0,2,44,0,16,44,37,36,0,14,27,38,54,26,20,63,66,8,60,14,2,20
2017-10,22,1.17,42,6,71,56,0,40,0,0,19,133,0,13,5,0,4,0,2,0,0,14,1,10,0,1,56,1,0,0,2,7,0,146,0,3,2,6,36,1,2,1,0,18,4,2,2,29,77,1,14,32,13,84,25,22,1,74,37,39,24,13,21,29,13,75,9,16,26,19,9,53,21,0,2,51,2,17,81,32,39,0,23,34,46,64,28,22,70,67,20,69,21,2,19
2017-11,27,0.94,34,5,69,45,0,41,0,0,17,195,0,14,8,0,4,2,6,6,0,14,1,3,0,14,25,1,4,2,6,9,0,161,0,1,0,0,28,1,3,3,9,195,1,3,0,31,72,0,18,24,16,96,22,21,1,71,1,47,34,11,20,25,16,64,11,16,32,19,8,58,15,2,4,51,6,13,63,38,40,1,16,40,34,51,27,18,65,72,15,60,15,2,30
2017-12,14,1.53,55,6,62,29,0,36,0,1,14,4,0,10,6,0,24,2,225,8,4,6,5,7,3,1,60,3,6,0,1,11,0,154,0,0,9,23,17,1,6,11,2,6,1,4,1,37,91,0,15,33,21,74,16,20,4,67,13,42,29,8.5,22,28,12,45,10,19,39,17,10,64,1,0,26,52,2,30,38,57,34,0,18,33,41,44,21,19,57,59,11,47,67,2,25
2018-01,46,1.5,54,6,73,30,0,37,5,1,15,1,0,11,8,0,17,0,4,0,0,9,3,13,1,15,143,38,6,0,6,37,0,405,0,2,3,0,60,1,0,0,3,542,2,5,7,26,98,0,12,27,17,71,22,17,5,67,4,42,36,8,22,39,14,45,10,20,32,18,11,48,2,0,5,58,3,21,41,33,38,1,22,28,39,50,22,17,65,62,17,60,23,3,30
2018-02,24,0.97,35,5,92,53,1,43,1,0,17,4,0,11,4,0,1,0,3,0,0,11,2,27,0,2,24,16,0,1,2,8,0,127,0,4,3,0,22,5,0,0,1,6,2,6,1,40,92,0,14,70,19,79,16,20,5,73,11,26,39,10,25,31,12,62,13,16,39,19,7,42,18,1,4,54,0,18,50,37,38,1,15,35,50,71,24,23,59,72,14,58,29,2,36
2018-03,22,1.08,39,6,75,39,0,35,1,1,22,183,0,9,1,0,1,0,2,8,0,7,8,16,0,0,31,1,0,0,4,9,0,114,0,0,3,0,20,1,0,0,3,26,1,3,2,33,83,0,17,31,21,89,14,22,1,67,23,40,30,9,26,31,14,61,14,16,35,21,7,55,7,0,3,56,1,24,38,46,36,2,15,45,53,70,23,21,64,77,12,58,16,3,87
2018-04,19,1.56,56,10,82,50,4,40,0,0,23,4,0,9,1,0,17,0,233,0,0,2,18,40,1,0,10,13,0,0,4,9,0,174,1,2,0,2,30,4,0,0,12,7,1,1,2,24,77,0,16,31,23,92,17,30,3,73,11,26,33,10,28,34,13,65,11,14,26,20,8,48,23,1,7,59,0,32,56,58,44,0,17,55,40,74,22,35,61,86,28,61,23,3,64
2018-05,38,1.83,66,6,74,28,0,37,0,1,23,173,0,11,3,0,1,0,262,0,0,11,4,9,0,0,36,2,0,0,2,11,0,4,0,1,6,6,25,2,0,0,7,19,1,2,1,25,73,0,15,31,15,79,17,27,1,72,14,26,37,18,24,41,19,56,10,14,29,21,10,48,13,0,3,45,3,45,47,39,40,0,22,49,37,70,22,18,51,78,12,55,22,2,62
2018-06,29,1.44,52,6,74,27,0,33,1,0,28,186,0,8,4,0,6,0,1,2,0,1,4,7,1,1,75,4,1,0,4,13,0,129,0,0,2,2,24,5,1,3,2,14,0,1,1,51,67,0,14,21,18,83,15,23,2,63,6,22,30,8,21,34,18,45,12,18,32,24,6,49,33,0,6,42,7,39,47,28,34,6,14,31,36,70,23,16,52,71,17,48,18,2,60
2018-07,41,0.36,13,5,69,42,2,40,0,0,20,1,0,9,1,4,5,0,5,4,0,6,8,28,0,0,91,5,0,1,1,7,0,176,0,0,0,2,39,1,0,3,0,21,1,2,3,25,65,0,18,26,14,75,14,20,2,66,4,15,38,2,19,41,14,38,9,24,26,24,7,43,14,0,4,43,0,63,28,27,33,0,14,25,38,52,65,21,85,64,14,45,16,3,76
2018-08,33,1.44,52,5,73,48,1,32,0,1,16,275,0,8,1,0,2,1,10,0,0,8,4,6,0,3,40,2,0,0,4,10,0,169,0,1,4,3,24,4,0,2,1,14,1,9,2,27,64,0,12,45,17,68,15,18,1,64,5,18,33,6,19,29,14,43,17,11,35,19,6,39,27,0,2,43,0,65,44,27,31,6,23,23,34,51,16,27,87,67,15,55,20,2,42
2018-09,21,1.11,40,6,83,43,1,37,1,0,16,4,0,12,9,0,22,0,290,3,0,20,9,9,0,0,71,2,2,1,3,8,0,171,0,0,7,4,24,2,4,1,3,224,0,5,2,30,93,0,14,33,14,74,14,20,0,62,27,22,37,2.5,20,54,12,51,26,14,32,19,8,34,13,0,0,45,3,75,50,27,41,3,15,32,39,66,16,23,71,70,16,64,23,2,37
2018-10,37,0.83,30,6,78,26,1,40,1,1,16,4,0,10,3,1,6,0,4,0,0,3,15,13,0,0,38,1,1,0,5,6,0,133,0,0,4,6,38,34,0,4,8,37,2,1,2,29,100,0,17,21,15,67,19,21,3,68,14,18,60,11,21,35,13,73,20,17,45,19,5,39,22,0,4,44,0,73,34,37,36,0,27,40,37,50,19,20,61,87,13,65,27,2,36
2018-11,12,1.08,39,5,94,29,1,35,0,0,16,217,0,12,10,0,6,0,2,2,1,2,10,2,4,1,35,1,1,0,4,11,0,156,0,1,1,5,41,4,0,4,1,68,0,4,1,48,81,0,17,33,14,65,46,21,1,70,25,35,38,3.5,28,37,14,68,11,16,26,19,8,37,25,17,5,51,0,74,47,33,38,0,17,43,38,57,17,19,53,80,8,64,18,4,37
2018-12,15,1.61,58,5,76,42,9,35,0,0,13,167,0,14,3,4,9,5,4,4,2,10,7,5,4,1,30,27,4,1,6,15,0,144,0,0,3,9,29,1,2,10,8,7,4,34,2,29,75,0,16,28,14,53,18,17,6,83,19,22,30,2.5,50,35,12,58,10,12,43,19,8,84,5,0,5,54,1,69,42,46,33,1,16,46,41,58,15,33,51,67,9,59,34,5,34
2019-01,58,1.42,51,4,87,39,2,35,3,3,14,4,0,13,11,0,10,0,6,2,0,30,0,18,0,5,156,4,1,1,10,43,0,438,0,2,0,0,84,3,0,0,1,27,2,16,11,22,79,0,14,34,12,37,14,16,2,66,20,17,40,11.5,25,29,15,60,9,20,29,19,8,47,3,0,2,47,7,72,80,49,41,1,17,32,39,58,13,22,50,79,5,58,18,2,34
2019-02,20,0.89,32,8,82,53,1,41,0,6,15,245,0,14,4,1,1,0,6,10,8,47,2,10,0,2,44,1,0,1,4,6,0,150,0,0,0,5,28,4,0,9,3,38,1,16,1,21,76,0,17,40,20,45,14,20,0,72,4,27,34,10.5,37,36,15,65,10,14,34,21,9,33,20,0,2,53,0,84,38,45,40,1,19,36,41,63,13,24,59,69,11,71,21,3,33
2019-03,29,0.64,23,5,93,46,0,42,0,8,15,329,0,11,8,1,3,0,3,1,0,9,12,11,4,1,43,6,1,1,4,8,0,2,0,0,3,3,23,5,0,1,2,8,7,15,2,33,77,0,28,30,34,52,15,22,1,79,5,20,34,10,34,31,13,88,8,24,32,23,7,34,16,0,2,52,1,77,31,39,46,1,22,38,37,66,15,37,49,86,27,93,19,5,31
2019-04,30,1.78,64,6,100,57,2,42,0,1,15,340,0,10,4,0,3,0,7,2,0,2,5,6,0,0,72,3,4,0,4,20,0,188,0,0,4,0,40,10,0,0,7,12,3,34,2,31,73,1,17,43,18,58,25,26,1,71,14,31,38,10.5,34,42,14,81,9,12,48,21,9,39,8,0,5,49,8,68,47,38,45,1,20,48,41,58,17,26,61,83,20,84,21,3,41
2019-05,27,1.67,60,4,86,38,0,41,1,1,15,159,0,11,2,0,6,0,3,2,0,1,8,29,0,0,66,7,0,0,4,8,0,178,0,0,0,1,26,2,0,0,11,280,1,1,1,30,78,0,19,33,13,57,19,22,1,74,5,25,31,18.5,35,43,14,69,11,13,40,19,7,48,7,17,0,47,3,70,44,38,43,1,23,41,36,51,19,22,56,69,9,81,16,5,31
2019-06,47,1.72,62,6,97,32,2,34,1,0,21,289,0,9,3,4,7,0,9,2,0,8,3,6,1,3,64,3,0,0,3,7,0,154,0,0,0,14,30,1,0,3,1,16,4,8,1,42,71,0,23,26,12,47,17,18,0,69,18,29,32,11.5,25,43,15,68,10,16,35,37,7,36,8,0,6,69,4,69,47,25,39,2,25,27,37,48,17,30,49,76,13,62,20,9,61
2019-07,41,0.33,12,6,89,48,3,40,0,6,22,180,0,8,7,0,1,0,4,0,0,3,10,4,0,2,41,5,1,0,9,15,0,183,0,1,0,11,36,5,0,2,4,16,0,5,0,35,72,0,20,19,25,38,46,20,4,67,19,26,31,8,24,52,17,58,8,21,39,24,6,36,8,0,7,55,1,78,47,20,37,0,21,26,37,46,14,32,50,84,6,52,32,6,54
2019-08,35,1.67,60,5,85,51,3,44,0,0,18,173,0,12,2,0,2,1,4,0,0,3,4,23,7,0,45,3,0,0,6,11,0,143,0,2,0,0,24,5,1,3,0,24,2,6,3,27,76,25,18,29,22,50,45,19,1,63,56,22,50,2,20,56,17,65,10,16,35,21,7,57,17,1,6,51,0,82,41,28,63,0,21,36,39,41,20,112,56,85,17,91,21,4,49
2019-09,32,0.78,28,8,77,50,1,41,2,0,22,4,0,11,4,0,1,0,1,16,0,2,7,7,4,3,59,1,1,0,5,7,0,137,0,3,0,10,25,42,0,0,3,8,0,11,2,32,85,0,17,38,16,49,18,25,0,67,12,27,29,8.5,19,45,15,65,9,12,45,21,8,37,11,0,6,46,0,71,63,32,44,0,26,40,37,44,17,64,82,90,10,107,17,3,47
2019-10,45,1.03,37,3,87,51,1,58,0,1,21,4,0,11,0,0,2,0,3,10,0,2,9,9,7,1,69,7,0,0,6,15,0,193,0,1,0,2,40,1,3,2,6,56,3,5,2,78,78,0,19,33,17,52,42,23,1,74,5,18,34,16.5,25,54,14,68,8,13,33,19,8,36,31,0,5,61,0,78,50,40,45,1,24,61,37,59,20,40,67,86,13,91,18,4,44
2019-11,34,0.94,34,5,87,61,1,47,0,1,21,12,0,11,3,0,2,0,2,3,0,3,3,11,0,2,54,5,5,1,5,10,0,178,0,3,3,1,33,1,2,4,6,234,1,6,4,30,81,0,19,37,27,54,20,28,1,81,8,11,31,11,23,41,18,62,10,15,36,20,12,35,5,2,13,50,5,78,50,33,46,1,24,52,39,61,15,44,55,86,11,90,21,8,45
2019-12,34,1.44,52,5,96,51,2,36,1,8,18,4,0,10,1,3,1,2,2,17,1,2,3,8,4,1,74,5,0,1,4,14,0,187,1,0,13,11,41,4,0,6,7,24,2,12,2,27,87,0,24,40,14,40,32,19,2,66,56,22,34,10,24,33,16,50,31,15,29,19,6,34,16,15,9,53,1,77,38,37,41,0,32,46,41,50,12,43,50,89,21,70,46,4,61
2020-01,34,2.17,78,5,92,48,2,40,2,0,17,553,0,12,2,0,16,0,1,0,0,58,16,24,0,15,183,7,2,0,4,30,0,459,0,5,0,1,91,5,0,4,10,25,6,1,1,47,82,0,18,49,15,35,15,19,3,74,3,22,40,10.5,26,36,22,56,19,20,32,21,7,36,16,17,7,51,4,72,47,36,41,1,29,37,47,44,14,27,68,88,27,74,53,3,48
2020-02,50,0.56,20,6,91,47,0,45,0,0,18,1,0,11,4,1,1,0,8,0,2,9,4,14,0,2,48,9,2,0,6,15,0,139,0,1,0,0,37,5,0,3,7,9,0,1,3,30,88,26,23,55,26,41,18,26,1,72,50,26,48,12.5,21,37,22,64,10,14,32,28,8,38,11,0,10,50,6,77,34,39,51,0,24,39,39,58,12,32,75,89,12,87,22,3,53
2020-03,28,0.72,26,6,72,52,0,40,1,1,21,187,0,9,8,1,2,0,2,3,0,4,3,22,1,7,72,4,0,0,11,11,0,172,0,0,0,6,37,3,0,0,5,17,0,20,2,31,79,0,18,62,15,45,27,20,11,72,11,22,31,11,22,40,16,57,10,12,34,20,9,41,2,0,2,55,5,80,25,41,36,1,24,48,40,61,15,24,47,72,20,52,23,3,110
2020-04,34,1.78,64,6,74,55,2,41,0,1,15,4,0,9,5,0,1,0,5,3,0,13,3,11,4,7,62,6,4,1,1,14,0,170,0,1,1,0,34,5,0,0,2,16,0,4,0,44,88,0,24,67,18,48,21,21,1,69,11,23,34,10.5,29,42,22,56,11,13,23,30,13,51,5,1,4,51,1,81,25,31,48,1,23,51,50,41,14,25,64,62,33,47,39,2,54
2020-05,35,2.58,93,6,84,50,0,42,0,1,16,193,0,9,0,2,6,0,6,11,4,8,0,10,0,7,1,5,0,0,3,16,0,147,0,2,0,0,25,1,0,0,6,226,1,3,0,40,90,0,22,57,21,62,23,18,1,76,34,17,33,9.5,53,45,18,104,14,14,35,20,9,49,7,0,8,63,1,79,25,27,51,3,35,67,54,55,22,28,65,113,37,75,43,2,52
2020-06,49,0.92,33,12,77,45,7,39,1,1,15,228,0,9,1,0,3,0,1,3,0,2,3,5,0,3,46,6,1,1,6,19,0,199,3,1,0,1,40,59,0,1,6,24,0,3,4,33,86,0,21,68,23,49,22,19,5,69,19,17,34,9,26,29,22,53,10,22,29,22,11,48,12,25,5,56,1,81,25,28,49,0,27,51,44,64,21,31,48,75,9,70,27,101,44
2020-07,22,0.75,27,5,95,51,2,42,0,1,123,4,0,9,4,0,5,0,7,0,0,2,3,23,0,2,48,10,1,1,5,4,0,169,0,3,4,0,45,44,0,0,0,16,2,5,1,32,98,2,20,61,19,41,19,21,2,71,25,23,39,12,26,52,15,56,10,13,42,19,8,43,16,0,4,47,4,82,31,26,43,0,22,49,35,57,20,30,57,80,33,61,37,48,35
2020-08,37,1.5,54,3,80,41,1,35,4,0,18,4,0,9,4,0,5,0,3,14,0,2,0,6,0,5,73,7,4,0,6,9,0,8,0,0,0,0,2,4,0,0,2,9,10,20,2,33,79,0,22,81,16,37,32,18,1,72,6,22,40,6.5,21,58,16,52,12,17,35,24,12,54,20,0,6,50,1,75,28,21,39,1,22,46,42,42,17,29,49,65,25,54,23,14,32
2020-09,25,0.47,17,9,92,51,1,43,3,1,18,277,0,11,3,1,30,0,7,1,3,5,9,8,5,6,76,115,5,0,3,12,0,210,0,1,4,1,54,2,0,1,5,40,2,9,4,48,82,0,28,88,16,46,23,26,5,81,8,27,52,11,25,47,16,61,13,17,33,25,9,47,20,0,2,48,1,77,28,29,51,0,25,49,41,59,29,29,59,79,21,75,64,9,34
2020-10,36,1.36,49,9,82,47,2,42,1,1,15,4,0,9,4,1,14,0,7,1,1,4,7,82,1,24,230,3,0,0,3,11,0,193,1,1,3,2,52,4,0,3,2,26,7,4,3,48,81,17,25,62,27,54,24,18,0,72,4,17,51,14,35,38,14,67,13,13,32,19,7,45,19,0,5,48,1,78,22,31,44,0,25,61,40,56,54,31,48,80,9,63,91,3,41
2020-11,38,0.64,23,6,89,64,2,44,3,1,15,4,0,7,8,0,11,1,1,1,1,4,4,8,2,4,32,5,11,2,3,1,0,188,0,0,8,3,1,7,1,4,1,25,1,14,2,28,75,0,21,71,15,58,21,19,1,68,10,18,39,4.5,23,47,24,73,16,16,33,20,9,36,7,17,6,50,4,77,19,30,45,1,24,52,40,45,21,31,45,77,21,77,79,5,34
2020-12,22,1.39,50,744,72,47,5,40,1,1,15,4,0,6,1,0,24,1,9,12,4,9,26,17,4,19,55,122,1,1,3,22,0,238,2,1,5,1,40,44,1,18,6,24,7,5,1,59,74,0,21,36,17,62,16,19,2,72,27,29,48,2.5,23,31,19,85,9,18,35,17,9,42,18,0,4,41,2,97,26,43,45,0,20,54,35,44,17,30,43,79,14,65,84,5,41
2021-01,47,1.56,56,194,86,44,4,39,2,1,21,554,0,5,3,0,17,0,1,1,0,2,16,45,0,166,3,331,0,3,6,32,0,488,3,3,0,3,75,15,0,0,7,508,2,11,6,30,74,0,22,40,13,64,27,19,4,71,31,19,45,14,21,28,30,48,9,15,29,20,8,47,11,0,6,53,4,74,26,26,43,0,29,43,37,43,19,34,47,70,34,65,92,3,55
2021-02,26,1.06,38,16,105,55,115,48,2,0,16,313,0,7,5,0,13,2,9,3,0,2,1,20,1,4,2,233,0,0,6,9,0,108,21,0,3,3,39,7,0,0,4,16,2,5,2,58,77,17,22,39,15,71,17,20,3,75,17,35,48,10.5,22,35,18,86,16,15,39,17,11,53,24,0,21,52,1,79,26,33,52,1,25,45,40,41,22,32,57,82,30,64,60,3,40
2021-03,30,0.75,27,3,113,61,10,39,3,1,20,3,1,9,3,0,23,1,4,3,0,4,10,10,1,15,71,341,11,0,11,10,0,184,271,2,3,3,60,4,0,0,0,18,5,4,5,36,72,0,27,26,18,72,31,20,1,90,21,15,41,9,25,56,61,68,10,15,41,20,9,46,14,0,4,55,1,93,25,34,50,0,26,54,35,43,24,30,51,81,23,94,45,6,43
2021-04,39,1.56,56,6,103,65,6,41,1,0,18,370,0,6,7,3,6,0,5,9,0,3,15,17,4,432,79,219,4,1,3,4,0,108,1,2,4,1,45,11,0,1,4,334,6,5,0,41,76,0,28,38,18,85,17,19,4,80,32,17,42,14,28,33,20,75,14,13,36,20,9,43,10,4,9,53,9,108,22,31,49,17,26,72,42,48,24,40,47,91,28,70,46,6,34
2021-05,31,2.86,103,6,113,57,9,38,2,1,17,4,0,7,5,1,9,0,7,16,0,15,3,13,1,2,1,234,0,0,10,10,0,216,1,3,3,1,44,7,0,0,5,17,3,1,4,37,83,0,42,38,17,59,38,18,3,86,45,22,48,11,28,42,18,63,8,14,44,29,8,39,42,0,11,44,3,91,30,29,48,4,38,64,41,49,29,46,50,83,22,74,42,5,31
2021-06,42,0.75,27,3,86,56,4,35,0,1,17,291,0,7,1,0,11,0,14,9,0,9,18,8,1,1,74,9,1,1,15,23,0,171,6,0,0,6,68,2,0,0,7,318,3,20,1,45,90,0,25,56,16,58,16,18,1,70,9,11,45,9,22,35,19,93,9,12,41,19,9,37,47,0,4,50,3,85,31,25,42,4,30,101,36,44,23,29,37,82,12,75,35,5,29
2021-07,65,1.31,47,6,82,59,224,36,0,0,129,4,0,5,4,0,4,0,4,2,6,4,6,9,5,10,6,440,0,2,3,4,0,257,0,0,1,3,63,6,0,1,6,433,3,16,3,24,77,0,24,44,13,48,14,18,1,69,13,15,36,8.5,27,35,15,64,7,10,39,18,8,35,16,0,4,54,2,104,31,17,38,2,21,94,40,49,23,45,52,91,29,71,37,2,29
2021-08,38,0.97,35,1,85,54,6,37,0,1,125,314,0,9,5,0,4,0,6,11,0,4,9,20,1,39,63,334,0,0,1,13,1,195,0,1,4,1,54,11,0,4,2,24,1,4,1,44,66,0,25,32,23,32,18,16,1,60,8,1,36,2.5,24,37,33,80,8,10,42,19,8,37,19,1,1,47,0,89,22,18,39,2,22,52,58,69,17,55,55,78,13,64,43,2,24
2021-09,30,0.75,27,14,88,56,221,32,0,0,18,291,0,9,9,0,11,0,2,6,1,19,7,13,0,221,101,234,2,0,4,9,0,245,3,0,6,10,48,5,3,7,6,339,6,7,4,34,67,0,28,46,25,53,20,23,2,68,32,34,48,3,24,44,27,66,11,12,41,17,10,35,21,0,7,50,1,87,27,30,42,3,20,54,43,58,19,32,50,87,18,68,45,7,20
2021-10,41,1.22,44,5,88,59,225,42,1,0,19,4,0,9,3,0,8,2,16,5,0,2,8,10,2,432,3,225,1,0,95,14,0,185,5,1,0,8,57,3,1,3,1,32,9,15,2,49,72,0,28,52,16,62,25,27,2,65,31,33,51,13,44,35,14,90,7,12,32,17,6,36,20,0,14,44,2,84,31,26,41,2,20,62,37,56,20,40,35,79,12,73,54,5,20
2021-11,25,0.72,26,7,83,64,20,38,0,0,24,321,0,9,3,1,4,0,7,17,0,19,3,7,0,433,95,114,0,0,1,23,0,174,6,109,5,5,60,6,1,2,14,16,3,3,1,44,67,0,30,45,15,63,15,22,4,79,23,33,63,11,32,53,21,83,8,10,32,19,8,33,8,0,4,41,5,89,38,23,44,2,25,70,35,51,42,37,38,75,30,91,72,3,29
2021-12,20,1.58,57,15,83,56,9,37,1,1,21,4,0,7,108,1,9,4,6,11,1,9,4,6,1,649,1,115,5,0,3,11,0,204,9,0,17,3,79,6,1,6,3,8,3,1,1,33,76,0,32,26,13,43,17,29,1,73,13,14,47,9,22,41,30,111,8,11,32,20,8,35,27,0,3,48,3,86,28,23,41,2,19,75,35,49,33,41,35,67,28,63,39,7,40
2022-01,47,1.72,62,6,86,51,220,57,1,0,32,535,0,10,8,0,9,1,4,18,1,26,3,23,1,758,143,12,3,0,17,24,0,1,6,3,4,3,104,1,0,3,4,8,3,22,9,24,78,0,32,27,16,55,29,23,1,80,29,29,77,9,26,42,28,62,12,15,29,25,13,51,11,1,4,54,6,99,44,39,75,5,25,58,40,46,40,58,44,69,13,89,44,6,29
2022-02,39,0.89,32,13,102,67,8,54,0,1,26,253,0,13,3,1,6,1,3,0,3,17,9,4,1,691,57,114,3,0,10,14,0,108,1,0,4,0,46,6,0,0,6,38,2,4,0,33,82,0,46,46,17,59,24,25,1,69,5,23,50,4.5,28,37,24,97,14,19,52,21,9,44,22,0,4,58,0,69,38,39,100,8,26,88,40,59,37,45,40,98,31,93,155,3,30
2022-03,30,0.75,27,8,104,80,5,74,3,0,27,253,0,14,55,0,8,0,6,2,1,2,4,17,3,1313,67,120,0,0,8,15,0,242,1,3,1,3,62,1,0,106,11,16,10,1,3,41,82,0,35,64,16,62,24,36,9,88,22,42,51,10.5,30,60,39,94,12,15,55,25,11,45,28,0,13,62,1,47,47,29,62,4,24,91,39,74,35,46,53,92,28,94,38,8,36
2022-04,33,1.61,58,11,111,81,11,48,0,0,24,4,0,14,4,0,8,1,6,9,21,4,0,32,6,1095,81,21,1,0,10,15,0,228,6,2,1,0,59,6,0,15,1,45,3,3,3,58,97,0,36,87,17,73,33,46,1,85,43,22,51,9.5,37,41,26,103,13,14,45,71,10,50,18,0,6,51,2,51,53,29,60,8,23,113,37,56,26,60,39,85,14,110,39,5,33
2022-05,60,2.42,87,11,86,73,122,51,1,0,26,212,0,11,0,0,4,0,1,6,1,3,3,7,15,549,5,121,2,0,11,14,0,184,1,3,4,3,69,1,0,10,5,8,1,1,1,49,79,1,35,54,24,67,33,42,4,87,73,22,59,13.5,33,72,23,95,23,14,35,67,11,38,10,3,10,65,2,56,44,40,55,8,24,90,39,62,26,52,34,93,44,96,42,11,30
2022-06,29,1.03,37,7,95,78,7,47,9,2,20,329,0,10,9,0,17,0,6,0,1,2,6,7,1,570,1,10,5,0,7,11,0,255,0,3,6,6,71,5,0,10,8,19,3,1,2,43,71,17,39,34,16,61,25,47,0,79,154,22,67,12,25,47,20,98,12,13,32,39,9,43,9,0,3,57,0,48,41,25,49,0,25,66,43,52,21,36,41,92,18,102,61,11,27
2022-07,36,1.47,53,6,98,63,7,44,0,0,19,229,0,9,21,0,10,0,8,7,1,11,226,5,28,117,62,564,1,0,6,19,0,199,0,0,1,0,56,4,0,19,6,9,3,4,0,32,74,1,42,63,14,62,26,42,1,69,24,32,53,3.5,33,67,20,73,10,13,36,29,5,39,3,25,9,58,3,63,47,21,53,11,37,79,66,47,19,38,41,83,13,81,47,8,30
2022-08,28,0.72,26,5,104,66,25,45,0,0,21,1,0,11,21,0,16,0,13,3,0,1,6,7,6,339,36,13,0,1,10,10,0,173,0,0,0,3,64,12,0,3,33,36,20,10,2,42,78,0,41,87,14,53,17,39,3,72,8,27,58,7,28,65,17,75,10,14,42,25,11,56,19,0,6,67,0,55,44,19,50,2,20,62,54,54,27,49,37,76,35,77,35,8,33
2022-09,34,0.83,30,6,87,59,14,47,0,0,20,294,0,11,10,0,7,0,8,7,0,3,7,16,4,441,70,132,10,3,36,15,0,1,109,3,4,2,65,5,0,10,16,8,0,1,0,56,74,0,31,44,18,56,25,60,7,80,16,25,48,3,38,40,21,84,10,15,45,27,8,45,6,17,7,62,5,51,44,32,49,4,33,60,42,56,30,48,41,88,21,94,35,13,24
2022-10,35,1.19,43,8,96,64,13,51,0,0,21,8,0,11,23,0,11,0,10,1,3,1,14,17,0,666,44,226,0,0,19,11,0,192,1,0,3,1,64,6,0,1,29,16,2,3,3,50,78,25,36,38,14,46,23,35,1,93,37,36,47,4,28,68,21,93,11,18,48,22,9,51,62,17,1,56,1,96,38,36,59,5,22,65,37,55,29,37,41,79,27,132,184,7,27
2022-11,27,0.81,29,12,81,78,126,43,1,7,23,4,1,11,15,0,3,0,4,6,2,1,8,3,19,440,74,119,2,0,25,14,0,219,12,4,11,5,59,1,7,1,41,8,1,3,0,49,72,0,39,29,22,61,21,51,0,78,32,25,50,10,29,40,21,105,10,18,35,27,8,42,22,2,4,54,4,99,42,60,56,4,34,77,35,55,30,46,34,85,27,97,33,8,29
2022-12,26,1.44,52,5,86,59,19,46,1,0,139,14,0,11,92,1,14,1,1,17,1,1,14,18,1,224,2,339,0,3,15,16,0,205,1,5,15,32,52,2,0,1,9,316,22,1,9,51,68,0,36,60,21,62,33,37,4,71,52,20,47,11,33,57,16,90,13,25,32,27,7,43,8,0,6,49,0,99,34,37,54,0,43,75,37,46,22,85,42,77,25,90,43,5,43
2023-01,34,2.17,78,6,88,68,20,48,1,0,25,10,0,10,3,0,4,0,3,14,4,1,8,20,10,112,147,772,2,1,10,30,0,599,3,3,3,0,130,2,0,0,18,29,1,16,5,54,72,0,49,52,15,42,21,40,8,83,28,26,49,12,28,50,17,97,11,16,45,29,8,43,5,5,3,59,2,100,40,29,58,1,101,66,42,63,29,42,40,91,56,110,69,7,30
2023-02,30,0.67,24,14,88,67,9,47,1,1,21,5,0,11,7,1,3,0,6,2,0,3,5,7,5,12,40,7,0,2,10,18,0,240,1,4,1,0,46,32,0,0,5,26,1,1,2,90,79,0,38,43,16,54,35,47,0,88,44,33,50,13,27,42,21,88,22,14,48,31,8,48,29,0,28,54,0,106,44,44,59,1,68,70,36,52,29,57,42,84,31,89,34,7,47
2023-03,41,0.56,20,10,100,78,11,52,0,0,30,4,0,14,93,0,7,2,17,6,1,38,14,12,4,115,3,566,1,0,3,13,0,322,1,8,1,0,56,1,0,0,9,457,1,3,0,33,79,17,47,41,18,50,26,49,2,97,40,39,47,14.5,32,41,109,93,13,23,55,32,11,47,6,0,20,55,0,80,44,31,58,4,31,81,45,48,22,38,42,103,33,93,44,7,18
2023-04,36,2.56,92,13,84,77,7,46,3,4,19,1,0,11,19,1,7,0,14,0,0,13,7,12,0,5,54,445,0,0,10,13,0,273,5,1,5,0,42,5,0,0,7,1,3,5,1,29,75,0,47,29,22,54,21,100,4,87,13,14,48,12,29,34,39,94,12,14,40,104,10,51,10,25,2,54,1,42,53,25,56,4,29,88,41,41,22,44,40,95,118,96,48,10,22
2023-05,27,1.75,63,13,76,64,16,49,0,0,25,1,0,11,70,0,8,2,12,10,0,19,14,11,2,3,96,224,5,1,5,12,0,239,0,1,6,0,52,2,0,0,115,387,4,1,1,46,80,0,50,36,26,48,22,67,3,86,21,39,102,18.5,28,60,33,102,16,15,43,34,10,42,23,0,9,63,4,48,44,26,62,10,33,77,37,40,20,49,47,90,26,93,40,15,22
2023-06,38,1.42,51,15,83,67,14,49,0,1,20,3,0,12,15,0,20,0,4,18,0,2,6,2,0,11,66,122,3,0,1,15,0,272,1,2,0,2,55,3,0,10,1,18,1,1,2,57,76,0,58,33,28,50,22,49,1,87,48,28,48,13.5,20,65,40,85,10,13,32,24,10,46,25,0,2,53,3,42,34,18,58,0,36,55,39,39,17,48,61,94,48,77,31,7,16
2023-07,76,0.81,29,9,82,60,18,47,1,2,17,2,0,10,21,0,23,0,11,13,1,2,1,9,0,993,1,228,0,0,6,17,0,234,1,2,0,0,1,7,0,1,3,34,2,1,1,46,63,19,45,26,20,46,24,40,0,64,21,97,52,9.5,21,49,22,112,11,15,35,21,11,42,6,0,7,51,3,38,41,20,50,15,34,59,52,39,13,39,40,92,20,59,26,7,10
2023-08,32,0.56,20,6,82,68,21,46,0,0,23,2,0,12,3,0,11,0,5,10,0,1,3,1,2,3,4,241,0,0,3,16,0,228,109,1,9,2,68,4,0,15,15,343,10,1,4,59,65,0,40,29,12,36,18,35,3,74,11,32,54,13.5,17,36,25,90,13,11,39,25,10,40,20,0,5,46,2,47,38,21,52,1,32,52,39,40,17,42,49,110,25,66,40,9,9
2023-09,30,1,36,14,90,67,10,52,1,0,22,6,0,11,8,0,10,0,7,0,1,2,3,17,2,1,105,235,13,0,3,3,0,286,8,1,0,1,49,3,0,21,25,25,2,13,2,61,66,0,45,22,16,51,42,34,1,75,32,20,80,9.5,22,57,22,67,17,13,42,23,8,39,23,0,24,48,2,37,59,24,63,6,26,66,37,48,15,66,56,88,28,78,33,3,10
2023-10,34,0.89,32,11,92,62,13,47,0,0,23,2,0,11,2,0,17,5,9,22,1,6,3,14,1,2,1,118,0,0,8,17,0,300,1,0,1,7,1,5,1,4,8,382,5,19,2,59,77,18,48,76,40,48,26,36,3,107,34,25,49,11.5,27,54,20,84,28,33,48,32,9,42,21,10,25,57,0,38,69,24,57,1,25,76,44,46,15,38,41,92,44,77,34,8,11
2023-11,45,0.78,28,11,99,80,9,54,1,1,21,2,0,13,2,0,31,0,8,17,0,8,9,9,2,1,2,245,1,0,2,19,0,286,1,3,1,1,53,2,1,4,34,8,10,9,1,61,66,0,47,26,14,53,42,46,1,71,40,26,41,15,32,46,21,70,11,20,48,24,9,45,28,33,51,62,0,42,50,35,59,3,26,88,35,56,14,50,47,96,41,89,30,3,12
2023-12,32,1.42,51,9,80,69,10,46,4,0,32,1,0,11,4,0,18,3,6,12,2,10,8,9,1,3,70,22,0,2,36,17,0,1,1,1,7,42,44,4,0,26,5,16,2,9,1,88,64,0,43,30,17,45,28,44,4,76,80,28,38,25.5,36,48,24,86,17,14,29,28,10,45,14,0,45,57,1,42,71,27,54,4,19,91,36,58,9,37,73,123,39,71,149,11,15
2024-01,38,1.44,52,5,92,70,9,49,0,4,21,1,0,12,1,0,7,1,5,14,19,2,0,30,1,12,239,19,3,2,10,41,0,21,6,3,7,0,116,3,0,0,70,37,3,35,2,67,64,0,40,36,18,42,36,31,4,84,46,17,48,21,22,49,49,101,12,21,48,31,12,57,3,3,20,53,4,46,41,47,76,2,35,69,36,66,15,63,49,110,35,76,39,5,27
2024-02,28,1.22,44,16,85,77,6,50,1,1,26,1,0,14,16,0,42,0,35,35,1,4,8,10,0,45,3,255,5,1,22,1,0,16,109,1,8,6,41,1,0,0,19,8,4,1,1,105,75,17,43,37,22,46,40,31,1,83,59,28,55,15.5,24,51,38,81,23,18,48,30,33,57,26,0,1,51,0,39,50,27,59,6,28,78,38,43,19,52,52,102,33,89,36,20,7
2024-03,35,1.14,41,11,99,80,15,50,4,0,22,5,0,15,10,0,8,0,6,13,4,4,1,148,9,4,1,247,1,1,10,16,0,129,1,2,7,1,2,5,0,0,22,508,7,11,0,69,79,0,49,40,30,50,41,28,1,87,77,26,43,17.5,29,66,41,83,16,18,58,46,12,65,9,0,0,57,2,34,58,34,64,1,26,79,40,40,17,55,55,122,82,67,137,7,24
2024-04,45,1.86,67,17,98,88,15,49,2,1,21,2,0,13,5,1,68,0,21,12,0,5,9,1,19,112,66,34,0,0,3,2,0,10,0,2,0,1,1,6,0,1,60,28,3,14,3,59,70,33,69,21,22,51,22,31,2,105,37,32,48,17.5,28,106,23,110,22,25,48,26,18,50,25,33,38,71,4,41,50,39,65,8,27,84,43,33,14,42,63,109,22,81,37,8,19
2024-05,42,1.92,69,11,104,69,117,53,1,0,19,5,0,13,27,0,41,0,9,18,4,1,9,1,10,1,1,23,2,1,1,5,0,1,1,2,6,5,46,6,0,0,33,12,15,1,0,51,76,18,47,28,14,56,32,31,3,110,72,18,42,25.5,36,81,31,96,26,25,55,26,18,54,20,0,6,50,1,31,47,38,67,8,29,81,39,32,16,61,72,125,36,91,31,7,18
2024-06,65,1.53,55,6,105,75,21,49,1,8,21,6,0,13,3,0,11,0,14,20,5,15,8,3,3,2,2,143,0,0,10,15,0,364,1,3,10,2,47,7,1,1,9,16,9,9,2,43,68,0,46,18,28,49,52,30,0,80,63,15,41,13,27,67,26,51,13,15,45,21,11,46,20,0,6,49,0,40,41,28,55,1,45,61,39,38,16,89,63,104,35,72,28,3,8
2024-07,40,0.58,21,8,105,62,8,54,1,1,16,288,0,11,4,0,12,0,12,8,1,5,9,25,1,2,88,15,1,2,4,12,0,4,1,0,7,1,59,8,0,1,62,296,3,8,0,59,67,0,59,26,22,37,26,26,1,82,61,31,44,4,21,65,19,65,11,18,39,27,9,45,16,0,4,55,3,44,34,27,66,5,22,60,62,32,13,58,45,134,47,59,40,17,10
2024-08,25,0.64,23,5,88,62,9,55,0,1,24,6,0,13,6,0,38,1,23,23,1,7,3,9,1,2,80,20,2,1,6,2,0,379,3,1,19,6,53,2,1,15,139,8,56,12,1,70,65,0,48,28,15,38,25,27,7,90,93,19,45,12.5,24,53,19,67,15,13,42,21,8,53,25,0,11,50,1,32,59,50,55,1,23,56,41,33,16,75,56,117,41,72,34,23,11
2024-09,39,0.89,32,12,108,77,17,58,1,0,21,4,0,17,12,1,71,0,6,13,1,5,6,11,0,4,65,41,5,0,5,7,0,328,3,2,11,1,34,7,0,3,66,20,4,14,0,70,79,17,48,16,14,48,72,30,2,87,101,24,55,9,30,66,23,75,25,33,42,28,14,59,31,0,4,49,0,47,100,36,61,0,23,59,44,42,18,59,63,110,19,88,31,15,15
2024-10,24,0.94,34,16,95,74,12,77,2,0,20,3,0,16,8,0,51,0,12,19,0,6,10,1,6,17,1,255,5,0,22,20,0,28,3,3,12,6,5,10,0,3,39,381,2,4,3,164,71,0,50,24,22,52,50,22,0,101,120,17,52,12,41,62,39,119,29,31,55,35,11,70,44,0,5,44,0,41,92,34,63,11,30,71,36,35,14,50,141,127,32,113,25,18,10
2024-11,45,0.75,27,16,120,79,7,63,3,1,26,341,0,16,23,0,121,2,16,32,1,21,3,9,7,12,1,31,4,2,8,2,0,21,7,1,11,7,54,14,0,10,126,12,7,18,3,51,63,17,56,38,15,59,50,21,1,115,95,23,42,10.5,34,49,56,127,23,14,53,35,8,72,5,0,1,55,3,45,73,28,64,8,24,87,36,41,16,45,72,120,19,77,152,17,37
2024-12,15,1.47,53,16,147,72,7,66,1,1,20,1,0,14,13,1,499,1,28,2,2,6,5,9,15,15,1,42,2,1,67,1,0,3,1,2,6,10,32,32,1,18,115,8,8,2,1,96,70,1,53,23,14,48,33,17,4,106,127,20,46,9.5,42,58,34,133,21,20,48,26,9,53,22,0,43,67,0,65,57,33,63,4,38,68,41,30,20,87,96,116,28,115,40,20,17
2025-01,28,1.94,70,13,126,71,16,67,2,5,20,10,0,12,3,0,38,1,9,9,0,62,15,9,7,16,138,29,7,0,8,2,0,21,0,6,10,6,81,19,0,1,87,8,9,33,4,103,61,0,58,22,10,40,39,22,2,102,126,17,49,12.5,42,50,36,154,29,18,53,29,24,54,29,3,21,78,2,42,60,52,58,4,42,55,70,44,12,130,133,133,35,117,48,11,13
2025-02,20,0.67,24,15,178,81,13,67,4,0,22,1,0,22,15,0,59,4,29,16,0,6,1,1,28,4,61,494,0,1,1,2,0,6,0,1,6,0,1,52,0,10,46,375,12,1,2,124,63,0,70,27,13,62,31,26,2,133,302,36,69,13.5,46,79,47,241,46,12,66,43,15,54,21,0,14,70,1,61,54,66,61,52,46,87,57,41,12,101,142,159,149,122,91,16,13
2025-03,27,1.03,37,19,182,98,10,70,2,1,32,4,0,17,41,0,69,0,33,28,4,6,5,55,3,2,1,216,1,0,8,21,0,28,0,3,15,6,64,59,0,6,46,32,12,2,1,615,67,75,77,21,16,79,53,17,0,156,700,38,114,16,66,131,40,198,16,12,127,52,9,60,126,0,30,85,0,69,47,165,72,50,93,153,61,46,14,162,355,339,167,280,96,19,24
2025-04,22,1.83,66,34,144,112,1047,77,1,0,23,8,1,16,9,0,62,0,20,23,1,7,14,6,0,4,1,170,0,1,18,2,0,21,1,1,15,0,56,37,0,10,55,8,7,15,1,42,68,25,63,21,16,75,24,23,2,108,60,28,41,14,31,56,29,75,19,16,55,26,11,54,27,0,12,58,1,68,47,35,67,6,49,93,33,40,13,47,101,150,19,98,60,6,10
2025-05,24,1.64,59,11,186,85,129,71,1,1,23,3,0,17,39,1,30,1,26,26,4,9,7,1,0,2,4,104,1,1,3,3,0,6,0,3,1,3,35,54,0,0,92,16,12,1,1,51,71,0,68,20,18,50,32,29,8,91,83,20,49,21,27,69,25,81,15,12,45,29,19,52,9,0,25,51,9,69,54,38,65,9,35,72,38,36,19,38,51,135,20,71,134,16,12
2025-06,33,1.97,71,16,165,94,13,61,0,0,32,11,0,31,6,0,9,0,34,23,0,16,8,2,8,648,9,35,10,1,1,2,0,378,0,3,4,0,53,56,0,0,55,16,4,13,1,55,54,0,66,18,12,43,50,24,1,94,78,2,43,11.5,23,62,23,71,18,23,43,36,10,64,17,0,10,48,0,64,59,27,64,8,29,71,34,33,40,56,90,123,51,96,28,11,11
2025-07,34,0.47,17,16,191,110,21,69,1,0,30,6,0,26,3,0,4,0,34,31,1,24,8,3,14,528,101,58,1,0,3,2,0,402,0,1,8,0,5,61,0,0,76,16,7,10,0,46,64,0,65,66,15,58,36,22,0,117,49,13,46,8.5,29,41,38,71,25,17,62,29,10,60,15,0,6,44,5,46,47,29,69,8,34,73,51,35,13,49,86,168,44,68,28,11,11
2025-08,36,0.69,25,62,180,90,20,133,1,1,80,13,0,100,27,0,20,0,7,26,0,4,8,8,4,539,39,51,10,1,20,2,0,282,0,0,4,0,36,49,0,0,107,20,5,17,1,68,58,0,82,19,25,47,43,23,0,106,38,13,59,4.5,62,51,53,90,39,20,55,23,17,72,13,0,4,49,5,46,47,27,71,11,32,60,63,32,16,72,97,145,49,71,23,17,9
2025-09,29,0.78,28,66,210,98,14,157,1,0,87,17,0,69,20,0,41,0,65,41,0,9,8,3,0,19,8,92,0,0,5,4,0,18,0,0,0,0,0,47,0,0,71,36,9,6,1,82,61,0,88,20,29,83,43,27,0,103,65,19,39,8.5,47,55,24,187,40,19,79,21,14,102,21,0,5,46,2,57,60,40,64,9,29,89,36,34,16,87,82,148,25,88,27,5,28
2025-10,31,1.03,37,72,250,119,34,144,1,1,78,21,0,69,16,0,307,0,105,41,4,8,6,1,8,39,30,93,2,0,2,1,0,3,0,0,4,0,0,62,0,0,61,8,3,0,1,143,66,0,91,52,13,79,58,24,4,100,91,17,45,8,56,57,38,163,35,17,74,23,12,63,29,0,4,44,0,31,58,29,66,15,46,77,37,35,12,84,70,128,42,99,26,4,12
2025-11,27,0.83,30,101,310,111,48,153,1,1,88,2,0,84,52,1,345,0,125,48,0,17,14,0,0,170,0,104,0,0,4,2,0,0,0,0,0,0,0,58,0,0,160,16,18,1,0,151,59,0,94,18,28,73,134,23,3,100,176,19,40,7.5,52,39,26,142,99,16,74,22,18,91,21,78,10,77,16,40,62,41,57,7,36,83,47,40,19,72,87,144,29,108,26,4,19
2025-12,21,1.44,52,95,704,108,116,170,1,0,100,19,1,79,28,5,381,0,187,35,8,8,17,0,0,192,0,93,0,1,8,2,0,6,0,0,4,0,0,204,0,62,210,21,14,0,1,232,60,0,104,15,17,97,50,15,2,131,306,19,48,9,117,64,39,136,35,13,85,25,11,75,51,0,9,90,0,75,47,52,57,36,69,88,70,33,10,105,116,135,87,72,74,17,19
