Rank,RMD,PT,BRGI_Score,Mean_Gap,Max_Gap,Positive_Gap_Months,RMD_Burden,PT_Readiness,spillover_value_norm,cisn_adjusted_score
1,RMD_Hallucinogen Persisting Perception Disorder,PT_Memory Retrieval Techniques,0.6770496230635773,0.6770496230635773,0.6806682451873496,36,0.6878894775854928,0.0108398545219154,0.0,0.6770496230635773
2,RMD_Antisocial Personality Disorder,PT_Memory Retrieval Techniques,0.6761798347760192,0.6761798347760192,0.6802591802988108,36,0.6870196892979348,0.0108398545219154,0.0,0.6761798347760192
3,RMD_Postpartum Psychosis,PT_Digital Imaging Technologies For Brain Scanning,0.6626013446671855,0.6626013446671855,0.7154072627730863,36,0.7183669958120321,0.0557656511448467,0.0,0.6626013446671855
4,RMD_Antisocial Personality Disorder,PT_Lithium Therapy,0.6574763334516252,0.6574763334516252,0.6632502815920446,36,0.6870196892979348,0.0295433558463095,0.0,0.6574763334516252
5,RMD_Factitious Disorder,PT_Cognitive Enhancement Programs,0.6391966933009172,0.6391966933009172,0.6454109625435129,36,0.6809903165995808,0.0417936232986635,0.0,0.6391966933009172
6,RMD_Factitious Disorder,PT_Blockchain For Data Protection,0.6304394742498491,0.6304394742498491,0.637059876502374,36,0.6809903165995808,0.0505508423497316,0.0,0.6304394742498491
7,RMD_Chronic Traumatic Encephalopathy,PT_Blockchain For Data Protection,0.6281681822578149,0.6281681822578149,0.6317947058697861,36,0.6787190246075465,0.0505508423497316,0.0,0.6281681822578149
8,RMD_Dissociative Fugue,PT_Vocal And Speech Biomarkers,0.6220279461092055,0.6220279461092055,0.6315964486218952,36,0.6295874056315989,0.0075594595223932,0.0,0.6220279461092055
9,RMD_Antisocial Personality Disorder,PT_Dietary Interventions And Supplements,0.6063933418478231,0.6063933418478231,0.6248443805629974,36,0.6870196892979348,0.0806263474501115,0.0,0.6063933418478231
10,RMD_Chronic Traumatic Encephalopathy,PT_Dietary Interventions And Supplements,0.5980926771574349,0.5980926771574349,0.612932213603237,36,0.6787190246075465,0.0806263474501115,0.0,0.5980926771574349
11,RMD_Selective Mutism,PT_Deep Brain Stimulation,0.5865678472368315,0.5865678472368315,0.6133557210233326,36,0.8604658235848102,0.2738979763479787,0.0,0.5865678472368315
12,RMD_Selective Mutism,PT_Transcranial Direct Current Stimulation,0.5841054993934819,0.5841054993934819,0.5908979381559171,36,0.8604658235848102,0.2763603241913283,0.0,0.5841054993934819
13,RMD_Schizotypal Personality Disorder,PT_Cultural Psychiatry Interventions,0.5837583180504281,0.5837583180504281,0.5930397356907969,36,0.6605032043836859,0.0767448863332578,0.0,0.5837583180504281
14,RMD_Narcissistic Personality Disorder,PT_Dietary Interventions And Supplements,0.5814391296616807,0.5814391296616807,0.5912575298540232,36,0.6620654771117923,0.0806263474501115,0.0,0.5814391296616807
15,RMD_Selective Mutism,PT_Electroencephalography,0.5650023717249031,0.5650023717249031,0.5861118401275058,36,0.8604658235848102,0.2954634518599072,0.0,0.5650023717249031
16,RMD_Hallucinogen Persisting Perception Disorder,PT_Neurofeedback Systems,0.5616302427557448,0.5616302427557448,0.563205813301128,36,0.6878894775854928,0.126259234829748,0.0,0.5616302427557448
17,RMD_Body Integrity Dysphoria,PT_Reality Testing Techniques,0.560256471746094,0.560256471746094,0.5687214091096428,36,0.5670019260395676,0.0067454542934734,0.0,0.560256471746094
18,RMD_Body Integrity Dysphoria,PT_Sleep Pattern Monitoring And Manipulation,0.5513151269527878,0.5513151269527878,0.5660164238785981,36,0.5670019260395676,0.0156867990867797,0.0,0.5513151269527878
19,RMD_Kleptomania,PT_Speech Language Therapy,0.5498438777692886,0.5498438777692886,0.5871592778335513,36,0.7412501146256589,0.1914062368563703,0.0,0.5498438777692886
20,RMD_Selective Mutism,PT_Brain Computer Interface,0.5485575500890758,0.5485575500890758,0.5667440856487203,36,0.8604658235848102,0.3119082734957344,0.0,0.5485575500890758
21,RMD_Selective Mutism,PT_Immunotherapy For Neuropsychiatric Disorders,0.5430009089528511,0.5430009089528511,0.596426939353671,36,0.8604658235848102,0.3174649146319591,0.0,0.5430009089528511
22,RMD_Hallucinogen Persisting Perception Disorder,PT_Anticonvulsant Therapy,0.5420440891369029,0.5420440891369029,0.5568904594778031,36,0.6878894775854928,0.1458453884485898,0.0,0.5420440891369029
23,RMD_Childhood Disintegrative Disorder,PT_Cognitive Assistive Technologies,0.5409692699621133,0.5409692699621133,0.5420917813739589,36,0.5684444767393493,0.0274752067772359,0.0,0.5409692699621133
24,RMD_Selective Mutism,PT_Cognitive Behavioral Therapy,0.5398042015107449,0.5398042015107449,0.5584779303726874,36,0.8604658235848102,0.3206616220740652,0.0,0.5398042015107449
25,RMD_Factitious Disorder,PT_Art Therapy,0.539185616456763,0.539185616456763,0.5505538686122621,36,0.6809903165995808,0.1418047001428177,0.0,0.539185616456763
26,RMD_Capgras Syndrome,PT_Reality Testing Techniques,0.5361686587282307,0.5361686587282307,0.5577700333000226,36,0.5429141130217041,0.0067454542934734,0.0,0.5361686587282307
27,RMD_Selective Mutism,PT_Transcranial Magnetic Stimulation,0.5357896341432969,0.5357896341432969,0.5543627781385161,36,0.8604658235848102,0.3246761894415133,0.0,0.5357896341432969
28,RMD_Body Integrity Dysphoria,PT_Neuroplasticity Techniques,0.5349255502466945,0.5349255502466945,0.5489860131753558,36,0.5670019260395676,0.032076375792873,0.0,0.5349255502466945
29,RMD_Schizotypal Personality Disorder,PT_Neurofeedback Systems,0.5342439695539379,0.5342439695539379,0.5419426215579515,36,0.6605032043836859,0.126259234829748,0.0,0.5342439695539379
30,RMD_Landau Kleffner Syndrome,PT_Cognitive Assistive Technologies,0.5315957191999225,0.5315957191999225,0.5548725123714253,36,0.5590709259771585,0.0274752067772359,0.0,0.5315957191999225
31,RMD_Hyperthymesia,PT_Augmentative Communication Devices,0.5277711330116324,0.5277711330116324,0.5339624337563122,36,0.6444958709212335,0.1167247379096011,0.0,0.5277711330116324
32,RMD_Antisocial Personality Disorder,PT_Psychoeducation Programs,0.5152216585285166,0.5152216585285166,0.5325849798385657,36,0.6870196892979348,0.171798030769418,0.0,0.5152216585285166
33,RMD_Dissociative Amnesia,PT_Reality Testing Techniques,0.5142579860014942,0.5142579860014942,0.5159775535121767,36,0.5210034402949676,0.0067454542934734,0.0,0.5142579860014942
34,RMD_Postpartum Psychosis,PT_Psilocybin Assisted Therapy,0.5142072282723525,0.5142072282723525,0.5208876553762893,36,0.7183669958120321,0.2041597675396795,0.0,0.5142072282723525
35,RMD_Anorexia Nervosa,PT_Augmentative Communication Devices,0.5097923033637496,0.5097923033637496,0.5119866801109663,36,0.6265170412733507,0.1167247379096011,0.0,0.5097923033637496
36,RMD_Chronic Traumatic Encephalopathy,PT_Psychoeducation Programs,0.5069209938381285,0.5069209938381285,0.5206728128788053,36,0.6787190246075465,0.171798030769418,0.0,0.5069209938381285
37,RMD_Ekbom Syndrome,PT_Vocal And Speech Biomarkers,0.5043903847813893,0.5043903847813893,0.5251285528678034,36,0.5119498443037827,0.0075594595223932,0.0,0.5043903847813893
38,RMD_Narcissistic Personality Disorder,PT_Stem Cell Therapy For Neurological Disorders,0.501403415789439,0.501403415789439,0.512420368396573,36,0.6620654771117923,0.1606620613223531,0.0,0.501403415789439
39,RMD_Ekbom Syndrome,PT_Memory Retrieval Techniques,0.5011099897818672,0.5011099897818672,0.5124202843671415,36,0.5119498443037827,0.0108398545219154,0.0,0.5011099897818672
40,RMD_Antisocial Personality Disorder,PT_Speech Language Therapy,0.4956134524415643,0.4956134524415643,0.4986922312697711,36,0.6870196892979348,0.1914062368563703,0.0,0.4956134524415643
41,RMD_Ekbom Syndrome,PT_Secure Data Storage For Patient Records,0.4921035016855892,0.4921035016855892,0.5121200597158927,36,0.5119498443037827,0.0198463426181933,0.0,0.4921035016855892
42,RMD_Narcissistic Personality Disorder,PT_Psychoeducation Programs,0.4902674463423742,0.4902674463423742,0.4975896536877623,36,0.6620654771117923,0.171798030769418,0.0,0.4902674463423742
43,RMD_Factitious Disorder,PT_Speech Language Therapy,0.4895840797432103,0.4895840797432103,0.4932644833753017,36,0.6809903165995808,0.1914062368563703,0.0,0.4895840797432103
44,RMD_Ganser Syndrome,PT_Psilocybin Assisted Therapy,0.4880718353893547,0.4880718353893547,0.5463725882159922,36,0.6922316029290343,0.2041597675396795,0.0,0.4880718353893547
45,RMD_Kleptomania,PT_Transcranial Direct Current Stimulation,0.4648897904343305,0.4648897904343305,0.4895447382393604,36,0.7412501146256589,0.2763603241913283,0.0,0.4648897904343305
46,RMD_Othello Syndrome,PT_Sleep Pattern Monitoring And Manipulation,0.4629881168189255,0.4629881168189255,0.4657680089962432,36,0.4786749159057052,0.0156867990867797,0.0,0.4629881168189255
47,RMD_Postpartum Psychosis,PT_Neuromodulation Techniques,0.453981189926174,0.453981189926174,0.4929985879760653,36,0.7183669958120321,0.2643858058858581,0.0,0.453981189926174
48,RMD_Boanthropy,PT_Cultural Psychiatry Interventions,0.453067972193978,0.453067972193978,0.4585258336833311,36,0.5298128585272359,0.0767448863332578,0.0,0.453067972193978
49,RMD_Hallucinogen Persisting Perception Disorder,PT_Emotion Regulation Training,0.4495869822770235,0.4495869822770235,0.4579115879487687,36,0.6878894775854928,0.2383024953084691,0.0,0.4495869822770235
50,RMD_Rumination Disorder,PT_Meditation And Relaxation Techniques,0.4485175257506333,0.4485175257506333,0.484124954721372,36,0.5900312013904454,0.1415136756398119,0.0,0.4485175257506333
51,RMD_Postpartum Psychosis,PT_Digital Health Tools,0.4471611907097964,0.4471611907097964,0.4853249031169366,36,0.7183669958120321,0.2712058051022357,0.0,0.4471611907097964
52,RMD_Childhood Disintegrative Disorder,PT_Psychophysiological Metrics For Treatment Response,0.4443178236266451,0.4443178236266451,0.4630473150145481,36,0.5684444767393493,0.124126653112704,0.0,0.4443178236266451
53,RMD_Reactive Attachment Disorder,PT_Transcranial Direct Current Stimulation,0.4426747805827784,0.4426747805827784,0.4477861307934834,36,0.7190351047741068,0.2763603241913283,0.0,0.4426747805827784
54,RMD_Narcissistic Personality Disorder,PT_Traditional And Alternative Medicine Approaches,0.4423016962249229,0.4423016962249229,0.4500517047305541,36,0.6620654771117923,0.2197637808868692,0.0,0.4423016962249229
55,RMD_Chronic Traumatic Encephalopathy,PT_Emotion Regulation Training,0.4404165292990772,0.4404165292990772,0.4501551310040179,36,0.6787190246075465,0.2383024953084691,0.0,0.4404165292990772
56,RMD_Postpartum Psychosis,PT_Metaverse,0.4333596407029381,0.4333596407029381,0.480488900271309,36,0.7183669958120321,0.285007355109094,0.0,0.4333596407029381
57,RMD_Diogenes Syndrome,PT_Meditation And Relaxation Techniques,0.4314107124949268,0.4314107124949268,0.4462059792341104,36,0.5729243881347388,0.1415136756398119,0.0,0.4314107124949268
58,RMD_Othello Syndrome,PT_Blockchain For Data Protection,0.4281240735559736,0.4281240735559736,0.4313550112325494,36,0.4786749159057052,0.0505508423497316,0.0,0.4281240735559736
59,RMD_Diogenes Syndrome,PT_Anticonvulsant Therapy,0.4270789996861489,0.4270789996861489,0.4387793855151087,36,0.5729243881347388,0.1458453884485898,0.0,0.4270789996861489
60,RMD_Kleptomania,PT_Immunotherapy For Neuropsychiatric Disorders,0.4237851999936997,0.4237851999936997,0.4267825144571163,36,0.7412501146256589,0.3174649146319591,0.0,0.4237851999936997
61,RMD_Narcissistic Personality Disorder,PT_Emotion Regulation Training,0.423762981803323,0.423762981803323,0.4297896875023668,36,0.6620654771117923,0.2383024953084691,0.0,0.423762981803323
62,RMD_Impulse Control Disorders,PT_Blockchain For Data Protection,0.4234152085485898,0.4234152085485898,0.4301295174360195,36,0.4739660508983215,0.0505508423497316,0.0,0.4234152085485898
63,RMD_Diogenes Syndrome,PT_Focused Ultrasound Therapy,0.4206814780650496,0.4206814780650496,0.4247813345436882,36,0.5729243881347388,0.1522429100696891,0.0,0.4206814780650496
64,RMD_Ganser Syndrome,PT_Deep Brain Stimulation,0.4183336265810554,0.4183336265810554,0.473147311904706,36,0.6922316029290343,0.2738979763479787,0.0,0.4183336265810554
65,RMD_Ganser Syndrome,PT_Transcranial Direct Current Stimulation,0.4158712787377059,0.4158712787377059,0.4904331926438597,36,0.6922316029290343,0.2763603241913283,0.0,0.4158712787377059
66,RMD_Body Integrity Dysphoria,PT_Focused Ultrasound Therapy,0.4147590159698784,0.4147590159698784,0.4287595390624885,36,0.5670019260395676,0.1522429100696891,0.0,0.4147590159698784
67,RMD_Landau Kleffner Syndrome,PT_Anticonvulsant Therapy,0.4132255375285685,0.4132255375285685,0.4532843045708178,36,0.5590709259771585,0.1458453884485898,0.0,0.4132255375285685
68,RMD_Postpartum Psychosis,PT_Antipsychotic Medications,0.4130513804006715,0.4130513804006715,0.4457757828862202,36,0.7183669958120321,0.3053156154113605,0.0,0.4130513804006715
69,RMD_Diogenes Syndrome,PT_Stem Cell Therapy For Neurological Disorders,0.4122623268123856,0.4122623268123856,0.4314077201285581,36,0.5729243881347388,0.1606620613223531,0.0,0.4122623268123856
70,RMD_Kleine Levin Syndrome,PT_Neurobiological Assessments For Mental Disorders,0.4103397036135808,0.4103397036135808,0.4496205128102316,36,0.4845192931251607,0.0741795895115798,0.0,0.4103397036135808
71,RMD_Histrionic Personality Disorder,PT_Lithium Therapy,0.4089983402725363,0.4089983402725363,0.4397189932985711,36,0.4385416961188458,0.0295433558463095,0.0,0.4089983402725363
72,RMD_Kleine Levin Syndrome,PT_Dietary Interventions And Supplements,0.4038929456750491,0.4038929456750491,0.4088982616503847,36,0.4845192931251607,0.0806263474501115,0.0,0.4038929456750491
73,RMD_Kleptomania,PT_Acceptance And Commitment Therapy,0.4012756251893177,0.4012756251893177,0.4255762789157421,36,0.7412501146256589,0.3399744894363412,0.0,0.4012756251893177
74,RMD_Hallucinogen Persisting Perception Disorder,PT_Narrative Exposure Therapy,0.4000072259848026,0.4000072259848026,0.423620295687574,36,0.6878894775854928,0.2878822516006901,0.0,0.4000072259848026
75,RMD_Impulse Control Disorders,PT_Neurobiological Assessments For Mental Disorders,0.3997864613867416,0.3997864613867416,0.4129831078135558,36,0.4739660508983215,0.0741795895115798,0.0,0.3997864613867416
76,RMD_Kleptomania,PT_Light Therapy,0.3996590151118306,0.3996590151118306,0.4221138172923886,36,0.7412501146256589,0.3415910995138282,0.0,0.3996590151118306
77,RMD_Antisocial Personality Disorder,PT_Narrative Exposure Therapy,0.3991374376972446,0.3991374376972446,0.401616902583055,36,0.6870196892979348,0.2878822516006901,0.0,0.3991374376972446
78,RMD_Landau Kleffner Syndrome,PT_Privacy Preserving Ai In Digital Mental Health,0.3987712928380344,0.3987712928380344,0.4120394699164389,36,0.5590709259771585,0.160299633139124,0.0,0.3987712928380344
79,RMD_Narcissistic Personality Disorder,PT_Neuromodulation Techniques,0.3976796712259341,0.3976796712259341,0.4035707189732519,36,0.6620654771117923,0.2643858058858581,0.0,0.3976796712259341
80,RMD_Brief Psychotic Disorder,PT_Sleep Pattern Monitoring And Manipulation,0.3970496061308211,0.3970496061308211,0.408110699747784,36,0.4127364052176009,0.0156867990867797,0.0,0.3970496061308211
81,RMD_Reactive Attachment Disorder,PT_Oxytocin Therapy,0.3956148654649596,0.3956148654649596,0.3993098668868305,36,0.7190351047741068,0.3234202393091471,0.0,0.3956148654649596
82,RMD_Antisocial Personality Disorder,PT_Music Therapy,0.3931475756240846,0.3931475756240846,0.3959338550968282,36,0.6870196892979348,0.29387211367385,0.0,0.3931475756240846
83,RMD_Kleptomania,PT_Social Skills Training,0.3896135125567667,0.3896135125567667,0.4198344175348187,36,0.7412501146256589,0.3516366020688921,0.0,0.3896135125567667
84,RMD_Ekbom Syndrome,PT_Neurofeedback Systems,0.3856906094740345,0.3856906094740345,0.3912864572137286,36,0.5119498443037827,0.126259234829748,0.0,0.3856906094740345
85,RMD_Brief Psychotic Disorder,PT_Cognitive Assistive Technologies,0.3852611984403649,0.3852611984403649,0.3940715773814039,36,0.4127364052176009,0.0274752067772359,0.0,0.3852611984403649
86,RMD_Postpartum Psychosis,PT_Mood Stabilizers,0.3817017089122611,0.3817017089122611,0.4129239855932766,36,0.7183669958120321,0.3366652868997709,0.0,0.3817017089122611
87,RMD_Hallucinogen Persisting Perception Disorder,PT_Virtual Reality Exposure Therapy,0.3789406445596689,0.3789406445596689,0.382952375887039,36,0.6878894775854928,0.3089488330258239,0.0,0.3789406445596689
88,RMD_Ganser Syndrome,PT_Immunotherapy For Neuropsychiatric Disorders,0.3747666882970751,0.3747666882970751,0.4218141952216597,36,0.6922316029290343,0.3174649146319591,0.0,0.3747666882970751
89,RMD_Hallucinogen Persisting Perception Disorder,PT_Personalized Medicine,0.3721222963341633,0.3721222963341633,0.3738366124352276,36,0.6878894775854928,0.3157671812513294,0.0,0.3721222963341633
90,RMD_Chronic Traumatic Encephalopathy,PT_Virtual Reality Exposure Therapy,0.3697701915817226,0.3697701915817226,0.3751959189422882,36,0.6787190246075465,0.3089488330258239,0.0,0.3697701915817226
91,RMD_Diogenes Syndrome,PT_Psilocybin Assisted Therapy,0.3687646205950592,0.3687646205950592,0.4668495976545784,36,0.5729243881347388,0.2041597675396795,0.0,0.3687646205950592
92,RMD_Dissociative Amnesia,PT_Focused Ultrasound Therapy,0.3687605302252785,0.3687605302252785,0.3733953142192825,36,0.5210034402949676,0.1522429100696891,0.0,0.3687605302252785
93,RMD_Palilalia,PT_Memory Retrieval Techniques,0.3687590757093069,0.3687590757093069,0.3913560698151772,36,0.3795989302312224,0.0108398545219154,0.0,0.3687590757093069
94,RMD_Disinhibited Social Engagement Disorder,PT_Memory Retrieval Techniques,0.3681832624515378,0.3681832624515378,0.388894592901708,36,0.3790231169734533,0.0108398545219154,0.0,0.3681832624515378
95,RMD_Narcissistic Personality Disorder,PT_Electroencephalography,0.366602025251885,0.366602025251885,0.3718832560530105,36,0.6620654771117923,0.2954634518599072,0.0,0.366602025251885
96,RMD_Histrionic Personality Disorder,PT_Neurobiological Assessments For Mental Disorders,0.364362106607266,0.364362106607266,0.409748524182825,36,0.4385416961188458,0.0741795895115798,0.0,0.364362106607266
97,RMD_Body Integrity Dysphoria,PT_Psilocybin Assisted Therapy,0.362842158499888,0.362842158499888,0.425405104996148,36,0.5670019260395676,0.2041597675396795,0.0,0.362842158499888
98,RMD_Erotomania,PT_Transcranial Direct Current Stimulation,0.3621600116285832,0.3621600116285832,0.3889630079049829,36,0.6385203358199116,0.2763603241913283,0.0,0.3621600116285832
99,RMD_Dissociative Amnesia,PT_Privacy Preserving Ai In Digital Mental Health,0.3607038071558436,0.3607038071558436,0.3891564142038674,36,0.5210034402949676,0.160299633139124,0.0,0.3607038071558436
100,RMD_Kleine Levin Syndrome,PT_Neurofeedback Systems,0.3582600582954127,0.3582600582954127,0.4066021151250816,36,0.4845192931251607,0.126259234829748,0.0,0.3582600582954127
101,RMD_Anorexia Nervosa,PT_Neurocognitive Training,0.3576700254614704,0.3576700254614704,0.3672570999968138,36,0.6265170412733507,0.2688470158118803,0.0,0.3576700254614704
102,RMD_Hyperthymesia,PT_Narrative Exposure Therapy,0.3566136193205434,0.3566136193205434,0.3606242413724399,36,0.6444958709212335,0.2878822516006901,0.0,0.3566136193205434
103,RMD_Landau Kleffner Syndrome,PT_Behavioral Activation Therapy,0.3564262398274316,0.3564262398274316,0.359245980539657,36,0.5590709259771585,0.2026446861497267,0.0,0.3564262398274316
104,RMD_Reactive Attachment Disorder,PT_Occupational Therapy,0.3554144486198829,0.3554144486198829,0.3616591317542177,36,0.7190351047741068,0.3636206561542238,0.0,0.3554144486198829
105,RMD_Reactive Attachment Disorder,PT_Hypnotherapy,0.3546846233054093,0.3546846233054093,0.3593524341117842,36,0.7190351047741068,0.3643504814686974,0.0,0.3546846233054093
106,RMD_Dissociative Fugue,PT_Transcranial Direct Current Stimulation,0.3532270814402704,0.3532270814402704,0.3614814838412005,36,0.6295874056315989,0.2763603241913283,0.0,0.3532270814402704
107,RMD_Kleptomania,PT_Ketamine Therapy,0.3519867951512626,0.3519867951512626,0.3839677939935483,36,0.7412501146256589,0.3892633194743963,0.0,0.3519867951512626
108,RMD_Body Integrity Dysphoria,PT_Trauma Focused Cbt,0.351777960001938,0.351777960001938,0.3711902158675206,36,0.5670019260395676,0.2152239660376294,0.0,0.351777960001938
109,RMD_Narcissistic Personality Disorder,PT_Brain Computer Interface,0.3501572036160577,0.3501572036160577,0.3575057649334136,36,0.6620654771117923,0.3119082734957344,0.0,0.3501572036160577
110,RMD_Kleptomania,PT_Stimulant And Wake Promoting Agents,0.3500808807114882,0.3500808807114882,0.3756104152175661,36,0.7412501146256589,0.3911692339141706,0.0,0.3500808807114882
111,RMD_Disinhibited Social Engagement Disorder,PT_Lithium Therapy,0.3494797611271438,0.3494797611271438,0.3616323966651835,36,0.3790231169734533,0.0295433558463095,0.0,0.3494797611271438
112,RMD_Circadian Rhythm Sleep Wake Disorder,PT_Neurobiological Assessments For Mental Disorders,0.3491050409432855,0.3491050409432855,0.3555247787173085,36,0.4232846304548653,0.0741795895115798,0.0,0.3491050409432855
113,RMD_Childhood Disintegrative Disorder,PT_Traditional And Alternative Medicine Approaches,0.3486806958524799,0.3486806958524799,0.36265186998117,36,0.5684444767393493,0.2197637808868692,0.0,0.3486806958524799
114,RMD_Reduplicative Paramnesia,PT_Dietary Interventions And Supplements,0.3481037284555792,0.3481037284555792,0.3707596342889682,36,0.4287300759056908,0.0806263474501115,0.0,0.3481037284555792
115,RMD_Hallucinogen Persisting Perception Disorder,PT_Acceptance And Commitment Therapy,0.3479149881491515,0.3479149881491515,0.3963908674068555,36,0.6878894775854928,0.3399744894363412,0.0,0.3479149881491515
116,RMD_Palilalia,PT_Neuroplasticity Techniques,0.3475225544383493,0.3475225544383493,0.3569549925178187,36,0.3795989302312224,0.032076375792873,0.0,0.3475225544383493
117,RMD_Koro,PT_Prolonged Exposure Therapy,0.3465310911043183,0.3465310911043183,0.3675559638443939,36,0.3645924597105761,0.0180613686062577,0.0,0.3465310911043183
118,RMD_Antisocial Personality Disorder,PT_Light Therapy,0.3454285897841064,0.3454285897841064,0.3943128960301887,36,0.6870196892979348,0.3415910995138282,0.0,0.3454285897841064
119,RMD_Factitious Disorder,PT_Acceptance And Commitment Therapy,0.3410158271632395,0.3410158271632395,0.3556246045423052,36,0.6809903165995808,0.3399744894363412,0.0,0.3410158271632395
120,RMD_Reactive Attachment Disorder,PT_Motivational Interviewing,0.3407189279226594,0.3407189279226594,0.3460041645351003,36,0.7190351047741068,0.3783161768514473,0.0,0.3407189279226594
121,RMD_Ganser Syndrome,PT_Social Skills Training,0.340595000860142,0.340595000860142,0.420722871939318,36,0.6922316029290343,0.3516366020688921,0.0,0.340595000860142
122,RMD_Chronic Traumatic Encephalopathy,PT_Dialectical Behavior Therapy,0.3401710079164649,0.3401710079164649,0.3422979021180855,36,0.6787190246075465,0.3385480166910816,0.0,0.3401710079164649
123,RMD_Chronic Traumatic Encephalopathy,PT_Neuroprotective Agents,0.3372491886318391,0.3372491886318391,0.3452007119012718,36,0.6787190246075465,0.3414698359757072,0.0,0.3372491886318391
124,RMD_Koro,PT_Cognitive Assistive Technologies,0.3371172529333401,0.3371172529333401,0.339706195209747,36,0.3645924597105761,0.0274752067772359,0.0,0.3371172529333401
125,RMD_Chronic Traumatic Encephalopathy,PT_Emdr Therapy,0.3351761826365428,0.3351761826365428,0.3419538458539196,36,0.6787190246075465,0.3435428419710036,0.0,0.3351761826365428
126,RMD_Schizotypal Personality Disorder,PT_Mentalization Based Treatment,0.330394762211157,0.330394762211157,0.3317258969961816,36,0.6605032043836859,0.3301084421725289,0.0,0.330394762211157
127,RMD_Reactive Attachment Disorder,PT_Ketamine Therapy,0.3297717852997104,0.3297717852997104,0.3332721313526803,36,0.7190351047741068,0.3892633194743963,0.0,0.3297717852997104
128,RMD_Reactive Attachment Disorder,PT_Stimulant And Wake Promoting Agents,0.327865870859936,0.327865870859936,0.3332892135022519,36,0.7190351047741068,0.3911692339141706,0.0,0.327865870859936
129,RMD_Kleine Levin Syndrome,PT_Stem Cell Therapy For Neurological Disorders,0.3238572318028075,0.3238572318028075,0.3259572360239043,36,0.4845192931251607,0.1606620613223531,0.0,0.3238572318028075
130,RMD_Cyclothymic Disorder,PT_Selective Serotonin Reuptake Inhibitors,0.3215622379581433,0.3215622379581433,0.3259311605660656,36,0.6502728967536677,0.3287106587955243,0.0,0.3215622379581433
131,RMD_Schizotypal Personality Disorder,PT_Neuroprotective Agents,0.3190333684079787,0.3190333684079787,0.3228841530221843,36,0.6605032043836859,0.3414698359757072,0.0,0.3190333684079787
132,RMD_Dissociative Amnesia,PT_Psilocybin Assisted Therapy,0.3168436727552881,0.3168436727552881,0.4036978239731614,36,0.5210034402949676,0.2041597675396795,0.0,0.3168436727552881
133,RMD_Rumination Disorder,PT_Resting State Fmri,0.315627927784051,0.315627927784051,0.3422908135570315,36,0.5900312013904454,0.2744032736063944,0.0,0.315627927784051
134,RMD_Cyclothymic Disorder,PT_Smart Wearable Mental Health Trackers,0.3128722207228107,0.3128722207228107,0.3371225871941385,36,0.6502728967536677,0.3374006760308569,0.0,0.3128722207228107
135,RMD_Factitious Disorder,PT_Electroconvulsive Therapy,0.3101473520307881,0.3101473520307881,0.324378043689549,36,0.6809903165995808,0.3708429645687925,0.0,0.3101473520307881
136,RMD_Impulse Control Disorders,PT_Psychoeducation Programs,0.3021680201289034,0.3021680201289034,0.3246712598238066,36,0.4739660508983215,0.171798030769418,0.0,0.3021680201289034
137,RMD_Palilalia,PT_Dietary Interventions And Supplements,0.2989725827811108,0.2989725827811108,0.3108100086643344,36,0.3795989302312224,0.0806263474501115,0.0,0.2989725827811108
138,RMD_Histrionic Personality Disorder,PT_Art Therapy,0.2967369959760281,0.2967369959760281,0.3205597362400692,36,0.4385416961188458,0.1418047001428177,0.0,0.2967369959760281
139,RMD_Body Integrity Dysphoria,PT_Digital Health Tools,0.2957961209373318,0.2957961209373318,0.314046432176463,36,0.5670019260395676,0.2712058051022357,0.0,0.2957961209373318
140,RMD_Childhood Disintegrative Disorder,PT_Resting State Fmri,0.2940412031329548,0.2940412031329548,0.2977797187489501,36,0.5684444767393493,0.2744032736063944,0.0,0.2940412031329548
141,RMD_Factitious Disorder,PT_Ketamine Therapy,0.2917269971251844,0.2917269971251844,0.3049094561230271,36,0.6809903165995808,0.3892633194743963,0.0,0.2917269971251844
142,RMD_Schizotypal Personality Disorder,PT_Electroconvulsive Therapy,0.2896602398148933,0.2896602398148933,0.3038305441797637,36,0.6605032043836859,0.3708429645687925,0.0,0.2896602398148933
143,RMD_Cyclothymic Disorder,PT_Hypnotherapy,0.2859224152849703,0.2859224152849703,0.329668224461682,36,0.6502728967536677,0.3643504814686974,0.0,0.2859224152849703
144,RMD_Anorexia Nervosa,PT_Neuroprotective Agents,0.2850472052976434,0.2850472052976434,0.2876654480923294,36,0.6265170412733507,0.3414698359757072,0.0,0.2850472052976434
145,RMD_Landau Kleffner Syndrome,PT_Resting State Fmri,0.284667652370764,0.284667652370764,0.2962453813896171,36,0.5590709259771585,0.2744032736063944,0.0,0.284667652370764
146,RMD_Schizotypal Personality Disorder,PT_Motivational Interviewing,0.2821870275322385,0.2821870275322385,0.288319952819404,36,0.6605032043836859,0.3783161768514473,0.0,0.2821870275322385
147,RMD_Childhood Disintegrative Disorder,PT_Narrative Exposure Therapy,0.2805622251386591,0.2805622251386591,0.3050255236122825,36,0.5684444767393493,0.2878822516006901,0.0,0.2805622251386591
148,RMD_Hyperthymesia,PT_Hypnotherapy,0.2801453894525361,0.2801453894525361,0.3062000637501878,36,0.6444958709212335,0.3643504814686974,0.0,0.2801453894525361
149,RMD_Factitious Disorder,PT_Naltrexone,0.2797759880022639,0.2797759880022639,0.3241086993262652,36,0.6809903165995808,0.4012143285973167,0.0,0.2797759880022639
150,RMD_Cyclothymic Disorder,PT_Vagus Nerve Stimulation,0.278639616530548,0.278639616530548,0.3067554867615033,36,0.6502728967536677,0.3716332802231197,0.0,0.278639616530548
151,RMD_Rumination Disorder,PT_Mindfulness Based Stress Reduction,0.2766064185649959,0.2766064185649959,0.300772873497273,36,0.5900312013904454,0.3134247828254495,0.0,0.2766064185649959
152,RMD_Cyclothymic Disorder,PT_Transference Focused Psychotherapy,0.2758969559756696,0.2758969559756696,0.300171408137118,36,0.6502728967536677,0.3743759407779981,0.0,0.2758969559756696
153,RMD_Erotomania,PT_Occupational Therapy,0.2748996796656878,0.2748996796656878,0.278241683526697,36,0.6385203358199116,0.3636206561542238,0.0,0.2748996796656878
154,RMD_Fregoli Delusion,PT_Cultural Psychiatry Interventions,0.274640102182534,0.274640102182534,0.2898431281879037,36,0.3513849885157918,0.0767448863332578,0.0,0.274640102182534
155,RMD_Erotomania,PT_Hypnotherapy,0.2741698543512141,0.2741698543512141,0.2989367819979701,36,0.6385203358199116,0.3643504814686974,0.0,0.2741698543512141
156,RMD_Landau Kleffner Syndrome,PT_Metaverse,0.2740635708680644,0.2740635708680644,0.2776604322694787,36,0.5590709259771585,0.285007355109094,0.0,0.2740635708680644
157,RMD_Childhood Disintegrative Disorder,PT_Electroencephalography,0.272981024879442,0.272981024879442,0.277886555194861,36,0.5684444767393493,0.2954634518599072,0.0,0.272981024879442
158,RMD_Hyperthymesia,PT_Vagus Nerve Stimulation,0.2728625906981138,0.2728625906981138,0.2832873260500091,36,0.6444958709212335,0.3716332802231197,0.0,0.2728625906981138
159,RMD_Capgras Syndrome,PT_Digital Health Tools,0.2717083079194685,0.2717083079194685,0.2747496156751428,36,0.5429141130217041,0.2712058051022357,0.0,0.2717083079194685
160,RMD_Hyperthymesia,PT_Transference Focused Psychotherapy,0.2701199301432354,0.2701199301432354,0.2767164384649665,36,0.6444958709212335,0.3743759407779981,0.0,0.2701199301432354
161,RMD_Reduplicative Paramnesia,PT_Stem Cell Therapy For Neurological Disorders,0.2680680145833377,0.2680680145833377,0.291771060901182,36,0.4287300759056908,0.1606620613223531,0.0,0.2680680145833377
162,RMD_Rumination Disorder,PT_Transcranial Magnetic Stimulation,0.2653550119489321,0.2653550119489321,0.2911273089667994,36,0.5900312013904454,0.3246761894415133,0.0,0.2653550119489321
163,RMD_Dissociative Fugue,PT_Hypnotherapy,0.2652369241629013,0.2652369241629013,0.2714552579341877,36,0.6295874056315989,0.3643504814686974,0.0,0.2652369241629013
164,RMD_Kleine Levin Syndrome,PT_Traditional And Alternative Medicine Approaches,0.2647555122382914,0.2647555122382914,0.2800153776557108,36,0.4845192931251607,0.2197637808868692,0.0,0.2647555122382914
165,RMD_Landau Kleffner Syndrome,PT_Electroencephalography,0.2636074741172512,0.2636074741172512,0.2778303521500091,36,0.5590709259771585,0.2954634518599072,0.0,0.2636074741172512
166,RMD_Pyromania,PT_Deep Brain Stimulation,0.2627081840457555,0.2627081840457555,0.2793782853539913,36,0.5366061603937343,0.2738979763479787,0.0,0.2627081840457555
167,RMD_Othello Syndrome,PT_Biofeedback Devices,0.2626657814277009,0.2626657814277009,0.2730530727573793,36,0.4786749159057052,0.2160091344780043,0.0,0.2626657814277009
168,RMD_Circadian Rhythm Sleep Wake Disorder,PT_Stem Cell Therapy For Neurological Disorders,0.2626225691325122,0.2626225691325122,0.2793491065589747,36,0.4232846304548653,0.1606620613223531,0.0,0.2626225691325122
169,RMD_Anorexia Nervosa,PT_Hypnotherapy,0.2621665598046533,0.2621665598046533,0.3000948089946617,36,0.6265170412733507,0.3643504814686974,0.0,0.2621665598046533
170,RMD_Rumination Disorder,PT_Selective Serotonin Reuptake Inhibitors,0.261320542594921,0.261320542594921,0.2860998672182614,36,0.5900312013904454,0.3287106587955243,0.0,0.261320542594921
171,RMD_Brief Psychotic Disorder,PT_Focused Ultrasound Therapy,0.2604934951479117,0.2604934951479117,0.2708538149316744,36,0.4127364052176009,0.1522429100696891,0.0,0.2604934951479117
172,RMD_Pyromania,PT_Transcranial Direct Current Stimulation,0.260245836202406,0.260245836202406,0.296664166093145,36,0.5366061603937343,0.2763603241913283,0.0,0.260245836202406
173,RMD_Erotomania,PT_Motivational Interviewing,0.2602041589684642,0.2602041589684642,0.2653432322212522,36,0.6385203358199116,0.3783161768514473,0.0,0.2602041589684642
174,RMD_Diogenes Syndrome,PT_Mindfulness Based Stress Reduction,0.2594996053092893,0.2594996053092893,0.2628538980100114,36,0.5729243881347388,0.3134247828254495,0.0,0.2594996053092893
175,RMD_Ganser Syndrome,PT_Fecal Microbiota Transplant,0.2593256146285974,0.2593256146285974,0.322979461093537,36,0.6922316029290343,0.4329059883004368,0.0,0.2593256146285974
176,RMD_Schizotypal Personality Disorder,PT_Naltrexone,0.2592888757863691,0.2592888757863691,0.3035611998164799,36,0.6605032043836859,0.4012143285973167,0.0,0.2592888757863691
177,RMD_Capgras Syndrome,PT_Metaverse,0.2579067579126101,0.2579067579126101,0.2699136128295151,36,0.5429141130217041,0.285007355109094,0.0,0.2579067579126101
178,RMD_Childhood Disintegrative Disorder,PT_Brain Computer Interface,0.2565362032436147,0.2565362032436147,0.2584161617963134,36,0.5684444767393493,0.3119082734957344,0.0,0.2565362032436147
179,RMD_Cyclothymic Disorder,PT_Digital Therapeutics,0.2562565218211692,0.2562565218211692,0.3103806083727594,36,0.6502728967536677,0.3940163749324983,0.0,0.2562565218211692
180,RMD_Anorexia Nervosa,PT_Electroconvulsive Therapy,0.2556740767045581,0.2556740767045581,0.2812558123992215,36,0.6265170412733507,0.3708429645687925,0.0,0.2556740767045581
181,RMD_Reactive Attachment Disorder,PT_Cbt For Insomnia,0.2554568010109827,0.2554568010109827,0.3496068696888618,36,0.7190351047741068,0.463578303763124,0.0,0.2554568010109827
182,RMD_Diogenes Syndrome,PT_Clozapine Protocol,0.2543881387479965,0.2543881387479965,0.2610897489459356,36,0.5729243881347388,0.3185362493867423,0.0,0.2543881387479965
183,RMD_Palilalia,PT_Neurofeedback Systems,0.2533396954014743,0.2533396954014743,0.2702222426617643,36,0.3795989302312224,0.126259234829748,0.0,0.2533396954014743
184,RMD_Hyperthymesia,PT_Stimulant And Wake Promoting Agents,0.2533266370070628,0.2533266370070628,0.274185738721091,36,0.6444958709212335,0.3911692339141706,0.0,0.2533266370070628
185,RMD_Schizoaffective Disorder,PT_Neurocognitive Training,0.2525006509156454,0.2525006509156454,0.2570473823186693,36,0.5213476667275257,0.2688470158118803,0.0,0.2525006509156454
186,RMD_Dissociative Fugue,PT_Motivational Interviewing,0.2512712287801514,0.2512712287801514,0.2560836854653924,36,0.6295874056315989,0.3783161768514473,0.0,0.2512712287801514
187,RMD_Othello Syndrome,PT_Interpersonal Psychotherapy,0.2512625005830948,0.2512625005830948,0.2621922267330948,36,0.4786749159057052,0.2274124153226103,0.0,0.2512625005830948
188,RMD_Histrionic Personality Disorder,PT_Speech Language Therapy,0.2471354592624755,0.2471354592624755,0.2834708505464807,36,0.4385416961188458,0.1914062368563703,0.0,0.2471354592624755
189,RMD_Dissociative Amnesia,PT_Resting State Fmri,0.2466001666885732,0.2466001666885732,0.2529858177453641,36,0.5210034402949676,0.2744032736063944,0.0,0.2466001666885732
190,RMD_Kleine Levin Syndrome,PT_Emotion Regulation Training,0.2462167978166914,0.2462167978166914,0.2718230125733707,36,0.4845192931251607,0.2383024953084691,0.0,0.2462167978166914
191,RMD_Hyperthymesia,PT_Closed Loop Neurostimulation,0.2446893901685342,0.2446893901685342,0.2861094211801587,36,0.6444958709212335,0.3998064807526992,0.0,0.2446893901685342
192,RMD_Erotomania,PT_Digital Therapeutics,0.2445039608874131,0.2445039608874131,0.2796491659090475,36,0.6385203358199116,0.3940163749324983,0.0,0.2445039608874131
193,RMD_Childhood Disintegrative Disorder,PT_Transcranial Magnetic Stimulation,0.2437682872978359,0.2437682872978359,0.246616214158718,36,0.5684444767393493,0.3246761894415133,0.0,0.2437682872978359
194,RMD_Landau Kleffner Syndrome,PT_Antidepressants,0.243547132733786,0.243547132733786,0.2644553687641598,36,0.5590709259771585,0.3155237932433723,0.0,0.243547132733786
195,RMD_Postpartum Psychosis,PT_Pharmacogenomic Testing,0.2401685439692926,0.2401685439692926,0.2470348024143043,36,0.7183669958120321,0.4781984518427394,0.0,0.2401685439692926
196,RMD_Cotard Syndrome,PT_Metaverse,0.2401125648713845,0.2401125648713845,0.2595173129565023,36,0.5251199199804786,0.285007355109094,0.0,0.2401125648713845
197,RMD_Erotomania,PT_Closed Loop Neurostimulation,0.2387138550672123,0.2387138550672123,0.278846139427941,36,0.6385203358199116,0.3998064807526992,0.0,0.2387138550672123
198,RMD_Selective Mutism,PT_Machine Learning Neuroimaging,0.2377604412712655,0.2377604412712655,0.3859541330153196,36,0.8604658235848102,0.6227053823135447,0.0,0.2377604412712655
199,RMD_Schizotypal Personality Disorder,PT_Animal Assisted Therapy,0.2361044997249171,0.2361044997249171,0.2935410703154281,36,0.6605032043836859,0.4243987046587688,0.0,0.2361044997249171
200,RMD_Dissociative Amnesia,PT_Metaverse,0.2359960851858736,0.2359960851858736,0.2538462044876293,36,0.5210034402949676,0.285007355109094,0.0,0.2359960851858736
201,RMD_Impulse Control Disorders,PT_Emotion Regulation Training,0.2356635555898522,0.2356635555898522,0.2541535779490192,36,0.4739660508983215,0.2383024953084691,0.0,0.2356635555898522
202,RMD_Avoidant Personality Disorder,PT_Deep Brain Stimulation,0.2356305151869659,0.2356305151869659,0.2491826627824722,36,0.5095284915349447,0.2738979763479787,0.0,0.2356305151869659
203,RMD_Dissociative Fugue,PT_Digital Therapeutics,0.2355710306991003,0.2355710306991003,0.2521676418452651,36,0.6295874056315989,0.3940163749324983,0.0,0.2355710306991003
204,RMD_Disinhibited Social Engagement Disorder,PT_Anticonvulsant Therapy,0.2331777285248634,0.2331777285248634,0.249099988259776,36,0.3790231169734533,0.1458453884485898,0.0,0.2331777285248634
205,RMD_Dissociative Fugue,PT_Closed Loop Neurostimulation,0.2297809248788995,0.2297809248788995,0.2513646153641585,36,0.6295874056315989,0.3998064807526992,0.0,0.2297809248788995
206,RMD_Diogenes Syndrome,PT_Emdr Therapy,0.2293815461637351,0.2293815461637351,0.2435729150186512,36,0.5729243881347388,0.3435428419710036,0.0,0.2293815461637351
207,RMD_Schizoaffective Disorder,PT_Music Therapy,0.2274755530536757,0.2274755530536757,0.2463154578598717,36,0.5213476667275257,0.29387211367385,0.0,0.2274755530536757
208,RMD_Capgras Syndrome,PT_Antidepressants,0.2273903197783317,0.2273903197783317,0.2351187415351858,36,0.5429141130217041,0.3155237932433723,0.0,0.2273903197783317
209,RMD_Anorexia Nervosa,PT_Closed Loop Neurostimulation,0.2267105605206514,0.2267105605206514,0.2800041664246325,36,0.6265170412733507,0.3998064807526992,0.0,0.2267105605206514
210,RMD_Schizoaffective Disorder,PT_Electroencephalography,0.2258842148676185,0.2258842148676185,0.2306068568110927,36,0.5213476667275257,0.2954634518599072,0.0,0.2258842148676185
211,RMD_Anorexia Nervosa,PT_Naltrexone,0.2253027126760339,0.2253027126760339,0.2809864680359378,36,0.6265170412733507,0.4012143285973167,0.0,0.2253027126760339
212,RMD_Kleine Levin Syndrome,PT_Neuromodulation Techniques,0.2201334872393026,0.2201334872393026,0.2530787711121611,36,0.4845192931251607,0.2643858058858581,0.0,0.2201334872393026
213,RMD_Cotard Syndrome,PT_Anxiolytic Medications,0.2184589983282386,0.2184589983282386,0.2273252983330849,36,0.5251199199804786,0.3066609216522399,0.0,0.2184589983282386
214,RMD_Rumination Disorder,PT_Vagus Nerve Stimulation,0.2183979211673257,0.2183979211673257,0.2310389057003602,36,0.5900312013904454,0.3716332802231197,0.0,0.2183979211673257
215,RMD_Cyclothymic Disorder,PT_Fecal Microbiota Transplant,0.2173669084532309,0.2173669084532309,0.2970404281269139,36,0.6502728967536677,0.4329059883004368,0.0,0.2173669084532309
216,RMD_Rumination Disorder,PT_Transference Focused Psychotherapy,0.2156552606124473,0.2156552606124473,0.2299472165211061,36,0.5900312013904454,0.3743759407779981,0.0,0.2156552606124473
217,RMD_Capgras Syndrome,PT_Selective Serotonin Reuptake Inhibitors,0.2142034542261797,0.2142034542261797,0.23217034039715,36,0.5429141130217041,0.3287106587955243,0.0,0.2142034542261797
218,RMD_Ganser Syndrome,PT_Pharmacogenomic Testing,0.2140331510862948,0.2140331510862948,0.2790663832713973,36,0.6922316029290343,0.4781984518427394,0.0,0.2140331510862948
219,RMD_Schizoaffective Disorder,PT_Virtual Reality Exposure Therapy,0.2123988337017019,0.2123988337017019,0.2187881811508075,36,0.5213476667275257,0.3089488330258239,0.0,0.2123988337017019
220,RMD_Koro,PT_Focused Ultrasound Therapy,0.2123495496408869,0.2123495496408869,0.21918071467167,36,0.3645924597105761,0.1522429100696891,0.0,0.2123495496408869
221,RMD_Hyperthymesia,PT_Fecal Microbiota Transplant,0.2115898826207967,0.2115898826207967,0.2735722674154198,36,0.6444958709212335,0.4329059883004368,0.0,0.2115898826207967
222,RMD_Cotard Syndrome,PT_Antidepressants,0.2095961267371061,0.2095961267371061,0.2184924122039169,36,0.5251199199804786,0.3155237932433723,0.0,0.2095961267371061
223,RMD_Schizoaffective Disorder,PT_Brain Computer Interface,0.2094393932317912,0.2094393932317912,0.2115488867148893,36,0.5213476667275257,0.3119082734957344,0.0,0.2094393932317912
224,RMD_Wendigo Psychosis,PT_Sleep Pattern Monitoring And Manipulation,0.2091685716222776,0.2091685716222776,0.2149497309700245,36,0.2248553707090574,0.0156867990867797,0.0,0.2091685716222776
225,RMD_Reduplicative Paramnesia,PT_Traditional And Alternative Medicine Approaches,0.2089662950188215,0.2089662950188215,0.2296073300746136,36,0.4287300759056908,0.2197637808868692,0.0,0.2089662950188215
226,RMD_Olfactory Reference Syndrome,PT_Oxytocin Therapy,0.2086752016536928,0.2086752016536928,0.229118889253312,36,0.53209544096284,0.3234202393091471,0.0,0.2086752016536928
227,RMD_Brief Psychotic Disorder,PT_Psilocybin Assisted Therapy,0.2085766376779213,0.2085766376779213,0.3080437231434802,36,0.4127364052176009,0.2041597675396795,0.0,0.2085766376779213
228,RMD_Pyromania,PT_Selective Serotonin Reuptake Inhibitors,0.2078955015982099,0.2078955015982099,0.2622885302730184,36,0.5366061603937343,0.3287106587955243,0.0,0.2078955015982099
229,RMD_Palilalia,PT_Psychoeducation Programs,0.2078008994618043,0.2078008994618043,0.2185506079399026,36,0.3795989302312224,0.171798030769418,0.0,0.2078008994618043
230,RMD_Capgras Syndrome,PT_Mood Stabilizers,0.2062488261219331,0.2062488261219331,0.2313387999262984,36,0.5429141130217041,0.3366652868997709,0.0,0.2062488261219331
231,RMD_Schizoaffective Disorder,PT_Personalized Medicine,0.2055804854761963,0.2055804854761963,0.2078185713538822,36,0.5213476667275257,0.3157671812513294,0.0,0.2055804854761963
232,RMD_Capgras Syndrome,PT_Smart Wearable Mental Health Trackers,0.2055134369908472,0.2055134369908472,0.2584948837460367,36,0.5429141130217041,0.3374006760308569,0.0,0.2055134369908472
233,RMD_Erotomania,PT_Digital Phenotyping,0.2051862347328078,0.2051862347328078,0.2603261749481849,36,0.6385203358199116,0.4333341010871037,0.0,0.2051862347328078
234,RMD_Impulse Control Disorders,PT_Neurocognitive Training,0.2051190350864411,0.2051190350864411,0.2174535670551514,36,0.4739660508983215,0.2688470158118803,0.0,0.2051190350864411
235,RMD_Circadian Rhythm Sleep Wake Disorder,PT_Traditional And Alternative Medicine Approaches,0.203520849567996,0.203520849567996,0.2171853757324063,36,0.4232846304548653,0.2197637808868692,0.0,0.203520849567996
236,RMD_Dissociative Amnesia,PT_Clozapine Protocol,0.2024671909082253,0.2024671909082253,0.2097037286215298,36,0.5210034402949676,0.3185362493867423,0.0,0.2024671909082253
237,RMD_Olfactory Reference Syndrome,PT_Mentalization Based Treatment,0.201986998790311,0.201986998790311,0.2082846348708095,36,0.53209544096284,0.3301084421725289,0.0,0.201986998790311
238,RMD_Boanthropy,PT_Mentalization Based Treatment,0.1997044163547069,0.1997044163547069,0.249915292992475,36,0.5298128585272359,0.3301084421725289,0.0,0.1997044163547069
239,RMD_Pyromania,PT_Smart Wearable Mental Health Trackers,0.1992054843628773,0.1992054843628773,0.2438186234160513,36,0.5366061603937343,0.3374006760308569,0.0,0.1992054843628773
240,RMD_Fregoli Delusion,PT_Metabolic And Enzyme Targeted Therapy,0.1972588716562182,0.1972588716562182,0.2087858344847959,36,0.3513849885157918,0.1541261168595735,0.0,0.1972588716562182
241,RMD_Schizoaffective Disorder,PT_Transcranial Magnetic Stimulation,0.1966714772860124,0.1966714772860124,0.1993365157749497,36,0.5213476667275257,0.3246761894415133,0.0,0.1966714772860124
242,RMD_Cotard Syndrome,PT_Selective Serotonin Reuptake Inhibitors,0.1964092611849541,0.1964092611849541,0.202465979875467,36,0.5251199199804786,0.3287106587955243,0.0,0.1964092611849541
243,RMD_Dissociative Fugue,PT_Digital Phenotyping,0.196253304544495,0.196253304544495,0.2328446508844024,36,0.6295874056315989,0.4333341010871037,0.0,0.196253304544495
244,RMD_Autosarcophagy,PT_Sleep Pattern Monitoring And Manipulation,0.1958532551188093,0.1958532551188093,0.2250663525165625,36,0.211540054205589,0.0156867990867797,0.0,0.1958532551188093
245,RMD_Anorexia Nervosa,PT_Digital Phenotyping,0.193182940186247,0.193182940186247,0.2614842019448765,36,0.6265170412733507,0.4333341010871037,0.0,0.193182940186247
246,RMD_Wendigo Psychosis,PT_Neuroplasticity Techniques,0.1927789949161844,0.1927789949161844,0.197932574140203,36,0.2248553707090574,0.032076375792873,0.0,0.1927789949161844
247,RMD_Circadian Rhythm Sleep Wake Disorder,PT_Regenerative Medicine Approaches,0.1910745449064469,0.1910745449064469,0.2013880760797442,36,0.4232846304548653,0.2322100855484183,0.0,0.1910745449064469
248,RMD_Cotard Syndrome,PT_Mood Stabilizers,0.1884546330807075,0.1884546330807075,0.1919523982784698,36,0.5251199199804786,0.3366652868997709,0.0,0.1884546330807075
249,RMD_Cotard Syndrome,PT_Smart Wearable Mental Health Trackers,0.1877192439496215,0.1877192439496215,0.2109866485824418,36,0.5251199199804786,0.3374006760308569,0.0,0.1877192439496215
250,RMD_Disinhibited Social Engagement Disorder,PT_Speech Language Therapy,0.187616880117083,0.187616880117083,0.2053842539130931,36,0.3790231169734533,0.1914062368563703,0.0,0.187616880117083
251,RMD_Impulse Control Disorders,PT_Narrative Exposure Therapy,0.1860837992976313,0.1860837992976313,0.1950471164140379,36,0.4739660508983215,0.2878822516006901,0.0,0.1860837992976313
252,RMD_Delusional Disorder,PT_Reality Testing Techniques,0.1847348142023705,0.1847348142023705,0.204099768997197,36,0.191480268495844,0.0067454542934734,0.0,0.1847348142023705
253,RMD_Dissociative Amnesia,PT_Mood Stabilizers,0.1843381533951966,0.1843381533951966,0.1862812898095969,36,0.5210034402949676,0.3366652868997709,0.0,0.1843381533951966
254,RMD_Wendigo Psychosis,PT_Cognitive Enhancement Programs,0.1830617474103939,0.1830617474103939,0.1855311382670523,36,0.2248553707090574,0.0417936232986635,0.0,0.1830617474103939
255,RMD_Autosarcophagy,PT_Lithium Therapy,0.1819966983592794,0.1819966983592794,0.1994473430541724,36,0.211540054205589,0.0295433558463095,0.0,0.1819966983592794
256,RMD_Impulse Control Disorders,PT_Music Therapy,0.1800939372244714,0.1800939372244714,0.1911501992440256,36,0.4739660508983215,0.29387211367385,0.0,0.1800939372244714
257,RMD_Erotomania,PT_Cbt For Insomnia,0.1749420320567875,0.1749420320567875,0.2962540302878156,36,0.6385203358199116,0.463578303763124,0.0,0.1749420320567875
258,RMD_Stendhal Syndrome,PT_Anticonvulsant Therapy,0.1745517361911323,0.1745517361911323,0.1776007768283529,36,0.3203971246397221,0.1458453884485898,0.0,0.1745517361911323
259,RMD_Ekbom Syndrome,PT_Neuroprotective Agents,0.1704800083280753,0.1704800083280753,0.1993572302592962,36,0.5119498443037827,0.3414698359757072,0.0,0.1704800083280753
260,RMD_Autosarcophagy,PT_Cognitive Enhancement Programs,0.1697464309069255,0.1697464309069255,0.1956477598135903,36,0.211540054205589,0.0417936232986635,0.0,0.1697464309069255
261,RMD_Kleine Levin Syndrome,PT_Personalized Medicine,0.1687521118738313,0.1687521118738313,0.2198499809891679,36,0.4845192931251607,0.3157671812513294,0.0,0.1687521118738313
262,RMD_Olfactory Reference Syndrome,PT_Occupational Therapy,0.1684747848086162,0.1684747848086162,0.1713547815626738,36,0.53209544096284,0.3636206561542238,0.0,0.1684747848086162
263,RMD_Stendhal Syndrome,PT_Focused Ultrasound Therapy,0.1681542145700329,0.1681542145700329,0.1779917842057999,36,0.3203971246397221,0.1522429100696891,0.0,0.1681542145700329
264,RMD_Avoidant Personality Disorder,PT_Light Therapy,0.1679373920211165,0.1679373920211165,0.1990376225746541,36,0.5095284915349447,0.3415910995138282,0.0,0.1679373920211165
265,RMD_Boanthropy,PT_Occupational Therapy,0.166192202373012,0.166192202373012,0.2146869105888407,36,0.5298128585272359,0.3636206561542238,0.0,0.166192202373012
266,RMD_Dissociative Fugue,PT_Cbt For Insomnia,0.1660091018684747,0.1660091018684747,0.2687725062240331,36,0.6295874056315989,0.463578303763124,0.0,0.1660091018684747
267,RMD_Boanthropy,PT_Hypnotherapy,0.1654623770585384,0.1654623770585384,0.2422611529048416,36,0.5298128585272359,0.3643504814686974,0.0,0.1654623770585384
268,RMD_Reduplicative Paramnesia,PT_Neuromodulation Techniques,0.1643442700198327,0.1643442700198327,0.1781840519788085,36,0.4287300759056908,0.2643858058858581,0.0,0.1643442700198327
269,RMD_Impulse Control Disorders,PT_Brain Computer Interface,0.1620577774025869,0.1620577774025869,0.1684844510573297,36,0.4739660508983215,0.3119082734957344,0.0,0.1620577774025869
270,RMD_Olfactory Reference Syndrome,PT_Electroconvulsive Therapy,0.1612524763940474,0.1612524763940474,0.1768210558560081,36,0.53209544096284,0.3708429645687925,0.0,0.1612524763940474
271,RMD_Koro,PT_Psilocybin Assisted Therapy,0.1604326921708966,0.1604326921708966,0.2652661958309103,36,0.3645924597105761,0.2041597675396795,0.0,0.1604326921708966
272,RMD_Stendhal Syndrome,PT_Privacy Preserving Ai In Digital Mental Health,0.1600974915005981,0.1600974915005981,0.1937528841903848,36,0.3203971246397221,0.160299633139124,0.0,0.1600974915005981
273,RMD_Boanthropy,PT_Electroconvulsive Therapy,0.1589698939584432,0.1589698939584432,0.2234221563094015,36,0.5298128585272359,0.3708429645687925,0.0,0.1589698939584432
274,RMD_Rumination Disorder,PT_Fecal Microbiota Transplant,0.1571252130900086,0.1571252130900086,0.1642912203478775,36,0.5900312013904454,0.4329059883004368,0.0,0.1571252130900086
275,RMD_Olfactory Reference Syndrome,PT_Motivational Interviewing,0.1537792641113926,0.1537792641113926,0.1608576392719351,36,0.53209544096284,0.3783161768514473,0.0,0.1537792641113926
276,RMD_Boanthropy,PT_Motivational Interviewing,0.1514966816757884,0.1514966816757884,0.2074587397253285,36,0.5298128585272359,0.3783161768514473,0.0,0.1514966816757884
277,RMD_Koro,PT_Trauma Focused Cbt,0.1493684936729466,0.1493684936729466,0.1589191095650496,36,0.3645924597105761,0.2152239660376294,0.0,0.1493684936729466
278,RMD_Pyromania,PT_Schema Therapy,0.1490565242999257,0.1490565242999257,0.2026320248302403,36,0.5366061603937343,0.3875496360938085,0.0,0.1490565242999257
279,RMD_Capgras Syndrome,PT_Digital Therapeutics,0.1488977380892057,0.1488977380892057,0.2317529049246575,36,0.5429141130217041,0.3940163749324983,0.0,0.1488977380892057
280,RMD_Othello Syndrome,PT_Mentalization Based Treatment,0.1485664737331763,0.1485664737331763,0.1776008570077867,36,0.4786749159057052,0.3301084421725289,0.0,0.1485664737331763
281,RMD_Ekbom Syndrome,PT_Occupational Therapy,0.1483291881495588,0.1483291881495588,0.190835436064137,36,0.5119498443037827,0.3636206561542238,0.0,0.1483291881495588
282,RMD_Histrionic Personality Disorder,PT_Music Therapy,0.1446695824449958,0.1446695824449958,0.1813921352379066,36,0.4385416961188458,0.29387211367385,0.0,0.1446695824449958
283,RMD_Pyromania,PT_Digital Therapeutics,0.1425897854612358,0.1425897854612358,0.1791819722526181,36,0.5366061603937343,0.3940163749324983,0.0,0.1425897854612358
284,RMD_Brief Psychotic Disorder,PT_Digital Health Tools,0.1415306001153651,0.1415306001153651,0.1561407080456489,36,0.4127364052176009,0.2712058051022357,0.0,0.1415306001153651
285,RMD_Ekbom Syndrome,PT_Electroconvulsive Therapy,0.14110687973499,0.14110687973499,0.1995706817846977,36,0.5119498443037827,0.3708429645687925,0.0,0.14110687973499
286,RMD_Olfactory Reference Syndrome,PT_Stimulant And Wake Promoting Agents,0.1409262070486693,0.1409262070486693,0.1636457274223514,36,0.53209544096284,0.3911692339141706,0.0,0.1409262070486693
287,RMD_Othello Syndrome,PT_Dialectical Behavior Therapy,0.1401268992146236,0.1401268992146236,0.1467358931756554,36,0.4786749159057052,0.3385480166910816,0.0,0.1401268992146236
288,RMD_Avoidant Personality Disorder,PT_Transference Focused Psychotherapy,0.1351525507569466,0.1351525507569466,0.1759402570043439,36,0.5095284915349447,0.3743759407779981,0.0,0.1351525507569466
289,RMD_Reduplicative Paramnesia,PT_Electroencephalography,0.1332666240457836,0.1332666240457836,0.1448799026134308,36,0.4287300759056908,0.2954634518599072,0.0,0.1332666240457836
290,RMD_Schizoaffective Disorder,PT_Ketamine Therapy,0.1320843472531294,0.1320843472531294,0.1722677983298875,36,0.5213476667275257,0.3892633194743963,0.0,0.1320843472531294
291,RMD_Cotard Syndrome,PT_Digital Therapeutics,0.13110354504798,0.13110354504798,0.1842446697610626,36,0.5251199199804786,0.3940163749324983,0.0,0.13110354504798
292,RMD_Olfactory Reference Syndrome,PT_Naltrexone,0.1308811123655232,0.1308811123655232,0.1765517114927243,36,0.53209544096284,0.4012143285973167,0.0,0.1308811123655232
293,RMD_Othello Syndrome,PT_Chronotherapy,0.1297618784921614,0.1297618784921614,0.1698140218157575,36,0.4786749159057052,0.3489130374135437,0.0,0.1297618784921614
294,RMD_Histrionic Personality Disorder,PT_Virtual Reality Exposure Therapy,0.1295928630930219,0.1295928630930219,0.1759597822565588,36,0.4385416961188458,0.3089488330258239,0.0,0.1295928630930219
295,RMD_Circadian Rhythm Sleep Wake Disorder,PT_Electroencephalography,0.1278211785949581,0.1278211785949581,0.1370828061060228,36,0.4232846304548653,0.2954634518599072,0.0,0.1278211785949581
296,RMD_Brief Psychotic Disorder,PT_Metaverse,0.1277290501085068,0.1277290501085068,0.1513047052000212,36,0.4127364052176009,0.285007355109094,0.0,0.1277290501085068
297,RMD_Histrionic Personality Disorder,PT_Personalized Medicine,0.1227745148675164,0.1227745148675164,0.1649901724596336,36,0.4385416961188458,0.3157671812513294,0.0,0.1227745148675164
298,RMD_Avoidant Personality Disorder,PT_Ketamine Therapy,0.1202651720605484,0.1202651720605484,0.1608915992758139,36,0.5095284915349447,0.3892633194743963,0.0,0.1202651720605484
299,RMD_Avoidant Personality Disorder,PT_Stimulant And Wake Promoting Agents,0.118359257620774,0.118359257620774,0.1525342204998316,36,0.5095284915349447,0.3911692339141706,0.0,0.118359257620774
300,RMD_Reduplicative Paramnesia,PT_Personalized Medicine,0.1129628946543614,0.1129628946543614,0.1221283160212258,36,0.4287300759056908,0.3157671812513294,0.0,0.1129628946543614
301,RMD_Circadian Rhythm Sleep Wake Disorder,PT_Brain Computer Interface,0.1113763569591308,0.1113763569591308,0.1322146066062513,36,0.4232846304548653,0.3119082734957344,0.0,0.1113763569591308
302,RMD_Ekbom Syndrome,PT_Naltrexone,0.1107355157064658,0.1107355157064658,0.199301337421414,36,0.5119498443037827,0.4012143285973167,0.0,0.1107355157064658
303,RMD_Olfactory Reference Syndrome,PT_Animal Assisted Therapy,0.1076967363040711,0.1076967363040711,0.1665315819916725,36,0.53209544096284,0.4243987046587688,0.0,0.1076967363040711
304,RMD_Circadian Rhythm Sleep Wake Disorder,PT_Personalized Medicine,0.1075174492035359,0.1075174492035359,0.1257542468962448,36,0.4232846304548653,0.3157671812513294,0.0,0.1075174492035359
305,RMD_Circadian Rhythm Sleep Wake Disorder,PT_Cognitive Behavioral Therapy,0.1026230083808,0.1026230083808,0.1220794604998493,36,0.4232846304548653,0.3206616220740652,0.0,0.1026230083808
306,RMD_Histrionic Personality Disorder,PT_Acceptance And Commitment Therapy,0.0985672066825046,0.0985672066825046,0.1218578698955235,36,0.4385416961188458,0.3399744894363412,0.0,0.0985672066825046
307,RMD_Boanthropy,PT_Digital Phenotyping,0.0964787574401321,0.0964787574401321,0.2036505458550564,36,0.5298128585272359,0.4333341010871037,0.0,0.0964787574401321
308,RMD_Koro,PT_Neurocognitive Training,0.0957454438986958,0.0957454438986958,0.1026262982395865,36,0.3645924597105761,0.2688470158118803,0.0,0.0957454438986958
309,RMD_Koro,PT_Digital Health Tools,0.0933866546083404,0.0933866546083404,0.1017753258739919,36,0.3645924597105761,0.2712058051022357,0.0,0.0933866546083404
310,RMD_Disinhibited Social Engagement Disorder,PT_Narrative Exposure Therapy,0.0911408653727632,0.0911408653727632,0.1078263339179321,36,0.3790231169734533,0.2878822516006901,0.0,0.0911408653727632
311,RMD_Hypergraphia,PT_Deep Brain Stimulation,0.0895858547172568,0.0895858547172568,0.1717713493491799,36,0.3634838310652356,0.2738979763479787,0.0,0.0895858547172568
312,RMD_Body Integrity Dysphoria,PT_Pharmacogenomic Testing,0.0888034741968281,0.0888034741968281,0.1484238202352032,36,0.5670019260395676,0.4781984518427394,0.0,0.0888034741968281
313,RMD_Hypergraphia,PT_Transcranial Direct Current Stimulation,0.0871235068739072,0.0871235068739072,0.1161173340872125,36,0.3634838310652356,0.2763603241913283,0.0,0.0871235068739072
314,RMD_Reduplicative Paramnesia,PT_Emdr Therapy,0.0851872339346872,0.0851872339346872,0.0890350928106188,36,0.4287300759056908,0.3435428419710036,0.0,0.0851872339346872
315,RMD_Disinhibited Social Engagement Disorder,PT_Music Therapy,0.0851510032996033,0.0851510032996033,0.1033055386045191,36,0.3790231169734533,0.29387211367385,0.0,0.0851510032996033
316,RMD_Othello Syndrome,PT_Digital Therapeutics,0.0846585409732068,0.0846585409732068,0.1506591008312307,36,0.4786749159057052,0.3940163749324983,0.0,0.0846585409732068
317,RMD_Avoidant Personality Disorder,PT_Digital Phenotyping,0.0761943904478409,0.0761943904478409,0.1000908576003003,36,0.5095284915349447,0.4333341010871037,0.0,0.0761943904478409
318,RMD_Brief Psychotic Disorder,PT_Mood Stabilizers,0.0760711183178299,0.0760711183178299,0.0873646335884651,36,0.4127364052176009,0.3366652868997709,0.0,0.0760711183178299
319,RMD_Pyromania,PT_Cbt For Insomnia,0.0730278566306102,0.0730278566306102,0.0815574621020381,36,0.5366061603937343,0.463578303763124,0.0,0.0730278566306102
320,RMD_Wendigo Psychosis,PT_Metabolic And Enzyme Targeted Therapy,0.0707292538494838,0.0707292538494838,0.0763900471601488,36,0.2248553707090574,0.1541261168595735,0.0,0.0707292538494838
321,RMD_Autosarcophagy,PT_Art Therapy,0.0697353540627713,0.0697353540627713,0.0802880859956705,36,0.211540054205589,0.1418047001428177,0.0,0.0697353540627713
322,RMD_Ganser Syndrome,PT_Machine Learning Neuroimaging,0.0695262206154895,0.0695262206154895,0.0915356878869096,36,0.6922316029290343,0.6227053823135447,0.0,0.0695262206154895
323,RMD_Boanthropy,PT_Cbt For Insomnia,0.0662345547641117,0.0662345547641117,0.2395784011946871,36,0.5298128585272359,0.463578303763124,0.0,0.0662345547641117
324,RMD_Cotard Syndrome,PT_Cbt For Insomnia,0.0615416162173544,0.0615416162173544,0.2008495341398307,36,0.5251199199804786,0.463578303763124,0.0,0.0615416162173544
325,RMD_Hypergraphia,PT_Antipsychotic Medications,0.058168215653875,0.058168215653875,0.0728448783207983,36,0.3634838310652356,0.3053156154113605,0.0,0.058168215653875
326,RMD_Stendhal Syndrome,PT_Resting State Fmri,0.0459938510333277,0.0459938510333277,0.0575822877318815,36,0.3203971246397221,0.2744032736063944,0.0,0.0459938510333277
327,RMD_Cyclothymic Disorder,PT_Machine Learning Neuroimaging,0.0426899130342817,0.027567514440123,0.2479468776226492,16,0.6502728967536677,0.6227053823135447,0.0,0.0426899130342817
328,RMD_Fregoli Delusion,PT_Virtual Reality Exposure Therapy,0.0424361554899679,0.0424361554899679,0.0579672977902692,36,0.3513849885157918,0.3089488330258239,0.0,0.0424361554899679
329,RMD_Wendigo Psychosis,PT_Voxel Based Lesion Symptom Mapping,0.0417061490874342,0.0416328528274026,0.057966862582836,35,0.2248553707090574,0.1832225178816548,0.0,0.0417061490874342
330,RMD_Palilalia,PT_Dialectical Behavior Therapy,0.0410509135401407,0.0410509135401407,0.0741346400836757,36,0.3795989302312224,0.3385480166910816,0.0,0.0410509135401407
331,RMD_Palilalia,PT_Acceptance And Commitment Therapy,0.0396244407948811,0.0396244407948811,0.1097530280854897,36,0.3795989302312224,0.3399744894363412,0.0,0.0396244407948811
332,RMD_Disinhibited Social Engagement Disorder,PT_Acceptance And Commitment Therapy,0.0390486275371121,0.0390486275371121,0.0437712732621359,36,0.3790231169734533,0.3399744894363412,0.0,0.0390486275371121
333,RMD_Disinhibited Social Engagement Disorder,PT_Light Therapy,0.037432017459625,0.037432017459625,0.0649034981052055,36,0.3790231169734533,0.3415910995138282,0.0,0.037432017459625
334,RMD_Stendhal Syndrome,PT_Metaverse,0.036121205923628,0.0353897695306281,0.0584426744741467,33,0.3203971246397221,0.285007355109094,0.0,0.036121205923628
335,RMD_Hypergraphia,PT_Selective Serotonin Reuptake Inhibitors,0.0347731722697111,0.0347731722697111,0.0505066626248518,36,0.3634838310652356,0.3287106587955243,0.0,0.0347731722697111
336,RMD_Avoidant Personality Disorder,PT_Pharmacogenomic Testing,0.0318252312024582,0.0313300396922053,0.0551017341491635,33,0.5095284915349447,0.4781984518427394,0.0,0.0318252312024582
337,RMD_Palilalia,PT_Chronotherapy,0.0306858928176785,0.0306858928176785,0.0972127687237778,36,0.3795989302312224,0.3489130374135437,0.0,0.0306858928176785
338,RMD_Savant Syndrome,PT_Occupational Therapy,0.0231847168818252,0.0225204049370408,0.0320234645734059,33,0.3861410610912646,0.3636206561542238,0.0,0.0231847168818252
339,RMD_Fregoli Delusion,PT_Selective Serotonin Reuptake Inhibitors,0.0226743297202673,0.0226743297202673,0.0334881906658735,36,0.3513849885157918,0.3287106587955243,0.0,0.0226743297202673
340,RMD_Autosarcophagy,PT_Speech Language Therapy,0.0221929102570671,0.0201338173492187,0.043199200302082,30,0.211540054205589,0.1914062368563703,0.0,0.0221929102570671
341,RMD_Savant Syndrome,PT_Hypnotherapy,0.0217905796225672,0.0217905796225672,0.0233459466117045,36,0.3861410610912646,0.3643504814686974,0.0,0.0217905796225672
342,RMD_Fregoli Delusion,PT_Mentalization Based Treatment,0.0212765463432628,0.0212765463432628,0.0555073617347735,36,0.3513849885157918,0.3301084421725289,0.0,0.0212765463432628
343,RMD_Savant Syndrome,PT_Electroconvulsive Therapy,0.0154608292392767,0.015298096522472,0.0202811323844098,34,0.3861410610912646,0.3708429645687925,0.0,0.0154608292392767
344,RMD_Fregoli Delusion,PT_Smart Wearable Mental Health Trackers,0.0139843124849348,0.0139843124849348,0.0553075843795967,36,0.3513849885157918,0.3374006760308569,0.0,0.0139843124849348
345,RMD_Savant Syndrome,PT_Motivational Interviewing,0.0096433283122771,0.0078248842398173,0.0145367976896406,29,0.3861410610912646,0.3783161768514473,0.0,0.0096433283122771
346,RMD_Reduplicative Paramnesia,PT_Animal Assisted Therapy,0.0092979422785474,0.004331371246922,0.0606923791406674,14,0.4287300759056908,0.4243987046587688,0.0,0.0092979422785474
347,RMD_Intermetamorphosis Syndrome,PT_Prolonged Exposure Therapy,0.0090302567946369,0.0090302567946369,0.0222107033276759,36,0.0270916254008947,0.0180613686062577,0.0,0.0090302567946369
348,RMD_Stendhal Syndrome,PT_Antidepressants,0.0084006868422165,0.0048733313963497,0.0174177737215613,26,0.3203971246397221,0.3155237932433723,0.0,0.0084006868422165
349,RMD_Stendhal Syndrome,PT_Clozapine Protocol,0.0052950643785077,0.0018608752529798,0.0143001986080472,22,0.3203971246397221,0.3185362493867423,0.0,0.0052950643785077
350,RMD_Intermetamorphosis Syndrome,PT_Cognitive Assistive Technologies,0.0051541590450168,-0.0003835813763411,0.0190672806726209,18,0.0270916254008947,0.0274752067772359,0.0,0.0051541590450168
351,RMD_Wendigo Psychosis,PT_Interpersonal Psychotherapy,0.005112137634602,-0.0025570446135528,0.0141033077656201,21,0.2248553707090574,0.2274124153226103,0.0,0.005112137634602
352,RMD_Wendigo Psychosis,PT_Deep Brain Stimulation,0.0043147742153179,-0.0490426056389212,0.0587351649140198,5,0.2248553707090574,0.2738979763479787,0.0,0.0043147742153179
353,RMD_Fregoli Delusion,PT_Hypnotherapy,0.0043103659082054,-0.0129654929529055,0.0478532216471401,7,0.3513849885157918,0.3643504814686974,0.0,0.0043103659082054
354,RMD_Koro,PT_Vagus Nerve Stimulation,0.0042396031053947,-0.0070408205125434,0.0413760896629983,8,0.3645924597105761,0.3716332802231197,0.0,0.0042396031053947
355,RMD_Fregoli Delusion,PT_Cbt For Insomnia,0.0018356319983,-0.1121933152473322,0.0451704699369855,2,0.3513849885157918,0.463578303763124,0.0,0.0018356319983
356,RMD_Brief Psychotic Disorder,PT_Pharmacogenomic Testing,0.0013495639491308,-0.0654620466251384,0.0310624383825354,3,0.4127364052176009,0.4781984518427394,0.0,0.0013495639491308
357,RMD_Hypergraphia,PT_Cbt For Insomnia,0.0007817631399644,-0.1000944726978883,0.0234083564700451,2,0.3634838310652356,0.463578303763124,0.0,0.0007817631399644
358,RMD_Savant Syndrome,PT_Cbt For Insomnia,0.0003252081680184,-0.0774372426718593,0.0117074940486639,1,0.3861410610912646,0.463578303763124,0.0,0.0003252081680184
359,RMD_Stendhal Syndrome,PT_Selective Serotonin Reuptake Inhibitors,0.0001320293801936,-0.0083135341558021,0.0013913413931114,6,0.3203971246397221,0.3287106587955243,0.0,0.0001320293801936
360,RMD_Savant Syndrome,PT_Stimulant And Wake Promoting Agents,0.0,-0.0050281728229058,-0.0023059958653061,0,0.3861410610912646,0.3911692339141706,0.0,0.0
361,RMD_Savant Syndrome,PT_Closed Loop Neurostimulation,0.0,-0.0136654196614345,-0.0057003968112106,0,0.3861410610912646,0.3998064807526992,0.0,0.0
362,RMD_Hypergraphia,PT_Motivational Interviewing,0.0,-0.0148323457862116,-0.0087113049993133,0,0.3634838310652356,0.3783161768514473,0.0,0.0
363,RMD_Hypergraphia,PT_Digital Phenotyping,0.0,-0.069850270021868,-0.0125194988695854,0,0.3634838310652356,0.4333341010871037,0.0,0.0
364,RMD_Avoidant Personality Disorder,PT_Machine Learning Neuroimaging,0.0,-0.1131768907785998,-0.0161090828829691,0,0.5095284915349447,0.6227053823135447,0.0,0.0
365,RMD_Pyromania,PT_Machine Learning Neuroimaging,0.0,-0.0860992219198102,-0.0243055728922418,0,0.5366061603937343,0.6227053823135447,0.0,0.0
366,RMD_Delusional Disorder,PT_Digital Health Tools,0.0,-0.0797255366063916,-0.0505752079359826,0,0.191480268495844,0.2712058051022357,0.0,0.0
367,RMD_Autosarcophagy,PT_Narrative Exposure Therapy,0.0,-0.0763421973951009,-0.0543587196930789,0,0.211540054205589,0.2878822516006901,0.0,0.0
368,RMD_Delusional Disorder,PT_Metaverse,0.0,-0.0935270866132499,-0.0554112107816103,0,0.191480268495844,0.285007355109094,0.0,0.0
369,RMD_Hypergraphia,PT_Machine Learning Neuroimaging,0.0,-0.259221551248309,-0.0556302386588329,0,0.3634838310652356,0.6227053823135447,0.0,0.0
370,RMD_Delusional Disorder,PT_Resting State Fmri,0.0,-0.0829230051105503,-0.0562715975238755,0,0.191480268495844,0.2744032736063944,0.0,0.0
371,RMD_Savant Syndrome,PT_Machine Learning Neuroimaging,0.0,-0.2365643212222799,-0.0673311010802142,0,0.3861410610912646,0.6227053823135447,0.0,0.0
372,RMD_Wendigo Psychosis,PT_Anxiolytic Medications,0.0,-0.0818055509431823,-0.0740482782011555,0,0.2248553707090574,0.3066609216522399,0.0,0.0
373,RMD_Delusional Disorder,PT_Anxiolytic Medications,0.0,-0.1151806531563958,-0.0876032254050276,0,0.191480268495844,0.3066609216522399,0.0,0.0
374,RMD_Intermetamorphosis Syndrome,PT_Psilocybin Assisted Therapy,0.0,-0.1770681421387846,-0.0940071903524521,0,0.0270916254008947,0.2041597675396795,0.0,0.0
375,RMD_Delusional Disorder,PT_Antidepressants,0.0,-0.1240435247475282,-0.0964361115341957,0,0.191480268495844,0.3155237932433723,0.0,0.0
376,RMD_Intermetamorphosis Syndrome,PT_Focused Ultrasound Therapy,0.0,-0.1251512846687943,-0.1041504817771086,0,0.0270916254008947,0.1522429100696891,0.0,0.0
377,RMD_Delusional Disorder,PT_Cognitive Behavioral Therapy,0.0,-0.1291813535782212,-0.1042762706793146,0,0.191480268495844,0.3206616220740652,0.0,0.0
378,RMD_Delusional Disorder,PT_Selective Serotonin Reuptake Inhibitors,0.0,-0.1372303902996803,-0.1124625438626455,0,0.191480268495844,0.3287106587955243,0.0,0.0
379,RMD_Autosarcophagy,PT_Light Therapy,0.0,-0.130051045308239,-0.1141784283335859,0,0.211540054205589,0.3415910995138282,0.0,0.0
380,RMD_Autosarcophagy,PT_Acceptance And Commitment Therapy,0.0,-0.128434435230752,-0.1184137803488751,0,0.211540054205589,0.3399744894363412,0.0,0.0
381,RMD_Intermetamorphosis Syndrome,PT_Trauma Focused Cbt,0.0,-0.1881323406367346,-0.1617198049720764,0,0.0270916254008947,0.2152239660376294,0.0,0.0
382,RMD_Intermetamorphosis Syndrome,PT_Clozapine Protocol,0.0,-0.2914446239858475,-0.2678420673748612,0,0.0270916254008947,0.3185362493867423,0.0,0.0
383,RMD_Intermetamorphosis Syndrome,PT_Vagus Nerve Stimulation,0.0,-0.3445416548222248,-0.3178972965203642,0,0.0270916254008947,0.3716332802231197,0.0,0.0
384,RMD_Intermetamorphosis Syndrome,PT_Pharmacogenomic Testing,0.0,-0.4511068264418446,-0.3709884751133969,0,0.0270916254008947,0.4781984518427394,0.0,0.0
