pt_name,direct_value,spillover_value,spillover_value_norm,spillover_gain,spillover_gain_norm,linked_rmd_count,top_source_rmds,top_reachable_rmds
Electroconvulsive Therapy,7.438108305844183,6.135873325076947,0.9999999996718845,-1.3022349807672358,0.864561606657917,19,Anorexia Nervosa; Antisocial Personality Disorder; Autosarcophagy,Reactive Attachment Disorder; Ganser Syndrome; Schizotypal Personality Disorder
Naltrexone,5.0265067453077235,4.809093970738756,0.7823315355203248,-0.21741277456896757,0.1418244771133486,15,Autosarcophagy; Avoidant Personality Disorder; Disinhibited Social Engagement Disorder,Reactive Attachment Disorder; Ganser Syndrome; Schizotypal Personality Disorder
Narrative Exposure Therapy,3.9779959757715657,3.9825314317890848,0.6467275273707309,0.004535456017519035,0.0,9,Autosarcophagy; Brief Psychotic Disorder; Childhood Disintegrative Disorder,Reactive Attachment Disorder; Ganser Syndrome; Schizotypal Personality Disorder
Stimulant And Wake Promoting Agents,5.0011848565599735,3.964868063529896,0.6438297145368564,-1.0363167930300774,0.6873999053203599,15,Anorexia Nervosa; Antisocial Personality Disorder; Cyclothymic Disorder,Reactive Attachment Disorder; Ganser Syndrome; Schizotypal Personality Disorder
Mood Stabilizers,2.858961781005145,3.872536770533319,0.6286820483676633,1.0135749895281743,0.6722487167756187,10,Brief Psychotic Disorder; Capgras Syndrome; Childhood Disintegrative Disorder,Reactive Attachment Disorder; Ganser Syndrome; Schizotypal Personality Disorder
Animal Assisted Therapy,3.3621226363985235,3.682905338694589,0.5975715382528999,0.32078270229606565,0.21069224587753085,9,Autosarcophagy; Factitious Disorder; Fregoli Delusion,Reactive Attachment Disorder; Ganser Syndrome; Schizotypal Personality Disorder
Hypnotherapy,4.368612826201702,3.640910593831803,0.5906819739957904,-0.7277022323698992,0.48179275565768975,15,Anorexia Nervosa; Antisocial Personality Disorder; Avoidant Personality Disorder,Reactive Attachment Disorder; Ganser Syndrome; Schizotypal Personality Disorder
Metaverse,2.967718250175581,3.5368101816368105,0.5736034923583284,0.5690919314612293,0.37612239516916074,14,Brief Psychotic Disorder; Capgras Syndrome; Childhood Disintegrative Disorder,Reactive Attachment Disorder; Ganser Syndrome; Schizotypal Personality Disorder
Closed Loop Neurostimulation,4.671520098821332,3.4410613980903926,0.557895160305389,-1.230458700730939,0.8167423582074119,9,Anorexia Nervosa; Dissociative Fugue; Factitious Disorder,Reactive Attachment Disorder; Ganser Syndrome; Schizotypal Personality Disorder
Neuroprotective Agents,4.808735440479129,3.3032085998950076,0.5352793374377263,-1.5055268405841216,0.9999999986675472,14,Anorexia Nervosa; Antisocial Personality Disorder; Avoidant Personality Disorder,Reactive Attachment Disorder; Ganser Syndrome; Schizotypal Personality Disorder
Transcranial Magnetic Stimulation,2.72533130587528,3.298822551790199,0.5345597721599377,0.5734912459149188,0.3790533343424711,12,Brief Psychotic Disorder; Capgras Syndrome; Childhood Disintegrative Disorder,Reactive Attachment Disorder; Ganser Syndrome; Schizotypal Personality Disorder
Cognitive Behavioral Therapy,2.503379858820937,2.946872315305659,0.4768196006816281,0.443492456484722,0.2924447164692143,12,Brief Psychotic Disorder; Capgras Syndrome; Childhood Disintegrative Disorder,Reactive Attachment Disorder; Ganser Syndrome; Schizotypal Personality Disorder
Immunotherapy For Neuropsychiatric Disorders,2.9247966217591803,2.6362894314366665,0.42586606488648654,-0.2885071903225138,0.18918944961740075,9,Antisocial Personality Disorder; Autosarcophagy; Avoidant Personality Disorder,Reactive Attachment Disorder; Ganser Syndrome; Schizotypal Personality Disorder
Emdr Therapy,2.8149269883274948,2.5514555840953275,0.4119484129434715,-0.2634714042321673,0.17250994944544185,8,Brief Psychotic Disorder; Childhood Disintegrative Disorder; Chronic Traumatic Encephalopathy,Reactive Attachment Disorder; Ganser Syndrome; Schizotypal Personality Disorder
Machine Learning Neuroimaging,3.18783230890422,2.522517955212403,0.40720097003630035,-0.6653143536918171,0.44022830749600556,6,Antisocial Personality Disorder; Avoidant Personality Disorder; Ganser Syndrome,Reactive Attachment Disorder; Ganser Syndrome; Schizotypal Personality Disorder
Antidepressants,1.3173880330786054,2.222216948715186,0.3579342561296599,0.9048289156365805,0.5997992178212365,8,Capgras Syndrome; Cotard Syndrome; Dissociative Amnesia,Reactive Attachment Disorder; Ganser Syndrome; Schizotypal Personality Disorder
Motivational Interviewing,2.689107636578114,2.215112731872707,0.3567687541461945,-0.4739949047054073,0.3127662509521384,5,Chronic Traumatic Encephalopathy; Cotard Syndrome; Cyclothymic Disorder,Reactive Attachment Disorder; Ganser Syndrome; Schizotypal Personality Disorder
Social Skills Training,2.5317266052319853,2.0866241780871717,0.33568920834823995,-0.44510242714481363,0.2935173213319073,10,Anorexia Nervosa; Antisocial Personality Disorder; Avoidant Personality Disorder,Reactive Attachment Disorder; Ganser Syndrome; Schizotypal Personality Disorder
Antipsychotic Medications,1.6938361152234234,1.9412340318524755,0.3118368249581903,0.24739791662905208,0.1618013686054931,8,Diogenes Syndrome; Hypergraphia; Kleine Levin Syndrome,Reactive Attachment Disorder; Ganser Syndrome; Schizotypal Personality Disorder
Cbt For Insomnia,2.0885622812602507,1.9201998719323625,0.3083860075562169,-0.16836240932788815,0.10914583173265913,5,Avoidant Personality Disorder; Fregoli Delusion; Ganser Syndrome,Reactive Attachment Disorder; Ganser Syndrome; Schizotypal Personality Disorder
Personalized Medicine,1.742993344433001,1.8916286276174703,0.3036986728847909,0.14863528318446928,0.09600310065507241,25,Autosarcophagy; Brief Psychotic Disorder; Capgras Syndrome,Reactive Attachment Disorder; Ganser Syndrome; Schizotypal Personality Disorder
Transcranial Direct Current Stimulation,2.8345661281586576,1.8758610890522813,0.301111885645667,-0.9587050391063763,0.6356929104513008,5,Anorexia Nervosa; Antisocial Personality Disorder; Erotomania,Reactive Attachment Disorder; Ganser Syndrome; Schizotypal Personality Disorder
Mentalization Based Treatment,1.7425075435333253,1.7953066763424805,0.28789630821160345,0.05279913280915527,0.03215453281316658,6,Fregoli Delusion; Kleine Levin Syndrome; Olfactory Reference Syndrome,Reactive Attachment Disorder; Ganser Syndrome; Schizotypal Personality Disorder
Anxiolytic Medications,0.5984385177146117,1.7360299014026417,0.2781714926129703,1.13759138368803,0.754871705334889,6,Boanthropy; Delusional Disorder; Intermetamorphosis Syndrome,Reactive Attachment Disorder; Ganser Syndrome; Schizotypal Personality Disorder
Transference Focused Psychotherapy,1.6553229740923647,1.6666146501405488,0.2667833811824521,0.01129167604818404,0.004501171752970093,8,Autosarcophagy; Diogenes Syndrome; Disinhibited Social Engagement Disorder,Reactive Attachment Disorder; Ganser Syndrome; Schizotypal Personality Disorder
Digital Phenotyping,1.8346048833280002,1.6032683864270187,0.2563909343244426,-0.23133649690098146,0.1511008277017842,6,Anorexia Nervosa; Boanthropy; Ekbom Syndrome,Reactive Attachment Disorder; Ganser Syndrome; Schizotypal Personality Disorder
Music Therapy,1.9300529898796832,1.4332086041076302,0.22849130541449916,-0.49684438577205303,0.3279891771268929,4,Disinhibited Social Engagement Disorder; Hallucinogen Persisting Perception Disorder; Narcissistic Personality Disorder,Reactive Attachment Disorder; Ganser Syndrome; Schizotypal Personality Disorder
Mindfulness Based Stress Reduction,1.178328208659092,1.3497798374291512,0.2148041678738177,0.17145162877005915,0.11120395109951128,8,Brief Psychotic Disorder; Capgras Syndrome; Childhood Disintegrative Disorder,Reactive Attachment Disorder; Ganser Syndrome; Schizotypal Personality Disorder
Brain Computer Interface,0.43934550930965477,1.1310437727795437,0.17891881655963063,0.6916982634698889,0.4578059631802416,4,Intermetamorphosis Syndrome; Koro; Landau Kleffner Syndrome,Reactive Attachment Disorder; Ganser Syndrome; Schizotypal Personality Disorder
Trauma Focused Cbt,0.40415955982507645,1.1064749925759563,0.17488811723083403,0.7023154327508798,0.46487940102672837,4,Boanthropy; Intermetamorphosis Syndrome; Koro,Reactive Attachment Disorder; Ganser Syndrome; Schizotypal Personality Disorder
Dialectical Behavior Therapy,1.001840001223139,1.0615172321607091,0.16751244724525308,0.05967723093757016,0.036736902965301826,3,Chronic Traumatic Encephalopathy; Hypergraphia; Palilalia,Reactive Attachment Disorder; Ganser Syndrome; Schizotypal Personality Disorder
Digital Therapeutics,0.9623422622510933,1.0587660086772845,0.16706108765165023,0.09642374642619123,0.06121839953982633,3,Boanthropy; Erotomania; Pyromania,Reactive Attachment Disorder; Ganser Syndrome; Schizotypal Personality Disorder
Traditional And Alternative Medicine Approaches,0.6973440967287625,1.0527469474517626,0.166073613880439,0.35540285072300004,0.23375710070399672,4,Body Integrity Dysphoria; Dissociative Amnesia; Postpartum Psychosis,Reactive Attachment Disorder; Ganser Syndrome; Schizotypal Personality Disorder
Neuroplasticity Techniques,0.42342214419703295,1.0478005937272556,0.16526212611132096,0.6243784495302227,0.4129557298330304,3,Delusional Disorder; Pyromania; Wendigo Psychosis,Reactive Attachment Disorder; Ganser Syndrome; Schizotypal Personality Disorder
Focused Ultrasound Therapy,0.3786729827677441,1.0198302756773785,0.16067337806377216,0.6411572929096344,0.4241342372712323,3,Dissociative Amnesia; Intermetamorphosis Syndrome; Koro,Reactive Attachment Disorder; Ganser Syndrome; Schizotypal Personality Disorder
Deep Brain Stimulation,0.9321847097671754,0.9052952632683952,0.1418830191686574,-0.026889446498780223,0.014892817294837478,4,Ganser Syndrome; Kleptomania; Pyromania,Reactive Attachment Disorder; Ganser Syndrome; Schizotypal Personality Disorder
Neuromodulation Techniques,0.7340040026590888,0.8830238501161648,0.13822922075863545,0.14901984745707597,0.09625930750345835,4,Body Integrity Dysphoria; Kleine Levin Syndrome; Postpartum Psychosis,Reactive Attachment Disorder; Ganser Syndrome; Schizotypal Personality Disorder
Selective Serotonin Reuptake Inhibitors,0.7614425311677995,0.8343375239414705,0.13024185058364982,0.07289499277367106,0.045542924075346616,7,Capgras Syndrome; Cotard Syndrome; Cyclothymic Disorder,Reactive Attachment Disorder; Ganser Syndrome; Schizotypal Personality Disorder
Blockchain For Data Protection,0.3975316554578118,0.768415998841788,0.1194269120815853,0.37088434338397624,0.24407127891949526,2,Kleine Levin Syndrome; Reduplicative Paramnesia,Reactive Attachment Disorder; Ganser Syndrome; Schizotypal Personality Disorder
Fecal Microbiota Transplant,0.7659552784407146,0.7328060734653572,0.1135848270808689,-0.03314920497535745,0.01906323328296378,3,Dissociative Fugue; Ganser Syndrome; Hyperthymesia,Reactive Attachment Disorder; Ganser Syndrome; Schizotypal Personality Disorder
Resting State Fmri,0.29760041628325773,0.7208009155095788,0.11161528762007843,0.4232004992263211,0.2789256800243636,5,Dissociative Amnesia; Intermetamorphosis Syndrome; Koro,Reactive Attachment Disorder; Ganser Syndrome; Schizotypal Personality Disorder
Expressive Writing And Journaling,0.23532744811513778,0.7124402078625607,0.11024364855530386,0.4771127597474229,0.3148434481099099,2,Circadian Rhythm Sleep Wake Disorder; Delusional Disorder,Reactive Attachment Disorder; Ganser Syndrome; Schizotypal Personality Disorder
Interpersonal Psychotherapy,0.3034733827300892,0.5898670420163191,0.0901345681202573,0.2863936592862299,0.18778135956758477,3,Body Integrity Dysphoria; Circadian Rhythm Sleep Wake Disorder; Reduplicative Paramnesia,Reactive Attachment Disorder; Ganser Syndrome; Schizotypal Personality Disorder
Digital Health Tools,0.20731756313474636,0.5873764693512619,0.08972597031905676,0.3800589062165155,0.2501836143496974,6,Cotard Syndrome; Dissociative Amnesia; Intermetamorphosis Syndrome,Reactive Attachment Disorder; Ganser Syndrome; Schizotypal Personality Disorder
Anticonvulsant Therapy,0.3130926035974573,0.5778276442261366,0.0881594113485378,0.26473504062867936,0.1733518172987961,2,Diogenes Syndrome; Disinhibited Social Engagement Disorder,Reactive Attachment Disorder; Ganser Syndrome; Schizotypal Personality Disorder
Lithium Therapy,0.4513034809022231,0.4869383049549332,0.07324830889414274,0.03563482405271007,0.02071921818707324,3,Circadian Rhythm Sleep Wake Disorder; Ekbom Syndrome; Rumination Disorder,Reactive Attachment Disorder; Ganser Syndrome; Schizotypal Personality Disorder
Chronic Traumatic Encephalopathy,0.8918086262290137,0.48063484356302755,0.07221417706541892,-0.41117378266598614,0.2709131646508776,1,Chronic Traumatic Encephalopathy,Reactive Attachment Disorder; Ganser Syndrome; Schizotypal Personality Disorder
Neurobiological Assessments For Mental Disorders,0.1728339272947921,0.47827127694666627,0.0718264155935351,0.3054373496518742,0.2004687677273379,1,Circadian Rhythm Sleep Wake Disorder,Reactive Attachment Disorder; Ganser Syndrome; Schizotypal Personality Disorder
Regenerative Medicine Approaches,0.15369517303315178,0.47429791090071527,0.07117455401466276,0.3206027378675635,0.21057234883474116,2,Circadian Rhythm Sleep Wake Disorder; Delusional Disorder,Reactive Attachment Disorder; Ganser Syndrome; Schizotypal Personality Disorder
Art Therapy,0.15909626258223108,0.4720099419937074,0.07079919493450633,0.3129136794114763,0.20544969555045062,2,Autosarcophagy; Disinhibited Social Engagement Disorder,Reactive Attachment Disorder; Ganser Syndrome; Schizotypal Personality Disorder
Acceptance And Commitment Therapy,0.31877914306819816,0.4693880824986075,0.07036905850854103,0.15060893943040932,0.09731800243505837,1,Boanthropy,Reactive Attachment Disorder; Ganser Syndrome; Schizotypal Personality Disorder
Ketamine Therapy,0.22556681038224752,0.4646766214755783,0.06959610671257022,0.2391098110933308,0.1562796143769897,1,Palilalia,Reactive Attachment Disorder; Ganser Syndrome; Schizotypal Personality Disorder
Psilocybin Assisted Therapy,0.5209850038016234,0.462012221803312,0.06915899123993957,-0.05897278199831141,0.03626758052577063,1,Body Integrity Dysphoria,Reactive Attachment Disorder; Ganser Syndrome; Schizotypal Personality Disorder
Secure Data Storage For Patient Records,0.514414475103881,0.43031172568384723,0.06395827849097743,-0.08410274942003382,0.05300982678156373,1,Ekbom Syndrome,Reactive Attachment Disorder; Ganser Syndrome; Schizotypal Personality Disorder
Neurofeedback Systems,0.4106473926121845,0.4269333375822717,0.06340402766775396,0.016285944970087174,0.007828485264959741,2,Circadian Rhythm Sleep Wake Disorder; Ekbom Syndrome,Reactive Attachment Disorder; Ganser Syndrome; Schizotypal Personality Disorder
Meditation And Relaxation Techniques,0.11773686642507254,0.41153397674791875,0.06087764284666872,0.2937971103228462,0.1927137336657141,1,Delusional Disorder,Reactive Attachment Disorder; Ganser Syndrome; Schizotypal Personality Disorder
Virtual Reality Exposure Therapy,0.13965188917800336,0.40550433835124566,0.05988843380832958,0.2658524491732423,0.17409626430533018,2,Boanthropy; Wendigo Psychosis,Reactive Attachment Disorder; Ganser Syndrome; Schizotypal Personality Disorder
Sleep Pattern Monitoring And Manipulation,0.45586187832642044,0.404260694077898,0.05968440430029921,-0.05160118424852245,0.03135642792638703,1,Body Integrity Dysphoria,Reactive Attachment Disorder; Ganser Syndrome; Schizotypal Personality Disorder
Electroencephalography,0.20515142480725074,0.3965544241443226,0.05842013082838089,0.1914029993370719,0.12449607971901648,4,Body Integrity Dysphoria; Dissociative Amnesia; Intermetamorphosis Syndrome,Reactive Attachment Disorder; Ganser Syndrome; Schizotypal Personality Disorder
Augmentative Communication Devices,0.4409266929461838,0.36883862201472617,0.05387313809552591,-0.07208807093145764,0.045005331488583544,1,Ekbom Syndrome,Reactive Attachment Disorder; Ganser Syndrome; Schizotypal Personality Disorder
Speech Language Therapy,0.19103491040603715,0.36050318063795156,0.05250564415874173,0.1694682702319144,0.10988258539688622,2,Circadian Rhythm Sleep Wake Disorder; Rumination Disorder,Reactive Attachment Disorder; Ganser Syndrome; Schizotypal Personality Disorder
Occupational Therapy,0.2944450593481982,0.35405103792733583,0.05144712000420592,0.05960597857913763,0.0366894327672246,2,Boanthropy; Erotomania,Reactive Attachment Disorder; Ganser Syndrome; Schizotypal Personality Disorder
Stem Cell Therapy For Neurological Disorders,0.3907387528512175,0.34650916635248397,0.050209817360658854,-0.04422958649873354,0.02644527532700347,1,Body Integrity Dysphoria,Reactive Attachment Disorder; Ganser Syndrome; Schizotypal Personality Disorder
Vocal And Speech Biomarkers,0.19878951423507008,0.29507001481451933,0.04177082479123264,0.09628050057944926,0.061122965383425445,5,Boanthropy; Delusional Disorder; Ekbom Syndrome,Reactive Attachment Disorder; Ganser Syndrome; Schizotypal Personality Disorder
Schema Therapy,0.28321683082609156,0.2925068459045405,0.04135031701187063,0.009290015078448954,0.0031676124883072056,1,Pyromania,Reactive Attachment Disorder; Ganser Syndrome; Schizotypal Personality Disorder
Cognitive Assistive Technologies,0.2604925019008117,0.231006110901656,0.03126064348137815,-0.029486390999155704,0.016622970128236332,1,Body Integrity Dysphoria,Reactive Attachment Disorder; Ganser Syndrome; Schizotypal Personality Disorder
Clozapine Protocol,0.11988831551159397,0.23024902414048018,0.031136437514503717,0.11036070862888621,0.0705035708788669,1,Diogenes Syndrome,Reactive Attachment Disorder; Ganser Syndrome; Schizotypal Personality Disorder
Digital Imaging Technologies For Brain Scanning,0.050458657039316804,0.17637170432053662,0.022297444490181877,0.12591304728121983,0.08086494855999293,1,Delusional Disorder,Reactive Attachment Disorder; Ganser Syndrome; Schizotypal Personality Disorder
Memory Retrieval Techniques,0.1469755643153946,0.12294620733824206,0.013532576513719797,-0.02402935697715254,0.012987350316662536,1,Ekbom Syndrome,Reactive Attachment Disorder; Ganser Syndrome; Schizotypal Personality Disorder
Voxel Based Lesion Symptom Mapping,0.03363910469287787,0.11758113621369107,0.012652394901060163,0.0839420315208132,0.05290275228356262,1,Delusional Disorder,Reactive Attachment Disorder; Ganser Syndrome; Schizotypal Personality Disorder
Reality Testing Techniques,0.021604240911849013,0.059783909618333284,0.0031703107066565353,0.038179668706484274,0.022414660730281522,1,Circadian Rhythm Sleep Wake Disorder,Reactive Attachment Disorder; Ganser Syndrome; Schizotypal Personality Disorder
Prolonged Exposure Therapy,0.0,0.04045955407227486,0.0,0.04045955407227486,0.02393358041642685,1,Intermetamorphosis Syndrome,Reactive Attachment Disorder; Ganser Syndrome; Schizotypal Personality Disorder
