,Anorexia Nervosa,Antisocial Personality Disorder,Autosarcophagy,Avoidant Personality Disorder,Boanthropy,Body Integrity Dysphoria,Brief Psychotic Disorder,Capgras Syndrome,Childhood Disintegrative Disorder,Chronic Traumatic Encephalopathy,Circadian Rhythm Sleep Wake Disorder,Cotard Syndrome,Cyclothymic Disorder,Delusional Disorder,Diogenes Syndrome,Disinhibited Social Engagement Disorder,Dissociative Amnesia,Dissociative Fugue,Ekbom Syndrome,Erotomania,Factitious Disorder,Fregoli Delusion,Ganser Syndrome,Hallucinogen Persisting Perception Disorder,Histrionic Personality Disorder,Hypergraphia,Hyperthymesia,Impulse Control Disorders,Intermetamorphosis Syndrome,Kleine Levin Syndrome,Kleptomania,Koro,Landau Kleffner Syndrome,Narcissistic Personality Disorder,Olfactory Reference Syndrome,Othello Syndrome,Palilalia,Postpartum Psychosis,Pyromania,Reactive Attachment Disorder,Reduplicative Paramnesia,Rumination Disorder,Savant Syndrome,Schizoaffective Disorder,Schizotypal Personality Disorder,Selective Mutism,Stendhal Syndrome,Wendigo Psychosis
Anorexia Nervosa,0.05134453805358476,0.0050946683230557845,0.0234842906395552,0.0312216887602898,0.025139367898228716,0.01887350046159664,0.014707290769291791,0.022565355801063315,0.02105051424198407,0.0182331292863341,0.01612031443247263,0.026229641186172138,0.015324452602967368,0.01259827098606364,0.020173697817222107,0.026413924441444088,0.004281989300196003,0.028425298881530156,0.01706637418085257,0.030037659553972463,0.029431916301190134,0.020900237730240707,0.020556619446931705,0.02194570272411098,0.019098163092184404,0.028857515668080636,0.026158973494578106,0.021007625689486744,0.01308953360014158,0.002897496643992926,0.02664337282460828,0.012320636429181924,0.007554945868165057,0.024785294289933445,0.018805329983084994,0.029872736675632703,0.02498992634569086,0.016683327116564412,0.01695890048486033,0.013100749813947541,0.01857990272288089,0.008997820032799024,0.03293014109330486,0.010287329580566771,0.027981093007614054,0.026893924448136305,0.027006498575696838,0.023278318647171888
Antisocial Personality Disorder,0.0034937466394491315,0.0352103014178526,0.02340767750756277,0.0185426735091833,0.026022956968770838,0.023483515200472153,0.008064064578471692,0.021592032414814468,0.014770789845783316,0.030320189114993117,0.02290158650014295,0.01966178745658928,0.027062667727026413,0.01640392915108155,0.014153698904396696,0.020063365394421957,0.02751973260531274,0.01981959663046619,0.0268185174859743,0.021618425120805262,0.01663686430880211,0.021102377159173662,0.009794819685959051,0.025378929969266342,0.020758368622237917,0.0243069172865405,0.023987278360374113,0.02840300282594784,0.0,0.031561276901074964,0.025329244097836368,0.01803059223218119,0.014975586774248985,0.024499634460309228,0.02772941744865601,0.0,0.023333373361067573,0.02369328278027386,0.018903489325840597,0.028529113447780273,0.01757058328180706,0.03193356986255084,0.0,0.03207538186078171,0.01912199341145261,0.027770904332699495,0.02010136842786117,0.023541375566495503
Autosarcophagy,0.015382733904447509,0.022358306966584696,0.033631817049426235,0.023961427116563152,0.025934488392086508,0.023561412613023334,0.013490300279989613,0.02258836075102579,0.017523050417308707,0.02764883501323762,0.019261242988153637,0.023816420326497105,0.021968818066114455,0.011933761284019554,0.01761756310041122,0.029069716714848263,0.01591345188595444,0.023596815035905046,0.016624748228598243,0.027666398616832035,0.022359746509454364,0.02029623058589556,0.009397449082987612,0.02645809147035049,0.02003946442156752,0.02865661472674591,0.0273040676478167,0.022614914992675976,0.0,0.02313728460370375,0.02605580929484296,0.015957874196728904,0.014096935705937792,0.02612590654200865,0.02926918943401409,0.0,0.027468798682197766,0.022038991881602726,0.01575468780763888,0.017813141963904773,0.02386399437749572,0.01915286238576069,0.006701065587455184,0.024067938301186097,0.02171834644469715,0.027307122276147993,0.02318887416605702,0.02560492812646683
Avoidant Personality Disorder,0.022246711706455244,0.01926665391753014,0.02606549857202508,0.036585052927438716,0.02239912681270952,0.019932415221768876,0.014098197070409742,0.019840594423062453,0.015798104509951803,0.02540998102097382,0.017353796776047644,0.021722549933034664,0.02323098912324613,0.0071090381450561,0.019056002700221418,0.02569764952409307,0.015115896236145236,0.025972316672420753,0.017343309768974906,0.027991154358486217,0.02783481639101607,0.024200638067506882,0.019077142504499222,0.022960277081112427,0.02245342790299384,0.02691510214072809,0.029171729613699203,0.023900791459444643,0.0,0.018566271725043798,0.02931543346686309,0.012562680495547998,0.013156764860395994,0.025970461544428378,0.027181450039232127,0.003399481551743931,0.0242579380738319,0.021864610412703548,0.017594607636199754,0.0204169496481184,0.018828715991975668,0.01803844073482343,0.013162516147293947,0.022665140107555545,0.027238891172855394,0.026805768534787625,0.01898978613618608,0.021235127102776422
Boanthropy,0.01616768007620589,0.024404757959531617,0.025463315861282955,0.02021692057602529,0.03302080101104796,0.0274722256102214,0.006747887360065356,0.02385739837777086,0.014705804087113746,0.02858731757631582,0.02273868784398613,0.025566112874816645,0.020060124617012544,0.018681568479647557,0.01545733897561014,0.02430288830246584,0.02019008893963231,0.020142732985688656,0.023899880561739775,0.027018391320104997,0.017837696665324067,0.01844366754952694,0.008221324906983523,0.026451239160797054,0.015345364782650212,0.02958742044593874,0.022928847101678584,0.023428733477002927,0.0,0.02052586669825362,0.028107809635724058,0.023789760946995704,0.015402725810970843,0.021974302136592946,0.02458860470438924,0.0,0.029774258009506636,0.022228949585555855,0.02394023543662818,0.019739433281159104,0.01872326700392248,0.023170527354110824,0.0,0.024085850274294975,0.01754995984198164,0.02922222933892593,0.024930798424055742,0.03129920399772386
Body Integrity Dysphoria,0.012965843147646436,0.02352534068980027,0.02471118381349205,0.01921758436083792,0.029345992255172808,0.03527301298695203,0.005142636761101079,0.024453006893932955,0.020033974890009864,0.025861915489441348,0.024854942894859296,0.022442806048581437,0.016775876754086705,0.01826547695874136,0.023956130141956418,0.024020266069861605,0.020020467503547464,0.018569596325961016,0.022542264397637454,0.023206169173865185,0.01814451268170667,0.022470098626562227,0.012066058721282896,0.026102149780829646,0.013810984161429759,0.028951340323794945,0.01879814532733749,0.024688586746502178,0.0,0.0196764856632185,0.025167898863410077,0.026097876412896154,0.017656334970674054,0.026102534437579112,0.021248796167463807,0.0,0.030658565745788693,0.025870759217768408,0.02182768934504813,0.01982124665463141,0.023596891812591413,0.02403544056889832,0.0,0.020849460674989044,0.01639896106665727,0.028468707138976732,0.022788081860831845,0.0295179054363735
Brief Psychotic Disorder,0.017311031809814345,0.013841041816885427,0.024241294708175435,0.023288655466146606,0.012349937137147724,0.008811053094900365,0.06043444339603745,0.03705547832346192,0.02951881069230119,0.024473376960787267,0.0,0.037138537512905974,0.03240228829771809,0.0,0.018470499503532727,0.029447075964325175,0.022467709270743305,0.03134201033080418,0.0,0.03012274931904283,0.02706625208949406,0.011283629705655227,0.007847387699462388,0.0264835279646153,0.017810865393530585,0.026778282768284728,0.032169573823828686,0.01928426124282475,0.0,0.020114750283144533,0.01872226932256741,0.010061567137291479,0.01973827837330722,0.030203748360865704,0.03008777215992899,0.0074490924136125835,0.02153683478992767,0.028653250846526604,0.011401847485618557,0.008842655210709316,0.02028020551276641,0.004336929657081053,0.02350894085514121,0.023609121364964365,0.025222973419729518,0.02479768477175104,0.03470008492089142,0.015292218761314673
Capgras Syndrome,0.01470780829648754,0.020522194835103907,0.022476796261283863,0.018148929664549465,0.024178842388737583,0.0232000936401014,0.020519554275322503,0.03346570864742356,0.023443813921220247,0.023934121887663713,0.013357349720183579,0.031368186424315554,0.02502182080204382,0.010399416036631642,0.018946482992642278,0.024896757807531214,0.02108455964881725,0.026861137274480702,0.014707300283129396,0.026971902530615675,0.02186493060720718,0.01716304810007074,0.01183591619145128,0.02800711868217094,0.016264389458431026,0.029633433963290018,0.02502868266108646,0.022301649929985033,0.0,0.019017694468152994,0.021742864569791794,0.021980800614094145,0.02104162584155535,0.026465659618493273,0.02317102794243701,0.0,0.026373027620968305,0.025600096848120472,0.02019250312554479,0.015217138253340453,0.021700897791822233,0.01715784688670394,0.0057726524338609685,0.02254676138188807,0.018816876556979695,0.02813141598214798,0.03049344766672327,0.02426571543193198
Childhood Disintegrative Disorder,0.016963672518143548,0.017357428996631077,0.021558115764508824,0.017867044370169307,0.01842691332020041,0.023500439688172167,0.020209973792157113,0.028985424220372525,0.041376277991310384,0.018185413183847282,0.019570023816600075,0.024970350877239846,0.025186330005460847,0.010721001876422602,0.02350468788980078,0.026552877056915423,0.017348572951404715,0.025809808940516144,0.015223279996580992,0.021705274809774827,0.03025185084633133,0.017727106821014995,0.013379949554348385,0.02952252432742448,0.02662566464209964,0.02581527641963343,0.021421084269127314,0.02741254350855945,0.0,0.016357625660299756,0.018852575132859265,0.02317387207554885,0.027565476589008545,0.03203472135527646,0.01898762116473993,0.0004233206294657182,0.024628889353946658,0.024094365834671897,0.008769950395223037,0.013280618797917589,0.02514275992141472,0.016533272132548002,0.005715690551407461,0.019321364732531137,0.023715154183576042,0.02624733024981815,0.029960953831410928,0.01801552491219149
Chronic Traumatic Encephalopathy,0.011323213338962607,0.027457746566948927,0.02621375489714102,0.02214641237009642,0.02760504957954061,0.023378726979031428,0.012912552560894765,0.022804481483211916,0.014014399101673774,0.031886197319237884,0.019992190792874995,0.024267197638811057,0.024194301627133766,0.01689732984808253,0.014870402411394526,0.022836397500876297,0.02263856685825164,0.019966837702634296,0.02248064380544749,0.02612224252189448,0.0176231685699359,0.020066426281216083,0.007192743256776987,0.024046642180881348,0.01581373418666229,0.027049192290374526,0.02564296507227438,0.02546230975176116,0.0,0.027260267146622157,0.026376952962042316,0.016627948215677178,0.014062438175486632,0.02426082872361433,0.02940822317718808,0.0,0.026472474822704654,0.02445245821975607,0.02141615854586229,0.023227421150547378,0.01873321253853976,0.024871480943794076,0.0,0.028798987521574095,0.021570880503743426,0.02726289654027554,0.021704337907584036,0.026587206379078673
Circadian Rhythm Sleep Wake Disorder,0.012805510654727426,0.026528547390686368,0.02335885884432659,0.01934676977845524,0.028086358808111472,0.028740072243163373,0.0,0.016279382035358208,0.019291125980708874,0.02557262455407922,0.04078661318062064,0.013788061760590564,0.0190936833772621,0.025477119131145004,0.018611854566236676,0.020905023697520172,0.01854124355773208,0.017932617888198266,0.0324242611804772,0.017198657154562598,0.022972871719156192,0.02649399571935715,0.011429090750932758,0.02503085005936424,0.024143568400217478,0.025301621206774424,0.020348613911202674,0.029486656471440553,0.0,0.025006608090749383,0.025794713846417495,0.021084812681944617,0.015139544415895299,0.02506571143988213,0.022611579428984886,0.0,0.02407393304737502,0.01915227389772756,0.01613998964915237,0.027791852874265343,0.02224367195780066,0.030077678522090655,0.0,0.025107348795911626,0.023231709554678452,0.025160172722627154,0.01718402092343334,0.025158724087869937
Cotard Syndrome,0.017299431381059865,0.018909802106068546,0.023980591119523314,0.02010670222720698,0.026218680279132024,0.021546082961007393,0.02081009202211109,0.03174118338939181,0.020436520423656256,0.02577214864692482,0.011447728098215235,0.03386364710617804,0.024611188854200106,0.010763702474630953,0.016124870909489736,0.025608444632791962,0.019497585639484647,0.02618366127246714,0.013640170133340268,0.030083528766893748,0.021236645248662044,0.014252777635745482,0.010419271887945175,0.027030257074659184,0.015094812884211734,0.03036604833893437,0.02642289417690411,0.020724158730998376,0.0,0.017808071703726565,0.023789764367044434,0.021238982360346374,0.019667551431359034,0.024643080383995663,0.02478806970997337,0.0020016423878670224,0.02783650591578337,0.025148707035897673,0.022698187615619543,0.013294873629308436,0.020218478647129293,0.01529733854712756,0.00885304643476332,0.022951954261303014,0.019673414830746173,0.028657496267836903,0.030767248847346853,0.026472957167127373
Cyclothymic Disorder,0.01019664380696989,0.02625834751740979,0.02231633589807727,0.021693545800382418,0.020754513218180747,0.016248347469494735,0.018317140829632924,0.025543794578027735,0.02079600904269968,0.025922500444307335,0.015993319074841614,0.024829352406803104,0.0341638281986293,0.013406794844563797,0.011627988291616497,0.02128461299173603,0.024043258278350077,0.025911063610826134,0.020019863436514858,0.024482332025753072,0.025385176413500958,0.017088950925322154,0.01235216348386327,0.026724420979437433,0.024647894573590297,0.024825008006448657,0.02759974228735914,0.028810415152149247,0.0,0.02539485657201612,0.024494748274377382,0.0180494630223703,0.02265184607940246,0.025851046860824838,0.027901487473588515,0.0,0.02041655819812381,0.02234686452897701,0.016846980283644102,0.02357112420164869,0.016783592674367458,0.022839497752295056,0.0,0.02776595741270041,0.025499252497135482,0.026176064348132657,0.023995278395395513,0.018172017804348132
Delusional Disorder,0.014278466372809863,0.027110842268433473,0.02064866044371359,0.01130764134507414,0.032922332773970636,0.03013376015297698,0.0,0.01808313794677284,0.015078176378154971,0.030837575150000886,0.0363494247265404,0.018496639116795055,0.022836171857714176,0.05819221231521007,0.0101946107771474,0.010874589477963294,0.023657959478798563,0.008366371632136063,0.035791150027627824,0.016497872702818155,0.013128294943647877,0.013718947330115566,0.005166267076603921,0.022053203688750207,0.014918762982044597,0.02333520852567209,0.015656983619245536,0.03373666229900044,0.0,0.022643488973529025,0.02786358425206883,0.02918203284229328,0.022424214114056887,0.02005020273263292,0.025170502378940907,0.0,0.024615262288561965,0.021180693736544458,0.03157973680806932,0.029810878327873044,0.014058762574446495,0.03325365011990629,0.0,0.021508864322033985,0.019650377171162695,0.023361093730463068,0.019333081090372555,0.030941649069113477
Diogenes Syndrome,0.018051008934307427,0.018467598770524077,0.024066100423737354,0.02392975977306932,0.021505886416185737,0.03120213605728119,0.01404120353006592,0.026009907002344984,0.026098364265785254,0.021425462853618942,0.020964389842545006,0.021876242937762268,0.01563681425592264,0.008048519524910754,0.045942034203661324,0.028502810973528588,0.017021009301823414,0.02228039393561421,0.012891401789802378,0.022400749958660187,0.0243601886645139,0.025930393048003347,0.01648846136167121,0.025015280019187014,0.015849058749099417,0.028119315275210537,0.02092619387945416,0.02217698083546628,0.0,0.018749237512014842,0.019979310415868975,0.01725028937063489,0.016012681867169497,0.03131051208746282,0.018513627718341828,0.005603315030165469,0.028087337587896236,0.027453664297277598,0.013418242621968928,0.016658917709526284,0.027695064631517635,0.01735905852546768,0.007288769601666181,0.020222092036868738,0.021126114571511527,0.026488023986057176,0.023774039289810707,0.02378203450907411
Disinhibited Social Engagement Disorder,0.017328367799729117,0.019193448725399728,0.029114507285491385,0.023659670450177837,0.024790727058525436,0.022937930501035392,0.016412571353537467,0.025058885162914855,0.02161618958411168,0.02412369570898135,0.01726442017687709,0.025472316900566755,0.020985446107791707,0.006294583223458399,0.020897601771584458,0.03368363689659522,0.014650119529354001,0.024987152301649766,0.013363592364801342,0.02763029907485447,0.02584042294552992,0.01962193511362016,0.010405212371264978,0.0293466901155319,0.021362001710017182,0.029683957161878258,0.026832579533840478,0.02111838029601529,0.0,0.019021870521050675,0.025592180304605687,0.01775360724987873,0.01647829913147845,0.026785139743584572,0.025647450825514825,0.004348442319097403,0.028514552705267916,0.020829175564666475,0.012795484118147848,0.014312026045387572,0.02559426064588244,0.01522615573467119,0.011434228954997253,0.022111820715646553,0.0208515512030454,0.027627644164482577,0.026203575585493955,0.025196193208281124
Dissociative Amnesia,0.0034813414112628265,0.032626445062893174,0.01975192158477797,0.017247474186199034,0.02552383434277787,0.023693375951179863,0.015519208153502764,0.0263002452739054,0.017502803813051946,0.02963749476097016,0.018976517007658136,0.024034904239694645,0.0293779902105028,0.01697101059630318,0.015465728343893821,0.018155887383540587,0.041744117987385594,0.01709326024962505,0.024895620351543572,0.019224467457443103,0.014642699342070045,0.013738704394939714,0.0030551408700179267,0.02633329036947409,0.015804591753492366,0.024377303081769535,0.022270598418304206,0.028233682706837366,0.0,0.029784517676836587,0.02540908296545586,0.02576983470536019,0.02091946988426758,0.022527942426551824,0.025420690031903524,0.0,0.02300903239688327,0.02833156657885613,0.020545617645511036,0.024413516169401378,0.017597268099975184,0.02840514486932785,0.0,0.03098859965701413,0.014677069220153625,0.026644259500877537,0.024832410269048248,0.025044318555815057
Dissociative Fugue,0.019000285005064284,0.019318544162624806,0.024079772689986914,0.02436443407533011,0.02093534480521759,0.018067964607130504,0.017798837961474072,0.027546961182510505,0.021408325290360623,0.02149096342464287,0.015089518329714566,0.026536642324494358,0.026029632570416007,0.004934255230471963,0.016644163407506272,0.025459338379449446,0.014053320216751028,0.034320161787476114,0.015372245399638341,0.028281429658137288,0.027916080201697415,0.023401723129432353,0.02113472877573394,0.026893338576507185,0.02473612594458366,0.02823841323268467,0.02958353778411314,0.023335897588005465,0.0,0.01889183205548714,0.023691754510120816,0.015195771637716028,0.015125603424759344,0.02646755053727368,0.024255790258937093,0.003196680883719923,0.022024546697154573,0.02066466366359749,0.014109755047346684,0.01920961341854459,0.020730280434390694,0.017995645171473243,0.013395947765636554,0.022739206321567142,0.024981796959789266,0.02725791734662073,0.026092776870549284,0.018000881219840153
Ekbom Syndrome,0.013500798186726438,0.03093694723852163,0.0200778487340894,0.019254876009425985,0.029398187767933445,0.025957772027656516,0.0,0.017850293724634307,0.01494408217934136,0.028636401846760043,0.03228976452208115,0.016360572266104104,0.023801647241562942,0.024981770705039718,0.011397309882212013,0.01611449409065995,0.024223678630926,0.01819283644892944,0.040617429273867856,0.018254610533787925,0.018438962396111848,0.024346506784688932,0.01296809617074285,0.023501350496560484,0.019809202379170866,0.02412179871805749,0.019878151295081484,0.032320883015807336,0.0,0.027176754550362635,0.02712231352399401,0.020328213042503665,0.01311447236311987,0.022816326669736205,0.02283690039620911,0.0,0.022969658418914445,0.01972033441921441,0.01961107912905831,0.033288394707624604,0.0168979806850322,0.033450673081098725,0.0,0.028151261436199674,0.020850592499521068,0.026717664747398364,0.01803306390596033,0.024738043816953378
Erotomania,0.019063040793110653,0.0200066625682217,0.026805421179946314,0.02493087142320111,0.026661969102455493,0.0214378502571053,0.016241660135057706,0.026262247700709018,0.017093626296617984,0.02669488567588627,0.013740332190216462,0.028947788099665927,0.023351059562975018,0.00923811613145291,0.01588812598762961,0.02672926065467601,0.01500649839930551,0.026851736124660436,0.014644699885244208,0.032585195982403524,0.02284262069185983,0.019063351500501015,0.013655696764725235,0.02576595528548178,0.01826014323008344,0.029522425178697832,0.028278047699499362,0.021524014299777426,0.0,0.01807357326076642,0.026290457012962384,0.01774146244836795,0.015112244762396483,0.024130741585208382,0.027099200765447716,0.0021547713548383464,0.027580099079941658,0.022242914658205774,0.020982513202994345,0.015917257571009504,0.01742009758016011,0.017836956983868255,0.010546862117252684,0.02321391515936502,0.022631653144429574,0.02872490328638785,0.025701093201620354,0.02550597999102498
Factitious Disorder,0.0203553090922727,0.01677857772927512,0.02360858490757302,0.027017059906663286,0.019182472437105608,0.018266534559152194,0.015903657286646868,0.02320072146182917,0.025962944320808205,0.019626130336158537,0.020000969886031724,0.022269250226753693,0.02638560576196788,0.008011187002299544,0.01882885189000916,0.027241690418972665,0.012456019183171966,0.02888407895314223,0.016120461037766338,0.024893101126471875,0.0355102240569505,0.021683584762923515,0.019123367671665836,0.02780819052427659,0.028590775150178688,0.02655529457859267,0.027241654036432077,0.025882509622890085,0.0,0.01638296507368465,0.025076455759025423,0.016010080526600606,0.020984952782058256,0.028210964193398747,0.0231293003726747,0.004776503422500439,0.02227533468146756,0.019438093164635063,0.011607695847613305,0.017807469343660114,0.02252881906856339,0.015914374233946867,0.013329117675919825,0.01986662810335482,0.029331139548397757,0.025724314074601917,0.022499058067053154,0.01771792609735153
Fregoli Delusion,0.016361267296729275,0.024089157028934754,0.02425632601395755,0.026587842266314755,0.022450170621048083,0.0256048587895815,0.007504543227860289,0.020613624400120014,0.01722052570223627,0.025294568159632644,0.026108972596086823,0.016917093301271464,0.020105220386052634,0.009475799987627409,0.02268604784309857,0.023414388649632897,0.013228495522568284,0.02740680911604468,0.02409262880972381,0.023514669711271804,0.024543564381727223,0.040193883063171884,0.018117195137075576,0.02222263152076411,0.02187055762524229,0.026161972069337538,0.025730203400255808,0.026339872003339093,0.0,0.023907413903869086,0.02431050259867092,0.010105758560288896,0.009372736075725757,0.028224391717940955,0.02545484466060597,0.0,0.022078389105903408,0.022984790931606047,0.015935951236022136,0.02843970857779936,0.020727701187400544,0.02583009200450809,0.005018600993496523,0.02446970976979237,0.02787428277504592,0.02641155009283191,0.016802468882391983,0.01993821825519921
Ganser Syndrome,0.0249499743971612,0.017335619322128914,0.017412948216355383,0.03249543052778159,0.015515538984465161,0.021317463857436096,0.008091950955411768,0.022040148412426762,0.020151886758892443,0.01405738334842593,0.017462511139437344,0.01917415793747347,0.022531451007338058,0.005532541045730035,0.022365703805624734,0.019250615979897565,0.004560879621915983,0.03837602703766467,0.019896489117540463,0.02611597150298033,0.03356012899810153,0.028089477215325648,0.06231787834464281,0.023140563130621322,0.03224830649898503,0.0252381240900232,0.028852176316541245,0.025156574830167946,0.0,0.009260228297258519,0.02713247178288269,0.014384338911599326,0.00978595103086996,0.026542894203425493,0.015100863977788362,0.007133995712515981,0.017682944814754086,0.01580094664172032,0.019378413657399784,0.027256802403682917,0.018716600496019864,0.02555282551899152,0.015291461946172797,0.017079913283533907,0.026840418509241803,0.029772597686843743,0.020680577795207274,0.009367830867277254
Hallucinogen Persisting Perception Disorder,0.01340568657086762,0.022606711115466343,0.024674138707269956,0.01968372356462292,0.02512419979047103,0.023209593775223438,0.013744379310001435,0.026248363160741663,0.022378753274454845,0.023652961881523264,0.01924827322557777,0.025035153961586825,0.024534408684662664,0.011886134509180796,0.01707768379514604,0.027325868196129876,0.01978534642824194,0.024577019449019473,0.0181473914278408,0.024800459732603784,0.024561401126246208,0.017340808437263096,0.011646490706657471,0.03136417151573468,0.02245919118609902,0.02831166335541758,0.024562617933038048,0.025139164029820023,0.0,0.02040255927852114,0.025465657167035863,0.023045799283236582,0.021257601640249466,0.025387306842390867,0.023963690346291262,0.0,0.026118958062416903,0.02149690125303878,0.015565879739992487,0.018151929912527294,0.02321066240041638,0.01970995525804744,0.002515735443598663,0.023080158886119875,0.0199234662423038,0.02740032831878086,0.026189697258076645,0.024581953784682944
Histrionic Personality Disorder,0.015024684134014638,0.023813952364716208,0.024068209442774494,0.024790596057169628,0.018771441153585918,0.015815760238238313,0.011904427063643372,0.019631150069939138,0.025993037911631645,0.020032710218649656,0.023910674009338696,0.018005368238648546,0.029142130732111297,0.010355616282014564,0.013934816627983047,0.025617159483588326,0.01529311648530352,0.029113227937943718,0.01969983368588524,0.0226355914120768,0.03252224529926963,0.02197899828821508,0.020902693739337758,0.028924662196447817,0.04039317616769659,0.023785331508651343,0.02820351507804112,0.027153353591851507,0.0,0.02157929972648541,0.025300371492368127,0.01624446807238558,0.01960338522976423,0.026864929330280098,0.024686725321432738,0.0,0.01858132211930859,0.016678932534941345,0.009317293898873605,0.02228732848195171,0.02064661094442363,0.023642858163335206,0.005442329842572033,0.025649223091738494,0.028126600000974455,0.026158579477092072,0.02233089053804364,0.015441372274868317
Hypergraphia,0.016883634311306957,0.02073773822660387,0.025596218024778745,0.022100067105145334,0.02691663385829726,0.02465626925383675,0.013310655531896162,0.02660009594182929,0.018742460592181723,0.025483132934911015,0.018635109683264327,0.026937407557720092,0.021828511191942037,0.012046144422654066,0.01838636037448168,0.026473055300318526,0.017542505260670405,0.024716798130798738,0.017840150101699894,0.02721654174617237,0.02246461389422851,0.019552926185975584,0.012165939714033598,0.02711644880091524,0.017688966233950488,0.030040091266018785,0.02558643701373363,0.022496529104046016,0.0,0.019428582324843825,0.025317566169203658,0.020289317249628076,0.01677416930324214,0.02505169182324167,0.024479987563689364,0.0010673682646807168,0.027739085034331583,0.02287960335992137,0.019464705430724687,0.017332198133119352,0.022111093330512095,0.01855043710559383,0.0062956859277005905,0.022759292567317655,0.020203961795680833,0.028071894935664927,0.026011094677013052,0.026410823210439548
Hyperthymesia,0.016666288553164453,0.022285566680570346,0.026557639365656464,0.026083804811509893,0.022714703068626947,0.017433512372904136,0.017412985192092625,0.02446529269823314,0.016935673734958724,0.02630740200516001,0.01632035635736277,0.025524609439690177,0.026427187584770362,0.008801479438909512,0.014900212895522052,0.026058889122996382,0.01745215443224143,0.028197670525564114,0.01600943512622804,0.02838844047512744,0.025095306854832036,0.020940917435741318,0.015145317016012733,0.025618475518603835,0.02284060930306373,0.02786255991172125,0.032712403145610414,0.023495050375340325,0.0,0.022554956063078783,0.02618249848315555,0.013799781436451497,0.014903242473836883,0.02496974278801339,0.028605277572636898,0.0,0.02257059221551005,0.019889547201985016,0.01601067752024919,0.020650200926905796,0.01849219068519996,0.01968172371431108,0.00981023228028491,0.02616949782046431,0.02507364955041128,0.02695367162421737,0.024492365964736196,0.020536208203624833
Impulse Control Disorders,0.013298285571371029,0.02621847632599064,0.02185533978545593,0.02123349723903867,0.023060787982367128,0.022749225052631012,0.010371257442463784,0.021659573654626483,0.02153331274540917,0.02595422127433558,0.023497454710485022,0.019890977009266748,0.027409172385731363,0.018843005756378112,0.015689356650271016,0.020377671850316595,0.021982909683639786,0.0220997885721247,0.025863287023979355,0.021469200389786978,0.023690046147868193,0.021299363758819773,0.01312054230546745,0.02605133278437079,0.021848841116742044,0.024340371650242557,0.023344085535230433,0.03250221322766622,0.0,0.024286267283952088,0.025606862539697888,0.019971898806099442,0.01995069943657599,0.026278215699110836,0.025474752776730576,0.0,0.022264711150414035,0.02165882043551806,0.0156724111047284,0.027141192185905418,0.018382865481668967,0.026341564355733347,0.0,0.02503936047477885,0.024788634678848502,0.025224622887526603,0.020230140053889133,0.02043338298424303
Intermetamorphosis Syndrome,0.09287069779904616,0.0,0.0,0.0,0.0,0.0,0.0,0.0,0.0,0.0,0.0,0.0,0.0,0.0,0.0,0.0,0.0,0.0,0.0,0.0,0.0,0.0,0.0,0.0,0.0,0.0,0.0,0.0,0.3642912897335409,0.0,0.0,0.0,0.0,0.0,0.0,0.30859598491864954,0.0,0.0,0.0,0.0,0.0,0.0,0.23424202718447215,0.0,0.0,0.0,0.0,0.0
Kleine Levin Syndrome,0.002130252095654124,0.03383663239002622,0.025969546595575176,0.0191568158748413,0.023464765076764055,0.02105752309386028,0.012564130227476019,0.021451622738831125,0.014923515969724266,0.03227228295938674,0.023144055079061206,0.019851141106586312,0.02805960451192872,0.014688612952075427,0.015405496524314508,0.021317513885963722,0.026933797639761718,0.020779115645005113,0.025257331803819855,0.020937556528762558,0.01741571877939632,0.022453029463337167,0.005609334579566744,0.024555746350903632,0.02016655216171611,0.024414181822091516,0.026027463499590817,0.028206561413474197,0.0,0.037748726997079096,0.022567868225434055,0.012870052718597895,0.013273518224475651,0.02679983950882668,0.030819864232709576,0.0,0.022442798910927497,0.024337912386849563,0.01386871218632551,0.028114397017577446,0.02165446545315549,0.029258970091676287,0.0,0.03502377283490261,0.02241496833191474,0.025680883718876692,0.019497061447355243,0.02157628690607233
Kleptomania,0.016814345303942026,0.02330974364617727,0.02510378726228085,0.025964361274131223,0.02758191465591215,0.023120084268179183,0.010038272308148587,0.021052406435070073,0.014764007938532728,0.026804450374365484,0.020492648041790525,0.022763624949632237,0.023232260156673443,0.015515190919102865,0.014091437039713642,0.024619165088672915,0.019723260593995127,0.0223682963689631,0.021637112835450792,0.02614344462582248,0.022882198711805097,0.019598326284535016,0.01410787853408771,0.02630910527591525,0.020295693950099867,0.027308994927861673,0.025934844482713344,0.025528685076486587,0.0,0.019371945461128366,0.03240298433638942,0.021051695264805676,0.017117985985332627,0.022207823935962295,0.02610503363181662,0.0,0.025600282588366656,0.021084522729856104,0.021904019952042778,0.022571126399495548,0.018264797677945012,0.022250172615278504,0.0026419853283583894,0.022983078160382846,0.02250467881749108,0.027559684586808155,0.021388449278930424,0.025884191887145334
Koro,0.010271246360540706,0.021919190127432993,0.02030995494443665,0.01469815699053674,0.030838037256476086,0.0316699127392225,0.007126320618387388,0.028114329852303655,0.023973499764183268,0.02232133620431935,0.022127704232013514,0.026846287041153907,0.02261424076501403,0.021465199463803552,0.016072018317606525,0.02256066442936304,0.02642412398511089,0.01895211516244157,0.021422543109527802,0.023305226803950304,0.019298535742854873,0.010762005467004346,0.009880103697006665,0.031451561334551896,0.017213997916383252,0.028910156323900576,0.018056934099888906,0.026302115261676935,0.0,0.014593594349991426,0.02780906061418986,0.04280399008994564,0.029087675338241636,0.02058809771678188,0.01848688661565881,0.0,0.029353180087915532,0.023040175399747242,0.023601919752910334,0.015825240051995034,0.018965598178780494,0.021968631963024916,0.0,0.018978420085960443,0.012837411778492807,0.02830519520306095,0.02843668014510159,0.030410724574305558
Landau Kleffner Syndrome,0.006877689818009951,0.01988014667944937,0.019592049366380575,0.0168093494029073,0.021802960083781128,0.023397178080039025,0.015266174502235675,0.02938899583462833,0.031140068515148462,0.02061405242184268,0.01735004644282227,0.02714701257717285,0.03099149680346981,0.018011830136270834,0.016291434769735005,0.022866457299636718,0.02342398951636584,0.020600077884771396,0.015091898253510767,0.021677745876690226,0.027622314333273387,0.010899633690828992,0.007339996595018547,0.03168005474691306,0.022684465465490824,0.02610028523962257,0.021294811345128402,0.028691329301647396,0.0,0.01643573836560083,0.024692958977856776,0.03176363805821414,0.0467418050034729,0.02569998617662284,0.022030381312994354,0.0,0.0249185069711255,0.02410066859773582,0.019997788654036844,0.01555884958218643,0.01934930985582776,0.017064608390249585,0.0,0.019086065596763086,0.02350193454623522,0.02474028587948321,0.027006179366803447,0.02277774963525817
Narcissistic Personality Disorder,0.015462155650855009,0.022287434177535558,0.024882341646219594,0.02273768219535966,0.021315606745297096,0.023703382836382472,0.0160083484355414,0.025331033463920027,0.024799318223232482,0.02437098679157937,0.019684872373988242,0.023309420456278755,0.02423716489076446,0.011036315612432266,0.02182982034609937,0.025470950462720396,0.01728607727314844,0.024702143272840482,0.017992996895968328,0.02372031997992972,0.025446890964694806,0.02249235026742572,0.013642872761208177,0.02592704513753649,0.021303350392534535,0.02671197653417966,0.024449604072240085,0.02589722021430453,0.0,0.02274050446084248,0.021952864995923943,0.015406435774213727,0.017611551708278037,0.032030978931253486,0.024586652583859326,0.0,0.02536958636633196,0.024012774096516632,0.013278393360403247,0.019339296170198982,0.024062533695359833,0.019931158027821916,0.004549520441391424,0.023812212002241023,0.024140481845234867,0.02657869872854344,0.023850806850148353,0.02070586785518912
Olfactory Reference Syndrome,0.01200310481057268,0.025809399120011223,0.028521164552146126,0.024348702546613966,0.02440355919972002,0.019742341632958647,0.0163159511297493,0.02269092319854777,0.015039244774587792,0.03022546193955474,0.018168544865848662,0.023989205778188378,0.026765029000483796,0.014175353767653201,0.013206514007872091,0.02495353738457787,0.019957169069298626,0.023161836565557578,0.018426023278273647,0.027254802278296724,0.02134597391307153,0.02075474381686445,0.007941380905042662,0.025039564413451038,0.020029143214792364,0.026706491399290207,0.028657652173816675,0.025686440946054715,0.0,0.026756869560173244,0.02640256599812411,0.014154235378779577,0.015446263014247416,0.02515568127185822,0.03277229765507751,0.0,0.024262110687512866,0.022681874871658965,0.01792661421147337,0.022631615921925335,0.01862839342149793,0.022448282092281523,0.002123276839884226,0.02779957855263425,0.02473540134200493,0.026334117294660325,0.02108578697646371,0.023335775194073642
Othello Syndrome,0.13341662866579662,0.0,0.0,0.021307779966944416,0.0,0.0,0.028264938053552582,0.0,0.002346103754766637,0.0,0.0,0.0135544519391248,0.0,0.0,0.02796816812869386,0.029603559885672367,0.0,0.0213589136452017,0.0,0.015163870206937134,0.030845078731412588,0.0,0.02625121369589301,0.0,0.0,0.008147835282975148,0.0,0.0,0.19425432023427627,0.0,0.0,0.0,0.0,0.0,0.0,0.2293132779193855,0.0,0.0,0.0,0.0,0.012137591033336538,0.0,0.1939802249552318,0.0,0.0,0.0,0.012086043671485648,0.0
Palilalia,0.015848030640022246,0.021578058411496265,0.02659462748730318,0.02159010588797599,0.029360126356343417,0.02830178664683182,0.011603845211181862,0.025660466106129723,0.019381972968404642,0.02703313365308973,0.0192191413658953,0.026766129093700138,0.01945900271736442,0.013773495658700405,0.019906959381304212,0.02756462974135171,0.017947652130928943,0.02089595523044039,0.018413938184282254,0.02756005383508292,0.020425627257878342,0.017885949296727825,0.009239458294337347,0.027116061165441678,0.014978667677709931,0.030067371324820583,0.022466482489866796,0.022305332781741447,0.0,0.019358837959670125,0.02572552967235178,0.02232931915538653,0.01735885658064255,0.02578978677961195,0.024106061819347047,0.0,0.032561513027880996,0.024570346887736266,0.02046927519325135,0.015119747945283948,0.023262413318216785,0.01874740737989636,0.002836124949078112,0.022425978807038394,0.01835607528709398,0.02884478987800278,0.025360010242697524,0.029833864087898496
Postpartum Psychosis,0.011567639887808652,0.023955864098189276,0.02332908678936841,0.021276216528727937,0.02396556557393728,0.026110967332829502,0.01687896143897897,0.02723315314304815,0.02073100826613778,0.02730084831328209,0.01671702706719043,0.02643858925283071,0.02328661766623054,0.012957811505290365,0.021273867195016567,0.022014531587064085,0.02416193133263205,0.021435585988845856,0.017284554419662642,0.024301199115536725,0.019487520834442752,0.020358085728234554,0.009026653944369396,0.02440048097543735,0.014699974930224543,0.02711462417514147,0.02164555831115635,0.02372346991045977,0.0,0.022952889116295033,0.02316514962275568,0.019162751680669346,0.01835608065715046,0.026688764478930708,0.024639302263601788,0.0,0.026863528530557082,0.03560052034345443,0.02423776871586226,0.01721280592833887,0.023141964316612067,0.021108833770252054,0.0,0.024296314567650402,0.021152663370530775,0.02819747947249017,0.02411909246133643,0.026426695355837734
Pyromania,0.014645196717260523,0.023804770687533658,0.02077070504311349,0.021323950586172105,0.032146417570698825,0.027438285750287932,0.008365318282396327,0.02675357980639626,0.00939804422880619,0.029780405896974393,0.017545969759105953,0.02972002842391548,0.02186489051753082,0.024062204123443797,0.01295022124896172,0.016843390352695695,0.021823061726741522,0.018228961029401212,0.021408233246585934,0.028551500449238713,0.014493870480440266,0.01757963267086476,0.013787874823410743,0.022005519179656458,0.010227595888048667,0.028730180641828095,0.02170146382219987,0.02138034204169448,0.0,0.016290169144181174,0.02997302557356613,0.024448647745381268,0.018970040743466712,0.018380913319618334,0.024253987555398326,0.0,0.02787338134474258,0.030187563383162332,0.044339599776701565,0.020033570735499696,0.014486508733550653,0.02474476495930895,0.0,0.02215721350578647,0.018712308644917023,0.031014639733940818,0.024416225737024587,0.03238582432400991
Reactive Attachment Disorder,0.010100904166100601,0.03207575456714743,0.020967591446571607,0.022092533319796978,0.023664940912733617,0.0222457348358712,0.005792372906871416,0.018000779380995043,0.01270647945444561,0.028837434013825568,0.02697479833381254,0.01554206899331259,0.027313170490848238,0.02028001408706197,0.01435472611561849,0.016820561507034894,0.023152260096312577,0.022157851485923846,0.03244432685772006,0.019337763976981222,0.019852131413559383,0.0280106718536261,0.01731492422637481,0.02291117351721656,0.02184280249806516,0.022840770275533936,0.024990225815995835,0.0330578293728753,0.0,0.029483891990035094,0.02757570158128316,0.01463606738338425,0.01317741888347761,0.02390170055844697,0.027338017807078896,0.0,0.018382235384506136,0.01914051747615078,0.017886482570519936,0.03958752481326042,0.01540570447408612,0.03383870385671944,0.0,0.029557048351707322,0.024940739633257294,0.02529192403825248,0.01564932918086722,0.018524396055146795
Reduplicative Paramnesia,0.014308033889846241,0.019730914337075255,0.028055859713684704,0.02034922117631461,0.022419442129141827,0.026451056200180595,0.013268401362285428,0.02563943501147349,0.0240265991338245,0.023229523765879313,0.02156351785213838,0.02360725651938746,0.019424469956679298,0.009552411075693698,0.023835427044941567,0.03004376708459376,0.016667894256853766,0.02388287611279904,0.016449517042244014,0.021137860195233747,0.025085097291264468,0.0203902217859993,0.011875313583121041,0.02926068506410981,0.020210243482346152,0.029103133072282423,0.02235150075458088,0.02236305074297501,0.0,0.022681717247640815,0.022287462738755336,0.017519151379521987,0.01636781754424209,0.029703109644643108,0.02247497854750321,0.002092830582035945,0.028247561707909874,0.0257024574583597,0.01291822186225097,0.015387001252314958,0.0395394637682625,0.015907941816046264,0.005823113299616795,0.022388635481402568,0.020366161834936555,0.026790565977063502,0.025189150129088407,0.02432992805191618
Rumination Disorder,0.006568977949693576,0.03399636479165297,0.02134706186964572,0.018482046502519972,0.02630286564941829,0.025542551711483636,0.002690002006753151,0.019218412670339684,0.014978286918367233,0.029238404410410108,0.027642761169965932,0.016933116679400253,0.0250596368172026,0.021420480430170454,0.014163503655609963,0.016944394058171046,0.025506829064244292,0.019654990911525155,0.030870749976568433,0.0205189522108247,0.01679928919244332,0.024089109226618655,0.015370253235528286,0.023556272559135734,0.021940510364975806,0.023147689706137647,0.022553057837031966,0.030379692962886697,0.0,0.029054370942985797,0.0257396789769017,0.01923860202677854,0.013685025134096883,0.02332475406064402,0.02567621318690728,0.0,0.02158198528830253,0.022226068401141347,0.02091925995136384,0.0320412996488745,0.015081271943012039,0.037484761540210555,0.0,0.030504478166586933,0.01997034666463558,0.027488646770285306,0.018724045237985994,0.02234292748307703
Savant Syndrome,0.07627032133116315,0.0,0.02369462131544981,0.04278499295069788,0.0,0.0,0.04625990879939231,0.020513115224178185,0.016427577410495244,0.0,0.0,0.03108960812232077,0.0,0.0,0.018866886509438453,0.04036864223176577,0.0,0.04641735125979257,0.0,0.03849099753495777,0.04463794831995883,0.014848375402913068,0.029180490294489592,0.00953866032753154,0.01602260370800676,0.02492286941434607,0.035663427219497695,0.0,0.07646668553864734,0.0,0.009696201366076603,0.0,0.0,0.016890855414131503,0.007704704155605385,0.1005968754518374,0.010358026525350734,0.0,0.0,0.0,0.017513812686052017,0.0,0.1189203655353676,0.0,0.02956597860922239,0.009686790740609071,0.026601306481784003,0.0
Schizoaffective Disorder,0.0067699348952316475,0.0307806780075893,0.024180464924886604,0.020932968006699693,0.0246462283261019,0.019972312667314276,0.013199922683974314,0.02276461092775136,0.01577838202869396,0.03051761428692716,0.020799806805771516,0.022901399846542766,0.027461370861193102,0.012489029777521799,0.014872773058344448,0.02218102527072724,0.025083189048861258,0.022387317834953784,0.023418631689710447,0.024071554921572966,0.01890370096986858,0.0205705044928234,0.009260812507093171,0.02486457631450726,0.02145568085661155,0.02559962480152709,0.027030808036005174,0.026030732342437923,0.0,0.031349939439234614,0.023966205144010176,0.014981382414073855,0.013797074905161294,0.025119189251269984,0.02866206064485046,0.0,0.023271421897915843,0.02306004472984231,0.01688493772204001,0.025227766505407215,0.019132553641337733,0.027496976144379078,0.0,0.033789058387430605,0.022365896024589552,0.027136807120157955,0.022386214278972298,0.022446815524294315
Schizotypal Personality Disorder,0.02001936476101815,0.019950017906497197,0.023722272653188856,0.027350521110246762,0.01952398167908205,0.017078654190548402,0.015331746296377402,0.02065510364496983,0.021054958995172172,0.024851065393152773,0.020923936524049554,0.021341546560412206,0.027418316708162915,0.012404689298103492,0.01689231916394032,0.02274046077329269,0.012915877629398878,0.02673955751496955,0.018857574673784898,0.025513838933445332,0.030342781663782202,0.025475552134770627,0.015821821943018854,0.02333516879098845,0.025579326288423035,0.024706723748650388,0.028156908542937932,0.028016865194416016,0.0,0.021813014478770015,0.02551336115570008,0.011017246988021935,0.01847047233642104,0.027685705257807235,0.027726301348941648,0.0,0.02070880896371968,0.021826725200919234,0.015502990181037998,0.023143596475938912,0.018921618581123602,0.01957089648655886,0.009133051180188681,0.024315885001630563,0.03673498513803544,0.02496425899154599,0.018466502721517054,0.017763626758586084
Selective Mutism,0.015755110561188453,0.02372366621666291,0.024422331881341644,0.02203870649128647,0.026618726026986162,0.02427653568651159,0.012342073655910554,0.02528442563096776,0.019080741160017966,0.02571762099307569,0.018554852215102623,0.02545458614147225,0.02304620103179259,0.01207507478641952,0.01734206723922783,0.024670980058137806,0.019198614625044734,0.023889379488417052,0.01978552545992016,0.026515496478357777,0.021789733385332806,0.019764937781170028,0.014370292080204109,0.026277465350451692,0.01947904577349782,0.028108133499003676,0.024783749384520284,0.023343892392107102,0.0,0.02046299412066594,0.025582957983494546,0.019890395787761965,0.0159206487177531,0.02495887627505028,0.02416981913036844,0.0,0.026645527861451537,0.02382404325777204,0.021039552462349693,0.01921697591060088,0.020380396972304347,0.022057695328778326,0.002450107885464939,0.02415706590145344,0.0204409152019779,0.03007887061285448,0.025609484726509153,0.025403706359181256
Stendhal Syndrome,0.017999968311960726,0.019536807220282,0.023595383607573853,0.01776290922609298,0.025837250364649157,0.02210868555970289,0.01964914789088063,0.031182017732821123,0.024780035526045924,0.023293863342405616,0.014417994619433798,0.03109228535143684,0.024035711035285037,0.01136930493139438,0.017708854335695072,0.02662191484337298,0.020357352460892444,0.026017686979601842,0.015193393963509617,0.0269916211448653,0.021682464019307686,0.014305757055935396,0.011356584055360807,0.028575534887021893,0.01891889424112029,0.029631599317587184,0.0256221754427195,0.021300199183695964,0.0,0.0176752091025537,0.022588739533888534,0.022734863372772755,0.019772217485278135,0.025481827650754154,0.022018140279821526,0.0018036516655261607,0.026652782671579847,0.023184745182026973,0.018844493679293882,0.01352804651046604,0.021801202560254154,0.017093958280185288,0.007654986722605622,0.022672649672331815,0.017202932935074616,0.029136476111328333,0.034221395097418346,0.024986284801967705
Wendigo Psychosis,0.01568529383494797,0.02313115900224387,0.02633956086715954,0.020081052799779016,0.03279298795751789,0.028951980643673207,0.0087542969996327,0.02508582425546438,0.015063670255215527,0.02884730712743707,0.021340582482425603,0.027046061309367035,0.018402292325985555,0.018395597089463023,0.017909113344684927,0.02587922424233031,0.020756266151137306,0.018145951284994882,0.02107114920806521,0.027080518675940916,0.01726214555351521,0.01716175437717443,0.005200698569480974,0.02711551632910336,0.013225533220510939,0.030416972929504668,0.021719164259071673,0.021750169254253174,0.0,0.019774690678591264,0.027636618325291958,0.02457976995533295,0.016859342621978583,0.02236446570314534,0.024634890860118244,0.0,0.03169861089609088,0.025681584388687253,0.025269607012929785,0.016189036791003402,0.021288514143623868,0.020621517660823745,0.0,0.022983382720489096,0.016729658344559795,0.029219370780903177,0.025260344923623043,0.03459674980813049
